2025-11-29 14:28:49,661 - INFO - 第0局
2025-11-29 14:28:52,156 - INFO - 2赢了
2025-11-29 14:28:52,156 - INFO - 第1局
2025-11-29 14:28:55,506 - INFO - 2赢了
2025-11-29 14:28:55,506 - INFO - 第2局
2025-11-29 14:28:58,127 - INFO - 2赢了
2025-11-29 14:28:58,127 - INFO - 第3局
2025-11-29 14:29:00,318 - INFO - 2赢了
2025-11-29 14:29:00,319 - INFO - 第4局
2025-11-29 14:29:04,709 - INFO - 2赢了
2025-11-29 14:29:04,709 - INFO - 第5局
2025-11-29 14:29:08,791 - INFO - 1赢了
2025-11-29 14:29:08,791 - INFO - 第6局
2025-11-29 14:29:13,126 - INFO - 1赢了
2025-11-29 14:29:13,126 - INFO - 第7局
2025-11-29 14:29:17,775 - INFO - 1赢了
2025-11-29 14:29:17,775 - INFO - 第8局
2025-11-29 14:29:20,406 - INFO - 1赢了
2025-11-29 14:29:20,407 - INFO - 第9局
2025-11-29 14:29:25,711 - INFO - 1赢了
2025-11-29 14:29:25,711 - INFO - 第10局
2025-11-29 14:29:30,351 - INFO - 2赢了
2025-11-29 14:29:30,501 - INFO - Epoch: 0, Loss: 3.0771, Policy: 2.8548, Value: 0.5558
2025-11-29 14:29:30,942 - INFO - Epoch: 100, Loss: 1.4655, Policy: 1.4521, Value: 0.0336
2025-11-29 14:29:31,386 - INFO - Epoch: 200, Loss: 1.2941, Policy: 1.2867, Value: 0.0184
2025-11-29 14:29:31,817 - INFO - Epoch: 300, Loss: 1.2809, Policy: 1.2761, Value: 0.0119
2025-11-29 14:29:32,181 - INFO - Epoch: 400, Loss: 1.3157, Policy: 1.3087, Value: 0.0173
2025-11-29 14:29:32,581 - INFO - Epoch: 500, Loss: 1.2497, Policy: 1.2465, Value: 0.0082
2025-11-29 14:29:32,998 - INFO - Epoch: 600, Loss: 1.2686, Policy: 1.2643, Value: 0.0108
2025-11-29 14:29:33,419 - INFO - Epoch: 700, Loss: 1.2605, Policy: 1.2569, Value: 0.0090
2025-11-29 14:29:33,817 - INFO - Epoch: 800, Loss: 1.2277, Policy: 1.2251, Value: 0.0064
2025-11-29 14:29:33,821 - INFO - 训练结束，最新模型已保存到 model.pth
2025-11-29 14:29:33,822 - INFO - 第11局
2025-11-29 14:29:37,741 - INFO - 1赢了
2025-11-29 14:29:37,741 - INFO - 第12局
2025-11-29 14:29:39,943 - INFO - 1赢了
2025-11-29 14:29:39,943 - INFO - 第13局
2025-11-29 14:29:43,382 - INFO - 2赢了
2025-11-29 14:29:43,382 - INFO - 第14局
2025-11-29 14:29:45,176 - INFO - 2赢了
2025-11-29 14:29:45,176 - INFO - 第15局
2025-11-29 14:29:47,727 - INFO - 2赢了
2025-11-29 14:29:47,727 - INFO - 第16局
2025-11-29 14:29:52,154 - INFO - 1赢了
2025-11-29 14:29:52,154 - INFO - 第17局
2025-11-29 14:29:56,027 - INFO - 1赢了
2025-11-29 14:29:56,027 - INFO - 第18局
2025-11-29 14:30:00,578 - INFO - 1赢了
2025-11-29 14:30:00,578 - INFO - 第19局
2025-11-29 14:30:04,853 - INFO - 1赢了
2025-11-29 14:30:04,854 - INFO - 第20局
2025-11-29 14:30:06,771 - INFO - 2赢了
2025-11-29 14:30:06,786 - INFO - Epoch: 0, Loss: 2.0119, Policy: 1.9045, Value: 0.2686
2025-11-29 14:30:07,233 - INFO - Epoch: 100, Loss: 1.3034, Policy: 1.2896, Value: 0.0343
2025-11-29 14:30:07,639 - INFO - Epoch: 200, Loss: 1.3283, Policy: 1.3156, Value: 0.0317
2025-11-29 14:30:08,075 - INFO - Epoch: 300, Loss: 1.2981, Policy: 1.2862, Value: 0.0297
2025-11-29 14:30:08,488 - INFO - Epoch: 400, Loss: 1.2737, Policy: 1.2603, Value: 0.0335
2025-11-29 14:30:08,913 - INFO - Epoch: 500, Loss: 1.2624, Policy: 1.2494, Value: 0.0325
2025-11-29 14:30:09,395 - INFO - Epoch: 600, Loss: 1.2872, Policy: 1.2735, Value: 0.0343
2025-11-29 14:30:09,838 - INFO - Epoch: 700, Loss: 1.2783, Policy: 1.2660, Value: 0.0308
2025-11-29 14:30:10,284 - INFO - Epoch: 800, Loss: 1.2420, Policy: 1.2306, Value: 0.0284
2025-11-29 14:30:10,288 - INFO - 训练结束，最新模型已保存到 model.pth
2025-11-29 14:30:10,289 - INFO - 第21局
2025-11-29 14:30:12,180 - INFO - 2赢了
2025-11-29 14:30:12,180 - INFO - 第22局
2025-11-29 14:30:13,575 - INFO - 2赢了
2025-11-29 14:30:13,575 - INFO - 第23局
2025-11-29 14:30:17,221 - INFO - 1赢了
2025-11-29 14:30:17,221 - INFO - 第24局
2025-11-29 14:30:19,760 - INFO - 2赢了
2025-11-29 14:30:19,760 - INFO - 第25局
2025-11-29 14:30:21,690 - INFO - 1赢了
2025-11-29 14:30:21,691 - INFO - 第26局
2025-11-29 14:30:23,695 - INFO - 2赢了
2025-11-29 14:30:23,695 - INFO - 第27局
2025-11-29 14:30:25,758 - INFO - 1赢了
2025-11-29 14:30:25,758 - INFO - 第28局
2025-11-29 14:30:27,207 - INFO - 2赢了
2025-11-29 14:30:27,207 - INFO - 第29局
2025-11-29 14:30:30,155 - INFO - 1赢了
2025-11-29 14:30:30,156 - INFO - 第30局
2025-11-29 14:30:31,609 - INFO - 2赢了
2025-11-29 14:30:31,618 - INFO - Epoch: 0, Loss: 1.4739, Policy: 1.3884, Value: 0.2136
2025-11-29 14:30:32,175 - INFO - Epoch: 100, Loss: 1.3540, Policy: 1.3248, Value: 0.0731
2025-11-29 14:30:32,674 - INFO - Epoch: 200, Loss: 1.2823, Policy: 1.2575, Value: 0.0622
2025-11-29 14:30:33,156 - INFO - Epoch: 300, Loss: 1.2570, Policy: 1.2352, Value: 0.0546
2025-11-29 14:30:33,617 - INFO - Epoch: 400, Loss: 1.2567, Policy: 1.2326, Value: 0.0604
2025-11-29 14:30:34,138 - INFO - Epoch: 500, Loss: 1.2972, Policy: 1.2708, Value: 0.0661
2025-11-29 14:30:34,594 - INFO - Epoch: 600, Loss: 1.2381, Policy: 1.2164, Value: 0.0542
2025-11-29 14:30:35,046 - INFO - Epoch: 700, Loss: 1.2922, Policy: 1.2724, Value: 0.0496
2025-11-29 14:30:35,500 - INFO - Epoch: 800, Loss: 1.2822, Policy: 1.2646, Value: 0.0439
2025-11-29 14:30:35,504 - INFO - 训练结束，最新模型已保存到 model.pth
2025-11-29 14:30:35,505 - INFO - 第31局
2025-11-29 14:30:37,152 - INFO - 1赢了
2025-11-29 14:30:37,152 - INFO - 第32局
2025-11-29 14:30:38,445 - INFO - 2赢了
2025-11-29 14:30:38,445 - INFO - 第33局
2025-11-29 14:30:40,341 - INFO - 2赢了
2025-11-29 14:30:40,341 - INFO - 第34局
2025-11-29 14:30:42,321 - INFO - 1赢了
2025-11-29 14:30:42,321 - INFO - 第35局
2025-11-29 14:30:44,619 - INFO - 2赢了
2025-11-29 14:30:44,619 - INFO - 第36局
2025-11-29 14:30:45,519 - INFO - 1赢了
2025-11-29 14:30:45,519 - INFO - 第37局
2025-11-29 14:30:47,985 - INFO - 1赢了
2025-11-29 14:30:47,985 - INFO - 第38局
2025-11-29 14:30:49,267 - INFO - 2赢了
2025-11-29 14:30:49,267 - INFO - 第39局
2025-11-29 14:30:51,146 - INFO - 2赢了
2025-11-29 14:30:51,146 - INFO - 第40局
2025-11-29 14:30:52,712 - INFO - 2赢了
2025-11-29 14:30:52,720 - INFO - Epoch: 0, Loss: 1.4205, Policy: 1.3795, Value: 0.1026
2025-11-29 14:30:53,213 - INFO - Epoch: 100, Loss: 1.3037, Policy: 1.2631, Value: 0.1015
2025-11-29 14:30:53,675 - INFO - Epoch: 200, Loss: 1.3797, Policy: 1.3477, Value: 0.0800
2025-11-29 14:30:54,112 - INFO - Epoch: 300, Loss: 1.3575, Policy: 1.3344, Value: 0.0579
2025-11-29 14:30:54,567 - INFO - Epoch: 400, Loss: 1.3368, Policy: 1.3106, Value: 0.0654
2025-11-29 14:30:55,016 - INFO - Epoch: 500, Loss: 1.4087, Policy: 1.3763, Value: 0.0810
2025-11-29 14:30:55,482 - INFO - Epoch: 600, Loss: 1.3013, Policy: 1.2730, Value: 0.0708
2025-11-29 14:30:55,965 - INFO - Epoch: 700, Loss: 1.3049, Policy: 1.2803, Value: 0.0616
2025-11-29 14:30:56,440 - INFO - Epoch: 800, Loss: 1.3030, Policy: 1.2800, Value: 0.0575
2025-11-29 14:30:56,444 - INFO - 训练结束，最新模型已保存到 model.pth
2025-11-29 14:30:56,445 - INFO - 第41局
2025-11-29 14:30:58,501 - INFO - 2赢了
2025-11-29 14:30:58,501 - INFO - 第42局
2025-11-29 14:30:59,911 - INFO - 1赢了
2025-11-29 14:30:59,911 - INFO - 第43局
2025-11-29 14:31:03,572 - INFO - 1赢了
2025-11-29 14:31:03,572 - INFO - 第44局
2025-11-29 14:31:05,715 - INFO - 2赢了
2025-11-29 14:31:05,715 - INFO - 第45局
2025-11-29 14:31:07,844 - INFO - 2赢了
2025-11-29 14:31:07,844 - INFO - 第46局
2025-11-29 14:31:08,892 - INFO - 1赢了
2025-11-29 14:31:08,892 - INFO - 第47局
2025-11-29 14:31:10,944 - INFO - 2赢了
2025-11-29 14:31:10,944 - INFO - 第48局
2025-11-29 14:31:12,743 - INFO - 2赢了
2025-11-29 14:31:12,743 - INFO - 第49局
2025-11-29 14:31:14,613 - INFO - 2赢了
2025-11-29 14:31:14,613 - INFO - 第50局
2025-11-29 14:31:16,652 - INFO - 2赢了
2025-11-29 14:31:16,662 - INFO - Epoch: 0, Loss: 1.4585, Policy: 1.4155, Value: 0.1075
2025-11-29 14:31:17,156 - INFO - Epoch: 100, Loss: 1.3807, Policy: 1.3452, Value: 0.0886
2025-11-29 14:31:17,618 - INFO - Epoch: 200, Loss: 1.1805, Policy: 1.1430, Value: 0.0939
2025-11-29 14:31:18,067 - INFO - Epoch: 300, Loss: 1.3056, Policy: 1.2648, Value: 0.1020
2025-11-29 14:31:18,524 - INFO - Epoch: 400, Loss: 1.3312, Policy: 1.2943, Value: 0.0921
2025-11-29 14:31:18,962 - INFO - Epoch: 500, Loss: 1.3505, Policy: 1.3189, Value: 0.0792
2025-11-29 14:31:19,390 - INFO - Epoch: 600, Loss: 1.2496, Policy: 1.2129, Value: 0.0917
2025-11-29 14:31:19,818 - INFO - Epoch: 700, Loss: 1.3622, Policy: 1.3364, Value: 0.0646
2025-11-29 14:31:20,243 - INFO - Epoch: 800, Loss: 1.3151, Policy: 1.2909, Value: 0.0604
2025-11-29 14:31:20,246 - INFO - 训练结束，最新模型已保存到 model.pth
2025-11-29 14:31:20,247 - INFO - 第51局
2025-11-29 14:31:21,537 - INFO - 2赢了
2025-11-29 14:31:21,537 - INFO - 第52局
2025-11-29 14:31:22,966 - INFO - 1赢了
2025-11-29 14:31:22,966 - INFO - 第53局
2025-11-29 14:31:23,688 - INFO - 2赢了
2025-11-29 14:31:23,688 - INFO - 第54局
2025-11-29 14:31:25,100 - INFO - 1赢了
2025-11-29 14:31:25,101 - INFO - 第55局
2025-11-29 14:31:26,028 - INFO - 1赢了
2025-11-29 14:31:26,028 - INFO - 第56局
2025-11-29 14:31:28,124 - INFO - 1赢了
2025-11-29 14:31:28,124 - INFO - 第57局
2025-11-29 14:31:29,996 - INFO - 2赢了
2025-11-29 14:31:29,996 - INFO - 第58局
2025-11-29 14:31:31,746 - INFO - 2赢了
2025-11-29 14:31:31,746 - INFO - 第59局
2025-11-29 14:31:33,345 - INFO - 1赢了
2025-11-29 14:31:33,345 - INFO - 第60局
2025-11-29 14:31:34,916 - INFO - 1赢了
2025-11-29 14:31:34,925 - INFO - Epoch: 0, Loss: 1.3581, Policy: 1.3123, Value: 0.1145
2025-11-29 14:31:35,461 - INFO - Epoch: 100, Loss: 1.3680, Policy: 1.3267, Value: 0.1031
2025-11-29 14:31:35,924 - INFO - Epoch: 200, Loss: 1.1594, Policy: 1.1374, Value: 0.0550
2025-11-29 14:31:36,385 - INFO - Epoch: 300, Loss: 1.3376, Policy: 1.3069, Value: 0.0767
2025-11-29 14:31:36,832 - INFO - Epoch: 400, Loss: 1.2891, Policy: 1.2560, Value: 0.0829
2025-11-29 14:31:37,280 - INFO - Epoch: 500, Loss: 1.3468, Policy: 1.3201, Value: 0.0668
2025-11-29 14:31:37,729 - INFO - Epoch: 600, Loss: 1.3015, Policy: 1.2711, Value: 0.0759
2025-11-29 14:31:38,189 - INFO - Epoch: 700, Loss: 1.3373, Policy: 1.3070, Value: 0.0757
2025-11-29 14:31:38,651 - INFO - Epoch: 800, Loss: 1.3560, Policy: 1.3207, Value: 0.0881
2025-11-29 14:31:38,655 - INFO - 训练结束，最新模型已保存到 model.pth
2025-11-29 14:31:38,656 - INFO - 第61局
2025-11-29 14:31:40,342 - INFO - 1赢了
2025-11-29 14:31:40,343 - INFO - 第62局
2025-11-29 14:31:43,673 - INFO - 2赢了
2025-11-29 14:31:43,673 - INFO - 第63局
2025-11-29 14:31:44,966 - INFO - 2赢了
2025-11-29 14:31:44,967 - INFO - 第64局
2025-11-29 14:31:46,651 - INFO - 2赢了
2025-11-29 14:31:46,651 - INFO - 第65局
2025-11-29 14:31:48,402 - INFO - 2赢了
2025-11-29 14:31:48,402 - INFO - 第66局
2025-11-29 14:31:51,380 - INFO - 1赢了
2025-11-29 14:31:51,380 - INFO - 第67局
2025-11-29 14:31:53,192 - INFO - 1赢了
2025-11-29 14:31:53,192 - INFO - 第68局
2025-11-29 14:31:55,344 - INFO - 1赢了
2025-11-29 14:31:55,344 - INFO - 第69局
2025-11-29 14:31:56,484 - INFO - 2赢了
2025-11-29 14:31:56,484 - INFO - 第70局
2025-11-29 14:31:58,164 - INFO - 1赢了
2025-11-29 14:31:58,172 - INFO - Epoch: 0, Loss: 1.3865, Policy: 1.3269, Value: 0.1490
2025-11-29 14:31:58,623 - INFO - Epoch: 100, Loss: 1.2713, Policy: 1.2216, Value: 0.1243
2025-11-29 14:31:59,068 - INFO - Epoch: 200, Loss: 1.2383, Policy: 1.2108, Value: 0.0688
2025-11-29 14:31:59,488 - INFO - Epoch: 300, Loss: 1.1018, Policy: 1.0738, Value: 0.0700
2025-11-29 14:31:59,912 - INFO - Epoch: 400, Loss: 1.1217, Policy: 1.0947, Value: 0.0674
2025-11-29 14:32:00,344 - INFO - Epoch: 500, Loss: 1.2677, Policy: 1.2310, Value: 0.0917
2025-11-29 14:32:00,756 - INFO - Epoch: 600, Loss: 1.2130, Policy: 1.1806, Value: 0.0811
2025-11-29 14:32:01,180 - INFO - Epoch: 700, Loss: 1.2296, Policy: 1.2072, Value: 0.0561
2025-11-29 14:32:01,623 - INFO - Epoch: 800, Loss: 1.2986, Policy: 1.2707, Value: 0.0697
2025-11-29 14:32:01,626 - INFO - 训练结束，最新模型已保存到 model.pth
2025-11-29 14:32:01,627 - INFO - 第71局
2025-11-29 14:32:02,864 - INFO - 1赢了
2025-11-29 14:32:02,864 - INFO - 第72局
2025-11-29 14:32:04,183 - INFO - 1赢了
2025-11-29 14:32:04,183 - INFO - 第73局
2025-11-29 14:32:05,804 - INFO - 2赢了
2025-11-29 14:32:05,804 - INFO - 第74局
2025-11-29 14:32:07,464 - INFO - 2赢了
2025-11-29 14:32:07,464 - INFO - 第75局
2025-11-29 14:32:08,837 - INFO - 1赢了
2025-11-29 14:32:08,837 - INFO - 第76局
2025-11-29 14:32:10,225 - INFO - 1赢了
2025-11-29 14:32:10,225 - INFO - 第77局
2025-11-29 14:32:11,556 - INFO - 1赢了
2025-11-29 14:32:11,557 - INFO - 第78局
2025-11-29 14:32:12,923 - INFO - 1赢了
2025-11-29 14:32:12,924 - INFO - 第79局
2025-11-29 14:32:13,673 - INFO - 1赢了
2025-11-29 14:32:13,673 - INFO - 第80局
2025-11-29 14:32:14,378 - INFO - 2赢了
2025-11-29 14:32:14,389 - INFO - Epoch: 0, Loss: 1.3581, Policy: 1.2970, Value: 0.1528
2025-11-29 14:32:14,912 - INFO - Epoch: 100, Loss: 1.4156, Policy: 1.3753, Value: 0.1008
2025-11-29 14:32:15,424 - INFO - Epoch: 200, Loss: 1.1881, Policy: 1.1596, Value: 0.0713
2025-11-29 14:32:15,883 - INFO - Epoch: 300, Loss: 1.2311, Policy: 1.2041, Value: 0.0676
2025-11-29 14:32:16,341 - INFO - Epoch: 400, Loss: 1.2562, Policy: 1.2073, Value: 0.1221
2025-11-29 14:32:16,796 - INFO - Epoch: 500, Loss: 1.1740, Policy: 1.1439, Value: 0.0753
2025-11-29 14:32:17,253 - INFO - Epoch: 600, Loss: 1.2062, Policy: 1.1707, Value: 0.0888
2025-11-29 14:32:17,762 - INFO - Epoch: 700, Loss: 1.2128, Policy: 1.1809, Value: 0.0797
2025-11-29 14:32:18,223 - INFO - Epoch: 800, Loss: 1.3097, Policy: 1.2809, Value: 0.0719
2025-11-29 14:32:18,226 - INFO - 训练结束，最新模型已保存到 model.pth
2025-11-29 14:32:18,227 - INFO - 第81局
2025-11-29 14:32:19,468 - INFO - 1赢了
2025-11-29 14:32:19,468 - INFO - 第82局
2025-11-29 14:32:21,227 - INFO - 2赢了
2025-11-29 14:32:21,227 - INFO - 第83局
2025-11-29 14:32:23,778 - INFO - 2赢了
2025-11-29 14:32:23,778 - INFO - 第84局
2025-11-29 14:32:25,545 - INFO - 2赢了
2025-11-29 14:32:25,545 - INFO - 第85局
2025-11-29 14:32:27,230 - INFO - 2赢了
2025-11-29 14:32:27,230 - INFO - 第86局
2025-11-29 14:32:28,972 - INFO - 2赢了
2025-11-29 14:32:28,972 - INFO - 第87局
2025-11-29 14:32:30,073 - INFO - 1赢了
2025-11-29 14:32:30,074 - INFO - 第88局
2025-11-29 14:32:31,155 - INFO - 2赢了
2025-11-29 14:32:31,155 - INFO - 第89局
2025-11-29 14:32:32,843 - INFO - 2赢了
2025-11-29 14:32:32,843 - INFO - 第90局
2025-11-29 14:32:34,317 - INFO - 1赢了
2025-11-29 14:32:34,331 - INFO - Epoch: 0, Loss: 1.2935, Policy: 1.2591, Value: 0.0862
2025-11-29 14:32:34,802 - INFO - Epoch: 100, Loss: 1.2276, Policy: 1.1960, Value: 0.0789
2025-11-29 14:32:35,264 - INFO - Epoch: 200, Loss: 1.2268, Policy: 1.1892, Value: 0.0938
2025-11-29 14:32:35,726 - INFO - Epoch: 300, Loss: 1.4042, Policy: 1.3670, Value: 0.0929
2025-11-29 14:32:36,189 - INFO - Epoch: 400, Loss: 1.3073, Policy: 1.2794, Value: 0.0699
2025-11-29 14:32:36,629 - INFO - Epoch: 500, Loss: 1.2231, Policy: 1.1963, Value: 0.0670
2025-11-29 14:32:37,092 - INFO - Epoch: 600, Loss: 1.1607, Policy: 1.1303, Value: 0.0759
2025-11-29 14:32:37,557 - INFO - Epoch: 700, Loss: 1.2301, Policy: 1.2048, Value: 0.0635
2025-11-29 14:32:37,993 - INFO - Epoch: 800, Loss: 1.3075, Policy: 1.2680, Value: 0.0988
2025-11-29 14:32:37,996 - INFO - 训练结束，最新模型已保存到 model.pth
2025-11-29 14:32:37,997 - INFO - 第91局
2025-11-29 14:32:38,833 - INFO - 2赢了
2025-11-29 14:32:38,833 - INFO - 第92局
2025-11-29 14:32:40,158 - INFO - 1赢了
2025-11-29 14:32:40,158 - INFO - 第93局
2025-11-29 14:32:42,220 - INFO - 2赢了
2025-11-29 14:32:42,220 - INFO - 第94局
2025-11-29 14:32:43,573 - INFO - 1赢了
2025-11-29 14:32:43,573 - INFO - 第95局
2025-11-29 14:32:44,959 - INFO - 1赢了
2025-11-29 14:32:44,960 - INFO - 第96局
2025-11-29 14:32:46,764 - INFO - 2赢了
2025-11-29 14:32:46,765 - INFO - 第97局
2025-11-29 14:32:47,829 - INFO - 2赢了
2025-11-29 14:32:47,829 - INFO - 第98局
2025-11-29 14:32:49,136 - INFO - 1赢了
2025-11-29 14:32:49,136 - INFO - 第99局
2025-11-29 14:32:50,584 - INFO - 2赢了
2025-11-29 14:32:50,584 - INFO - 第100局
2025-11-29 14:32:51,942 - INFO - 2赢了
2025-11-29 14:32:51,952 - INFO - Epoch: 0, Loss: 1.2276, Policy: 1.1962, Value: 0.0787
2025-11-29 14:32:52,405 - INFO - Epoch: 100, Loss: 1.3053, Policy: 1.2698, Value: 0.0886
2025-11-29 14:32:52,854 - INFO - Epoch: 200, Loss: 1.2382, Policy: 1.2149, Value: 0.0582
2025-11-29 14:32:53,295 - INFO - Epoch: 300, Loss: 1.3435, Policy: 1.3049, Value: 0.0964
2025-11-29 14:32:53,744 - INFO - Epoch: 400, Loss: 1.2061, Policy: 1.1734, Value: 0.0818
2025-11-29 14:32:54,189 - INFO - Epoch: 500, Loss: 1.1967, Policy: 1.1626, Value: 0.0852
2025-11-29 14:32:54,675 - INFO - Epoch: 600, Loss: 1.2099, Policy: 1.1805, Value: 0.0737
2025-11-29 14:32:55,112 - INFO - Epoch: 700, Loss: 1.2307, Policy: 1.1991, Value: 0.0789
2025-11-29 14:32:56,186 - INFO - Epoch: 800, Loss: 1.2795, Policy: 1.2536, Value: 0.0647
2025-11-29 14:32:56,190 - INFO - 训练结束，最新模型已保存到 model.pth
2025-11-29 14:32:56,191 - INFO - 第101局
2025-11-29 14:32:57,536 - INFO - 2赢了
2025-11-29 14:32:57,536 - INFO - 第102局
2025-11-29 14:32:58,921 - INFO - 1赢了
2025-11-29 14:32:58,921 - INFO - 第103局
2025-11-29 14:32:59,720 - INFO - 2赢了
2025-11-29 14:32:59,720 - INFO - 第104局
2025-11-29 14:33:01,293 - INFO - 2赢了
2025-11-29 14:33:01,293 - INFO - 第105局
2025-11-29 14:33:02,738 - INFO - 1赢了
2025-11-29 14:33:02,738 - INFO - 第106局
2025-11-29 14:33:04,398 - INFO - 1赢了
2025-11-29 14:33:04,398 - INFO - 第107局
2025-11-29 14:33:07,241 - INFO - 2赢了
2025-11-29 14:33:07,241 - INFO - 第108局
2025-11-29 14:33:08,343 - INFO - 2赢了
2025-11-29 14:33:08,343 - INFO - 第109局
2025-11-29 14:33:09,925 - INFO - 2赢了
2025-11-29 14:33:09,925 - INFO - 第110局
2025-11-29 14:33:11,477 - INFO - 2赢了
2025-11-29 14:33:11,486 - INFO - Epoch: 0, Loss: 1.1647, Policy: 1.1432, Value: 0.0540
2025-11-29 14:33:11,974 - INFO - Epoch: 100, Loss: 1.2783, Policy: 1.2166, Value: 0.1544
2025-11-29 14:33:12,411 - INFO - Epoch: 200, Loss: 1.3322, Policy: 1.3031, Value: 0.0728
2025-11-29 14:33:12,854 - INFO - Epoch: 300, Loss: 1.2437, Policy: 1.2107, Value: 0.0823
2025-11-29 14:33:13,312 - INFO - Epoch: 400, Loss: 1.2873, Policy: 1.2522, Value: 0.0880
2025-11-29 14:33:13,744 - INFO - Epoch: 500, Loss: 1.3084, Policy: 1.2747, Value: 0.0843
2025-11-29 14:33:14,179 - INFO - Epoch: 600, Loss: 1.3073, Policy: 1.2707, Value: 0.0916
2025-11-29 14:33:14,605 - INFO - Epoch: 700, Loss: 1.3322, Policy: 1.3041, Value: 0.0702
2025-11-29 14:33:15,062 - INFO - Epoch: 800, Loss: 1.1948, Policy: 1.1684, Value: 0.0659
2025-11-29 14:33:15,066 - INFO - 训练结束，最新模型已保存到 model.pth
2025-11-29 14:33:15,067 - INFO - 第111局
2025-11-29 14:33:16,647 - INFO - 2赢了
2025-11-29 14:33:16,647 - INFO - 第112局
2025-11-29 14:33:18,397 - INFO - 1赢了
2025-11-29 14:33:18,397 - INFO - 第113局
2025-11-29 14:33:20,148 - INFO - 2赢了
2025-11-29 14:33:20,148 - INFO - 第114局
2025-11-29 14:33:21,766 - INFO - 2赢了
2025-11-29 14:33:21,766 - INFO - 第115局
2025-11-29 14:33:23,399 - INFO - 2赢了
2025-11-29 14:33:23,399 - INFO - 第116局
2025-11-29 14:33:24,390 - INFO - 2赢了
2025-11-29 14:33:24,391 - INFO - 第117局
2025-11-29 14:33:26,104 - INFO - 2赢了
2025-11-29 14:33:26,104 - INFO - 第118局
2025-11-29 14:33:27,368 - INFO - 2赢了
2025-11-29 14:33:27,368 - INFO - 第119局
2025-11-29 14:33:29,848 - INFO - 2赢了
2025-11-29 14:33:29,848 - INFO - 第120局
2025-11-29 14:33:31,623 - INFO - 2赢了
2025-11-29 14:33:31,633 - INFO - Epoch: 0, Loss: 1.3293, Policy: 1.2838, Value: 0.1138
2025-11-29 14:33:32,136 - INFO - Epoch: 100, Loss: 1.3195, Policy: 1.2673, Value: 0.1306
2025-11-29 14:33:32,590 - INFO - Epoch: 200, Loss: 1.1980, Policy: 1.1611, Value: 0.0923
2025-11-29 14:33:33,036 - INFO - Epoch: 300, Loss: 1.2647, Policy: 1.2363, Value: 0.0710
2025-11-29 14:33:33,497 - INFO - Epoch: 400, Loss: 1.3701, Policy: 1.3386, Value: 0.0789
2025-11-29 14:33:33,950 - INFO - Epoch: 500, Loss: 1.2782, Policy: 1.2466, Value: 0.0790
2025-11-29 14:33:34,399 - INFO - Epoch: 600, Loss: 1.2500, Policy: 1.2184, Value: 0.0792
2025-11-29 14:33:34,863 - INFO - Epoch: 700, Loss: 1.2100, Policy: 1.1855, Value: 0.0612
2025-11-29 14:33:35,296 - INFO - Epoch: 800, Loss: 1.2529, Policy: 1.2180, Value: 0.0873
2025-11-29 14:33:35,299 - INFO - 训练结束，最新模型已保存到 model.pth
2025-11-29 14:33:35,300 - INFO - 第121局
2025-11-29 14:33:36,550 - INFO - 1赢了
2025-11-29 14:33:36,551 - INFO - 第122局
2025-11-29 14:33:37,932 - INFO - 1赢了
2025-11-29 14:33:37,932 - INFO - 第123局
2025-11-29 14:33:38,922 - INFO - 2赢了
2025-11-29 14:33:38,922 - INFO - 第124局
2025-11-29 14:33:40,939 - INFO - 2赢了
2025-11-29 14:33:40,939 - INFO - 第125局
2025-11-29 14:33:42,738 - INFO - 1赢了
2025-11-29 14:33:42,738 - INFO - 第126局
2025-11-29 14:33:44,302 - INFO - 2赢了
2025-11-29 14:33:44,302 - INFO - 第127局
2025-11-29 14:33:46,329 - INFO - 1赢了
2025-11-29 14:33:46,329 - INFO - 第128局
2025-11-29 14:33:47,895 - INFO - 2赢了
2025-11-29 14:33:47,895 - INFO - 第129局
2025-11-29 14:33:49,865 - INFO - 2赢了
2025-11-29 14:33:49,866 - INFO - 第130局
2025-11-29 14:33:51,812 - INFO - 2赢了
2025-11-29 14:33:51,820 - INFO - Epoch: 0, Loss: 1.3184, Policy: 1.2904, Value: 0.0702
2025-11-29 14:33:52,345 - INFO - Epoch: 100, Loss: 1.2093, Policy: 1.1787, Value: 0.0766
2025-11-29 14:33:52,806 - INFO - Epoch: 200, Loss: 1.1577, Policy: 1.1289, Value: 0.0719
2025-11-29 14:33:53,240 - INFO - Epoch: 300, Loss: 1.3774, Policy: 1.3444, Value: 0.0827
2025-11-29 14:33:53,696 - INFO - Epoch: 400, Loss: 1.2385, Policy: 1.2133, Value: 0.0631
2025-11-29 14:33:54,147 - INFO - Epoch: 500, Loss: 1.3184, Policy: 1.2886, Value: 0.0744
2025-11-29 14:33:54,591 - INFO - Epoch: 600, Loss: 1.2338, Policy: 1.2028, Value: 0.0776
2025-11-29 14:33:55,038 - INFO - Epoch: 700, Loss: 1.2911, Policy: 1.2615, Value: 0.0742
2025-11-29 14:33:55,476 - INFO - Epoch: 800, Loss: 1.3718, Policy: 1.3370, Value: 0.0868
2025-11-29 14:33:55,480 - INFO - 训练结束，最新模型已保存到 model.pth
2025-11-29 14:33:55,481 - INFO - 第131局
2025-11-29 14:33:56,698 - INFO - 1赢了
2025-11-29 14:33:56,698 - INFO - 第132局
2025-11-29 14:33:58,398 - INFO - 2赢了
2025-11-29 14:33:58,398 - INFO - 第133局
2025-11-29 14:34:00,138 - INFO - 2赢了
2025-11-29 14:34:00,138 - INFO - 第134局
2025-11-29 14:34:02,651 - INFO - 1赢了
2025-11-29 14:34:02,651 - INFO - 第135局
2025-11-29 14:34:04,272 - INFO - 2赢了
2025-11-29 14:34:04,272 - INFO - 第136局
2025-11-29 14:34:05,570 - INFO - 2赢了
2025-11-29 14:34:05,570 - INFO - 第137局
2025-11-29 14:34:07,287 - INFO - 2赢了
2025-11-29 14:34:07,287 - INFO - 第138局
2025-11-29 14:34:09,294 - INFO - 2赢了
2025-11-29 14:34:09,295 - INFO - 第139局
2025-11-29 14:34:10,970 - INFO - 2赢了
2025-11-29 14:34:10,970 - INFO - 第140局
2025-11-29 14:34:12,419 - INFO - 1赢了
2025-11-29 14:34:12,429 - INFO - Epoch: 0, Loss: 1.2224, Policy: 1.1843, Value: 0.0952
2025-11-29 14:34:12,942 - INFO - Epoch: 100, Loss: 1.1890, Policy: 1.1594, Value: 0.0742
2025-11-29 14:34:13,442 - INFO - Epoch: 200, Loss: 1.3523, Policy: 1.3197, Value: 0.0816
2025-11-29 14:34:13,950 - INFO - Epoch: 300, Loss: 1.3477, Policy: 1.3238, Value: 0.0598
2025-11-29 14:34:14,438 - INFO - Epoch: 400, Loss: 1.2754, Policy: 1.2426, Value: 0.0818
2025-11-29 14:34:14,938 - INFO - Epoch: 500, Loss: 1.2767, Policy: 1.2513, Value: 0.0636
2025-11-29 14:34:15,442 - INFO - Epoch: 600, Loss: 1.2133, Policy: 1.1839, Value: 0.0734
2025-11-29 14:34:15,918 - INFO - Epoch: 700, Loss: 1.1265, Policy: 1.1074, Value: 0.0479
2025-11-29 14:34:16,398 - INFO - Epoch: 800, Loss: 1.3170, Policy: 1.2828, Value: 0.0854
2025-11-29 14:34:16,402 - INFO - 训练结束，最新模型已保存到 model.pth
2025-11-29 14:34:16,403 - INFO - 第141局
2025-11-29 14:34:18,210 - INFO - 2赢了
2025-11-29 14:34:18,210 - INFO - 第142局
2025-11-29 14:34:19,953 - INFO - 2赢了
2025-11-29 14:34:19,953 - INFO - 第143局
2025-11-29 14:34:21,395 - INFO - 2赢了
2025-11-29 14:34:21,395 - INFO - 第144局
2025-11-29 14:34:23,205 - INFO - 2赢了
2025-11-29 14:34:23,205 - INFO - 第145局
2025-11-29 14:34:24,981 - INFO - 2赢了
2025-11-29 14:34:24,981 - INFO - 第146局
2025-11-29 14:34:26,737 - INFO - 1赢了
2025-11-29 14:34:26,737 - INFO - 第147局
2025-11-29 14:34:27,638 - INFO - 1赢了
2025-11-29 14:34:27,638 - INFO - 第148局
2025-11-29 14:34:29,524 - INFO - 2赢了
2025-11-29 14:34:29,524 - INFO - 第149局
2025-11-29 14:34:31,039 - INFO - 2赢了
2025-11-29 14:34:31,039 - INFO - 第150局
2025-11-29 14:34:32,140 - INFO - 2赢了
2025-11-29 14:34:32,153 - INFO - Epoch: 0, Loss: 1.1933, Policy: 1.1669, Value: 0.0660
2025-11-29 14:34:32,764 - INFO - Epoch: 100, Loss: 1.3067, Policy: 1.2773, Value: 0.0735
2025-11-29 14:34:33,261 - INFO - Epoch: 200, Loss: 1.2695, Policy: 1.2339, Value: 0.0889
2025-11-29 14:34:33,718 - INFO - Epoch: 300, Loss: 1.0534, Policy: 1.0288, Value: 0.0615
2025-11-29 14:34:34,144 - INFO - Epoch: 400, Loss: 1.2772, Policy: 1.2547, Value: 0.0561
2025-11-29 14:34:34,570 - INFO - Epoch: 500, Loss: 1.3261, Policy: 1.2943, Value: 0.0795
2025-11-29 14:34:35,917 - INFO - Epoch: 600, Loss: 1.1759, Policy: 1.1548, Value: 0.0529
2025-11-29 14:34:36,365 - INFO - Epoch: 700, Loss: 1.0597, Policy: 1.0291, Value: 0.0763
2025-11-29 14:34:36,813 - INFO - Epoch: 800, Loss: 1.1664, Policy: 1.1407, Value: 0.0643
2025-11-29 14:34:36,816 - INFO - 训练结束，最新模型已保存到 model.pth
2025-11-29 14:34:36,817 - INFO - 第151局
2025-11-29 14:34:38,340 - INFO - 2赢了
2025-11-29 14:34:38,340 - INFO - 第152局
2025-11-29 14:34:39,358 - INFO - 2赢了
2025-11-29 14:34:39,358 - INFO - 第153局
2025-11-29 14:34:40,875 - INFO - 2赢了
2025-11-29 14:34:40,875 - INFO - 第154局
2025-11-29 14:34:42,545 - INFO - 2赢了
2025-11-29 14:34:42,545 - INFO - 第155局
2025-11-29 14:34:44,216 - INFO - 2赢了
2025-11-29 14:34:44,216 - INFO - 第156局
2025-11-29 14:34:45,810 - INFO - 2赢了
2025-11-29 14:34:45,810 - INFO - 第157局
2025-11-29 14:34:47,559 - INFO - 2赢了
2025-11-29 14:34:47,559 - INFO - 第158局
2025-11-29 14:34:48,603 - INFO - 2赢了
2025-11-29 14:34:48,603 - INFO - 第159局
2025-11-29 14:34:50,239 - INFO - 2赢了
2025-11-29 14:34:50,239 - INFO - 第160局
2025-11-29 14:34:51,884 - INFO - 2赢了
2025-11-29 14:34:51,892 - INFO - Epoch: 0, Loss: 1.3227, Policy: 1.2943, Value: 0.0709
2025-11-29 14:34:52,395 - INFO - Epoch: 100, Loss: 1.2019, Policy: 1.1751, Value: 0.0671
2025-11-29 14:34:52,875 - INFO - Epoch: 200, Loss: 1.3635, Policy: 1.3303, Value: 0.0829
2025-11-29 14:34:53,310 - INFO - Epoch: 300, Loss: 1.2571, Policy: 1.2363, Value: 0.0522
2025-11-29 14:34:53,791 - INFO - Epoch: 400, Loss: 1.2242, Policy: 1.1979, Value: 0.0657
2025-11-29 14:34:54,240 - INFO - Epoch: 500, Loss: 1.2769, Policy: 1.2434, Value: 0.0839
2025-11-29 14:34:54,691 - INFO - Epoch: 600, Loss: 1.1462, Policy: 1.1172, Value: 0.0726
2025-11-29 14:34:55,144 - INFO - Epoch: 700, Loss: 1.1645, Policy: 1.1309, Value: 0.0840
2025-11-29 14:34:55,593 - INFO - Epoch: 800, Loss: 1.3108, Policy: 1.2789, Value: 0.0798
2025-11-29 14:34:55,597 - INFO - 训练结束，最新模型已保存到 model.pth
2025-11-29 14:34:55,598 - INFO - 第161局
2025-11-29 14:34:56,930 - INFO - 2赢了
2025-11-29 14:34:56,930 - INFO - 第162局
2025-11-29 14:34:57,951 - INFO - 2赢了
2025-11-29 14:34:57,952 - INFO - 第163局
2025-11-29 14:34:59,510 - INFO - 2赢了
2025-11-29 14:34:59,510 - INFO - 第164局
2025-11-29 14:35:01,187 - INFO - 2赢了
2025-11-29 14:35:01,187 - INFO - 第165局
2025-11-29 14:35:03,000 - INFO - 2赢了
2025-11-29 14:35:03,000 - INFO - 第166局
2025-11-29 14:35:04,752 - INFO - 2赢了
2025-11-29 14:35:04,752 - INFO - 第167局
2025-11-29 14:35:06,473 - INFO - 2赢了
2025-11-29 14:35:06,473 - INFO - 第168局
2025-11-29 14:35:09,104 - INFO - 2赢了
2025-11-29 14:35:09,104 - INFO - 第169局
2025-11-29 14:35:10,605 - INFO - 2赢了
2025-11-29 14:35:10,606 - INFO - 第170局
2025-11-29 14:35:12,273 - INFO - 2赢了
2025-11-29 14:35:12,291 - INFO - Epoch: 0, Loss: 1.3480, Policy: 1.3256, Value: 0.0560
2025-11-29 14:35:12,830 - INFO - Epoch: 100, Loss: 1.2175, Policy: 1.1906, Value: 0.0674
2025-11-29 14:35:13,284 - INFO - Epoch: 200, Loss: 1.1535, Policy: 1.1258, Value: 0.0693
2025-11-29 14:35:13,741 - INFO - Epoch: 300, Loss: 1.2386, Policy: 1.2172, Value: 0.0535
2025-11-29 14:35:14,154 - INFO - Epoch: 400, Loss: 1.2360, Policy: 1.2116, Value: 0.0609
2025-11-29 14:35:14,600 - INFO - Epoch: 500, Loss: 1.1726, Policy: 1.1412, Value: 0.0783
2025-11-29 14:35:15,066 - INFO - Epoch: 600, Loss: 1.1884, Policy: 1.1601, Value: 0.0708
2025-11-29 14:35:15,492 - INFO - Epoch: 700, Loss: 1.2661, Policy: 1.2391, Value: 0.0674
2025-11-29 14:35:15,905 - INFO - Epoch: 800, Loss: 1.3908, Policy: 1.3608, Value: 0.0749
2025-11-29 14:35:15,909 - INFO - 训练结束，最新模型已保存到 model.pth
2025-11-29 14:35:15,909 - INFO - 第171局
2025-11-29 14:35:17,180 - INFO - 2赢了
2025-11-29 14:35:17,180 - INFO - 第172局
2025-11-29 14:35:18,068 - INFO - 2赢了
2025-11-29 14:35:18,068 - INFO - 第173局
2025-11-29 14:35:18,812 - INFO - 2赢了
2025-11-29 14:35:18,812 - INFO - 第174局
2025-11-29 14:35:20,124 - INFO - 1赢了
2025-11-29 14:35:20,125 - INFO - 第175局
2025-11-29 14:35:20,999 - INFO - 1赢了
2025-11-29 14:35:20,999 - INFO - 第176局
2025-11-29 14:35:21,816 - INFO - 2赢了
2025-11-29 14:35:21,816 - INFO - 第177局
2025-11-29 14:35:23,194 - INFO - 2赢了
2025-11-29 14:35:23,194 - INFO - 第178局
2025-11-29 14:35:26,303 - INFO - 2赢了
2025-11-29 14:35:26,303 - INFO - 第179局
2025-11-29 14:35:27,296 - INFO - 2赢了
2025-11-29 14:35:27,296 - INFO - 第180局
2025-11-29 14:35:28,273 - INFO - 2赢了
2025-11-29 14:35:28,286 - INFO - Epoch: 0, Loss: 1.0945, Policy: 1.0387, Value: 0.1396
2025-11-29 14:35:28,808 - INFO - Epoch: 100, Loss: 1.2020, Policy: 1.1784, Value: 0.0589
2025-11-29 14:35:29,295 - INFO - Epoch: 200, Loss: 1.1441, Policy: 1.1134, Value: 0.0766
2025-11-29 14:35:29,799 - INFO - Epoch: 300, Loss: 1.1317, Policy: 1.0915, Value: 0.1005
2025-11-29 14:35:30,333 - INFO - Epoch: 400, Loss: 1.1303, Policy: 1.1051, Value: 0.0632
2025-11-29 14:35:30,845 - INFO - Epoch: 500, Loss: 1.2320, Policy: 1.2012, Value: 0.0770
2025-11-29 14:35:31,372 - INFO - Epoch: 600, Loss: 1.2418, Policy: 1.2084, Value: 0.0833
2025-11-29 14:35:31,918 - INFO - Epoch: 700, Loss: 1.2327, Policy: 1.2005, Value: 0.0803
2025-11-29 14:35:32,464 - INFO - Epoch: 800, Loss: 1.1228, Policy: 1.0925, Value: 0.0758
2025-11-29 14:35:32,467 - INFO - 训练结束，最新模型已保存到 model.pth
2025-11-29 14:35:32,468 - INFO - 第181局
2025-11-29 14:35:34,070 - INFO - 2赢了
2025-11-29 14:35:34,070 - INFO - 第182局
2025-11-29 14:35:35,032 - INFO - 1赢了
2025-11-29 14:35:35,032 - INFO - 第183局
2025-11-29 14:35:35,767 - INFO - 2赢了
2025-11-29 14:35:35,767 - INFO - 第184局
2025-11-29 14:35:36,966 - INFO - 2赢了
2025-11-29 14:35:36,966 - INFO - 第185局
2025-11-29 14:35:38,650 - INFO - 1赢了
2025-11-29 14:35:38,650 - INFO - 第186局
2025-11-29 14:35:40,377 - INFO - 2赢了
2025-11-29 14:35:40,377 - INFO - 第187局
2025-11-29 14:35:43,038 - INFO - 2赢了
2025-11-29 14:35:43,038 - INFO - 第188局
2025-11-29 14:35:44,267 - INFO - 1赢了
2025-11-29 14:35:44,267 - INFO - 第189局
2025-11-29 14:35:45,978 - INFO - 2赢了
2025-11-29 14:35:45,978 - INFO - 第190局
2025-11-29 14:35:47,637 - INFO - 2赢了
2025-11-29 14:35:47,646 - INFO - Epoch: 0, Loss: 1.1696, Policy: 1.1417, Value: 0.0698
2025-11-29 14:35:48,153 - INFO - Epoch: 100, Loss: 1.2285, Policy: 1.1989, Value: 0.0738
2025-11-29 14:35:48,602 - INFO - Epoch: 200, Loss: 1.1312, Policy: 1.1127, Value: 0.0461
2025-11-29 14:35:49,048 - INFO - Epoch: 300, Loss: 1.3022, Policy: 1.2823, Value: 0.0499
2025-11-29 14:35:49,501 - INFO - Epoch: 400, Loss: 1.2369, Policy: 1.2061, Value: 0.0771
2025-11-29 14:35:49,948 - INFO - Epoch: 500, Loss: 1.3340, Policy: 1.3016, Value: 0.0810
2025-11-29 14:35:50,399 - INFO - Epoch: 600, Loss: 1.0770, Policy: 1.0505, Value: 0.0662
2025-11-29 14:35:50,842 - INFO - Epoch: 700, Loss: 1.1789, Policy: 1.1529, Value: 0.0650
2025-11-29 14:35:51,291 - INFO - Epoch: 800, Loss: 1.0981, Policy: 1.0745, Value: 0.0590
2025-11-29 14:35:51,294 - INFO - 训练结束，最新模型已保存到 model.pth
2025-11-29 14:35:51,295 - INFO - 第191局
2025-11-29 14:35:51,971 - INFO - 2赢了
2025-11-29 14:35:51,972 - INFO - 第192局
2025-11-29 14:35:52,955 - INFO - 1赢了
2025-11-29 14:35:52,955 - INFO - 第193局
2025-11-29 14:35:54,590 - INFO - 2赢了
2025-11-29 14:35:54,590 - INFO - 第194局
2025-11-29 14:35:55,770 - INFO - 2赢了
2025-11-29 14:35:55,770 - INFO - 第195局
2025-11-29 14:35:56,660 - INFO - 2赢了
2025-11-29 14:35:56,660 - INFO - 第196局
2025-11-29 14:35:57,896 - INFO - 1赢了
2025-11-29 14:35:57,896 - INFO - 第197局
2025-11-29 14:35:59,235 - INFO - 2赢了
2025-11-29 14:35:59,235 - INFO - 第198局
2025-11-29 14:36:00,821 - INFO - 2赢了
2025-11-29 14:36:00,821 - INFO - 第199局
2025-11-29 14:36:02,027 - INFO - 2赢了
2025-11-29 14:36:02,027 - INFO - 第200局
2025-11-29 14:36:03,349 - INFO - 2赢了
2025-11-29 14:36:03,363 - INFO - Epoch: 0, Loss: 1.1578, Policy: 1.1268, Value: 0.0776
2025-11-29 14:36:03,888 - INFO - Epoch: 100, Loss: 1.1657, Policy: 1.1410, Value: 0.0619
2025-11-29 14:36:04,332 - INFO - Epoch: 200, Loss: 1.0572, Policy: 1.0320, Value: 0.0631
2025-11-29 14:36:04,794 - INFO - Epoch: 300, Loss: 1.2957, Policy: 1.2698, Value: 0.0648
2025-11-29 14:36:05,270 - INFO - Epoch: 400, Loss: 1.3477, Policy: 1.3067, Value: 0.1026
2025-11-29 14:36:05,741 - INFO - Epoch: 500, Loss: 1.2082, Policy: 1.1824, Value: 0.0645
2025-11-29 14:36:06,194 - INFO - Epoch: 600, Loss: 1.1349, Policy: 1.1131, Value: 0.0546
2025-11-29 14:36:06,670 - INFO - Epoch: 700, Loss: 1.1665, Policy: 1.1383, Value: 0.0703
2025-11-29 14:36:07,127 - INFO - Epoch: 800, Loss: 1.2033, Policy: 1.1886, Value: 0.0368
2025-11-29 14:36:07,131 - INFO - 训练结束，最新模型已保存到 model.pth
2025-11-29 14:36:07,132 - INFO - 第201局
2025-11-29 14:36:07,948 - INFO - 2赢了
2025-11-29 14:36:07,949 - INFO - 第202局
2025-11-29 14:36:09,493 - INFO - 2赢了
2025-11-29 14:36:09,493 - INFO - 第203局
2025-11-29 14:36:11,169 - INFO - 2赢了
2025-11-29 14:36:11,169 - INFO - 第204局
2025-11-29 14:36:12,426 - INFO - 2赢了
2025-11-29 14:36:12,426 - INFO - 第205局
2025-11-29 14:36:14,122 - INFO - 2赢了
2025-11-29 14:36:14,122 - INFO - 第206局
2025-11-29 14:36:15,903 - INFO - 2赢了
2025-11-29 14:36:15,904 - INFO - 第207局
2025-11-29 14:36:17,226 - INFO - 2赢了
2025-11-29 14:36:17,226 - INFO - 第208局
2025-11-29 14:36:18,739 - INFO - 2赢了
2025-11-29 14:36:18,739 - INFO - 第209局
2025-11-29 14:36:19,851 - INFO - 1赢了
2025-11-29 14:36:19,851 - INFO - 第210局
2025-11-29 14:36:20,799 - INFO - 2赢了
2025-11-29 14:36:20,808 - INFO - Epoch: 0, Loss: 1.2080, Policy: 1.1726, Value: 0.0886
2025-11-29 14:36:21,301 - INFO - Epoch: 100, Loss: 1.0518, Policy: 1.0141, Value: 0.0942
2025-11-29 14:36:21,775 - INFO - Epoch: 200, Loss: 1.1314, Policy: 1.1137, Value: 0.0441
2025-11-29 14:36:22,253 - INFO - Epoch: 300, Loss: 1.2920, Policy: 1.2572, Value: 0.0869
2025-11-29 14:36:22,701 - INFO - Epoch: 400, Loss: 1.1952, Policy: 1.1754, Value: 0.0497
2025-11-29 14:36:23,141 - INFO - Epoch: 500, Loss: 1.2689, Policy: 1.2429, Value: 0.0650
2025-11-29 14:36:23,603 - INFO - Epoch: 600, Loss: 1.1760, Policy: 1.1462, Value: 0.0747
2025-11-29 14:36:24,123 - INFO - Epoch: 700, Loss: 1.1713, Policy: 1.1449, Value: 0.0659
2025-11-29 14:36:24,611 - INFO - Epoch: 800, Loss: 1.2650, Policy: 1.2426, Value: 0.0559
2025-11-29 14:36:24,615 - INFO - 训练结束，最新模型已保存到 model.pth
2025-11-29 14:36:24,615 - INFO - 第211局
2025-11-29 14:36:26,030 - INFO - 2赢了
2025-11-29 14:36:26,030 - INFO - 第212局
2025-11-29 14:36:26,705 - INFO - 2赢了
2025-11-29 14:36:26,705 - INFO - 第213局
2025-11-29 14:36:27,869 - INFO - 2赢了
2025-11-29 14:36:27,869 - INFO - 第214局
2025-11-29 14:36:28,961 - INFO - 1赢了
2025-11-29 14:36:28,961 - INFO - 第215局
2025-11-29 14:36:30,522 - INFO - 2赢了
2025-11-29 14:36:30,522 - INFO - 第216局
2025-11-29 14:36:31,482 - INFO - 2赢了
2025-11-29 14:36:31,482 - INFO - 第217局
2025-11-29 14:36:32,459 - INFO - 1赢了
2025-11-29 14:36:32,459 - INFO - 第218局
2025-11-29 14:36:33,943 - INFO - 2赢了
2025-11-29 14:36:33,943 - INFO - 第219局
2025-11-29 14:36:35,640 - INFO - 1赢了
2025-11-29 14:36:35,640 - INFO - 第220局
2025-11-29 14:36:36,590 - INFO - 1赢了
2025-11-29 14:36:36,601 - INFO - Epoch: 0, Loss: 1.2477, Policy: 1.2110, Value: 0.0918
2025-11-29 14:36:37,109 - INFO - Epoch: 100, Loss: 1.2827, Policy: 1.2593, Value: 0.0585
2025-11-29 14:36:37,563 - INFO - Epoch: 200, Loss: 1.3133, Policy: 1.2850, Value: 0.0708
2025-11-29 14:36:38,044 - INFO - Epoch: 300, Loss: 1.1846, Policy: 1.1573, Value: 0.0681
2025-11-29 14:36:38,515 - INFO - Epoch: 400, Loss: 1.1926, Policy: 1.1660, Value: 0.0667
2025-11-29 14:36:38,962 - INFO - Epoch: 500, Loss: 1.1779, Policy: 1.1486, Value: 0.0734
2025-11-29 14:36:39,413 - INFO - Epoch: 600, Loss: 1.1966, Policy: 1.1659, Value: 0.0767
2025-11-29 14:36:39,887 - INFO - Epoch: 700, Loss: 1.1636, Policy: 1.1342, Value: 0.0734
2025-11-29 14:36:40,328 - INFO - Epoch: 800, Loss: 1.1092, Policy: 1.0776, Value: 0.0791
2025-11-29 14:36:40,332 - INFO - 训练结束，最新模型已保存到 model.pth
2025-11-29 14:36:40,333 - INFO - 第221局
2025-11-29 14:36:41,102 - INFO - 2赢了
2025-11-29 14:36:41,102 - INFO - 第222局
2025-11-29 14:36:41,858 - INFO - 2赢了
2025-11-29 14:36:41,858 - INFO - 第223局
2025-11-29 14:36:43,109 - INFO - 2赢了
2025-11-29 14:36:43,109 - INFO - 第224局
2025-11-29 14:36:43,759 - INFO - 2赢了
2025-11-29 14:36:43,759 - INFO - 第225局
2025-11-29 14:36:45,233 - INFO - 2赢了
2025-11-29 14:36:45,234 - INFO - 第226局
2025-11-29 14:36:46,744 - INFO - 2赢了
2025-11-29 14:36:46,744 - INFO - 第227局
2025-11-29 14:36:48,920 - INFO - 1赢了
2025-11-29 14:36:48,920 - INFO - 第228局
2025-11-29 14:36:50,551 - INFO - 2赢了
2025-11-29 14:36:50,551 - INFO - 第229局
2025-11-29 14:36:51,944 - INFO - 2赢了
2025-11-29 14:36:51,944 - INFO - 第230局
2025-11-29 14:36:53,611 - INFO - 2赢了
2025-11-29 14:36:53,620 - INFO - Epoch: 0, Loss: 1.1168, Policy: 1.0914, Value: 0.0635
2025-11-29 14:36:54,135 - INFO - Epoch: 100, Loss: 1.1402, Policy: 1.1099, Value: 0.0757
2025-11-29 14:36:54,582 - INFO - Epoch: 200, Loss: 1.1366, Policy: 1.1107, Value: 0.0648
2025-11-29 14:36:55,043 - INFO - Epoch: 300, Loss: 1.2483, Policy: 1.2277, Value: 0.0515
2025-11-29 14:36:55,503 - INFO - Epoch: 400, Loss: 1.2078, Policy: 1.1857, Value: 0.0552
2025-11-29 14:36:55,970 - INFO - Epoch: 500, Loss: 1.0949, Policy: 1.0707, Value: 0.0606
2025-11-29 14:36:56,421 - INFO - Epoch: 600, Loss: 1.1312, Policy: 1.1053, Value: 0.0649
2025-11-29 14:36:56,856 - INFO - Epoch: 700, Loss: 1.1674, Policy: 1.1498, Value: 0.0441
2025-11-29 14:36:57,290 - INFO - Epoch: 800, Loss: 1.2625, Policy: 1.2470, Value: 0.0390
2025-11-29 14:36:57,293 - INFO - 训练结束，最新模型已保存到 model.pth
2025-11-29 14:36:57,294 - INFO - 第231局
2025-11-29 14:36:58,762 - INFO - 2赢了
2025-11-29 14:36:58,762 - INFO - 第232局
2025-11-29 14:36:59,884 - INFO - 2赢了
2025-11-29 14:36:59,885 - INFO - 第233局
2025-11-29 14:37:00,743 - INFO - 1赢了
2025-11-29 14:37:00,743 - INFO - 第234局
2025-11-29 14:37:02,375 - INFO - 2赢了
2025-11-29 14:37:02,375 - INFO - 第235局
2025-11-29 14:37:03,366 - INFO - 1赢了
2025-11-29 14:37:03,366 - INFO - 第236局
2025-11-29 14:37:05,053 - INFO - 2赢了
2025-11-29 14:37:05,053 - INFO - 第237局
2025-11-29 14:37:05,952 - INFO - 1赢了
2025-11-29 14:37:05,952 - INFO - 第238局
2025-11-29 14:37:07,032 - INFO - 2赢了
2025-11-29 14:37:07,032 - INFO - 第239局
2025-11-29 14:37:07,963 - INFO - 1赢了
2025-11-29 14:37:07,963 - INFO - 第240局
2025-11-29 14:37:09,272 - INFO - 2赢了
2025-11-29 14:37:09,280 - INFO - Epoch: 0, Loss: 1.1341, Policy: 1.1145, Value: 0.0491
2025-11-29 14:37:09,739 - INFO - Epoch: 100, Loss: 1.1494, Policy: 1.1290, Value: 0.0510
2025-11-29 14:37:10,186 - INFO - Epoch: 200, Loss: 1.1714, Policy: 1.1425, Value: 0.0722
2025-11-29 14:37:10,641 - INFO - Epoch: 300, Loss: 1.2071, Policy: 1.1765, Value: 0.0764
2025-11-29 14:37:11,070 - INFO - Epoch: 400, Loss: 1.1063, Policy: 1.0791, Value: 0.0682
2025-11-29 14:37:11,500 - INFO - Epoch: 500, Loss: 1.2451, Policy: 1.2239, Value: 0.0530
2025-11-29 14:37:11,928 - INFO - Epoch: 600, Loss: 1.0387, Policy: 1.0134, Value: 0.0631
2025-11-29 14:37:12,364 - INFO - Epoch: 700, Loss: 1.2165, Policy: 1.1879, Value: 0.0716
2025-11-29 14:37:12,793 - INFO - Epoch: 800, Loss: 1.0910, Policy: 1.0663, Value: 0.0617
2025-11-29 14:37:12,796 - INFO - 训练结束，最新模型已保存到 model.pth
2025-11-29 14:37:12,797 - INFO - 第241局
2025-11-29 14:37:13,657 - INFO - 1赢了
2025-11-29 14:37:13,657 - INFO - 第242局
2025-11-29 14:37:15,183 - INFO - 2赢了
2025-11-29 14:37:15,183 - INFO - 第243局
2025-11-29 14:37:16,647 - INFO - 1赢了
2025-11-29 14:37:16,648 - INFO - 第244局
2025-11-29 14:37:17,972 - INFO - 2赢了
2025-11-29 14:37:17,972 - INFO - 第245局
2025-11-29 14:37:19,544 - INFO - 2赢了
2025-11-29 14:37:19,545 - INFO - 第246局
2025-11-29 14:37:20,812 - INFO - 2赢了
2025-11-29 14:37:20,812 - INFO - 第247局
2025-11-29 14:37:23,297 - INFO - 2赢了
2025-11-29 14:37:23,297 - INFO - 第248局
2025-11-29 14:37:24,213 - INFO - 2赢了
2025-11-29 14:37:24,213 - INFO - 第249局
2025-11-29 14:37:25,826 - INFO - 2赢了
2025-11-29 14:37:25,827 - INFO - 第250局
2025-11-29 14:37:27,320 - INFO - 2赢了
2025-11-29 14:37:27,329 - INFO - Epoch: 0, Loss: 1.0819, Policy: 1.0576, Value: 0.0608
2025-11-29 14:37:27,814 - INFO - Epoch: 100, Loss: 1.3857, Policy: 1.3470, Value: 0.0968
2025-11-29 14:37:28,261 - INFO - Epoch: 200, Loss: 1.1790, Policy: 1.1542, Value: 0.0621
2025-11-29 14:37:28,692 - INFO - Epoch: 300, Loss: 1.2237, Policy: 1.1996, Value: 0.0603
2025-11-29 14:37:29,124 - INFO - Epoch: 400, Loss: 1.2494, Policy: 1.2222, Value: 0.0682
2025-11-29 14:37:29,574 - INFO - Epoch: 500, Loss: 1.1047, Policy: 1.0853, Value: 0.0484
2025-11-29 14:37:30,014 - INFO - Epoch: 600, Loss: 1.2927, Policy: 1.2601, Value: 0.0815
2025-11-29 14:37:30,459 - INFO - Epoch: 700, Loss: 1.2285, Policy: 1.1956, Value: 0.0824
2025-11-29 14:37:30,900 - INFO - Epoch: 800, Loss: 1.2599, Policy: 1.2361, Value: 0.0594
2025-11-29 14:37:30,904 - INFO - 训练结束，最新模型已保存到 model.pth
2025-11-29 14:37:30,904 - INFO - 第251局
2025-11-29 14:37:32,333 - INFO - 2赢了
2025-11-29 14:37:32,333 - INFO - 第252局
2025-11-29 14:37:33,205 - INFO - 2赢了
2025-11-29 14:37:33,205 - INFO - 第253局
2025-11-29 14:37:34,637 - INFO - 2赢了
2025-11-29 14:37:34,637 - INFO - 第254局
2025-11-29 14:37:36,193 - INFO - 2赢了
2025-11-29 14:37:36,193 - INFO - 第255局
2025-11-29 14:37:37,735 - INFO - 2赢了
2025-11-29 14:37:37,735 - INFO - 第256局
2025-11-29 14:37:39,148 - INFO - 1赢了
2025-11-29 14:37:39,148 - INFO - 第257局
2025-11-29 14:37:40,824 - INFO - 2赢了
2025-11-29 14:37:40,825 - INFO - 第258局
2025-11-29 14:37:42,081 - INFO - 2赢了
2025-11-29 14:37:42,082 - INFO - 第259局
2025-11-29 14:37:44,217 - INFO - 1赢了
2025-11-29 14:37:44,218 - INFO - 第260局
2025-11-29 14:37:45,227 - INFO - 1赢了
2025-11-29 14:37:45,239 - INFO - Epoch: 0, Loss: 1.0522, Policy: 1.0233, Value: 0.0722
2025-11-29 14:37:45,750 - INFO - Epoch: 100, Loss: 1.0779, Policy: 1.0509, Value: 0.0676
2025-11-29 14:37:46,199 - INFO - Epoch: 200, Loss: 1.1940, Policy: 1.1722, Value: 0.0544
2025-11-29 14:37:46,659 - INFO - Epoch: 300, Loss: 1.2667, Policy: 1.2418, Value: 0.0623
2025-11-29 14:37:47,118 - INFO - Epoch: 400, Loss: 1.0669, Policy: 1.0446, Value: 0.0558
2025-11-29 14:37:47,576 - INFO - Epoch: 500, Loss: 1.2475, Policy: 1.2213, Value: 0.0656
2025-11-29 14:37:48,046 - INFO - Epoch: 600, Loss: 1.2204, Policy: 1.1965, Value: 0.0597
2025-11-29 14:37:48,525 - INFO - Epoch: 700, Loss: 1.1132, Policy: 1.0831, Value: 0.0752
2025-11-29 14:37:48,988 - INFO - Epoch: 800, Loss: 1.1914, Policy: 1.1759, Value: 0.0387
2025-11-29 14:37:48,991 - INFO - 训练结束，最新模型已保存到 model.pth
2025-11-29 14:37:48,992 - INFO - 第261局
2025-11-29 14:37:49,568 - INFO - 2赢了
2025-11-29 14:37:49,568 - INFO - 第262局
2025-11-29 14:37:50,119 - INFO - 2赢了
2025-11-29 14:37:50,119 - INFO - 第263局
2025-11-29 14:37:51,597 - INFO - 2赢了
2025-11-29 14:37:51,597 - INFO - 第264局
2025-11-29 14:37:52,678 - INFO - 2赢了
2025-11-29 14:37:52,678 - INFO - 第265局
2025-11-29 14:37:53,798 - INFO - 2赢了
2025-11-29 14:37:53,799 - INFO - 第266局
2025-11-29 14:37:56,341 - INFO - 2赢了
2025-11-29 14:37:56,341 - INFO - 第267局
2025-11-29 14:37:57,233 - INFO - 2赢了
2025-11-29 14:37:57,233 - INFO - 第268局
2025-11-29 14:37:58,175 - INFO - 1赢了
2025-11-29 14:37:58,175 - INFO - 第269局
2025-11-29 14:37:58,825 - INFO - 2赢了
2025-11-29 14:37:58,825 - INFO - 第270局
2025-11-29 14:37:59,950 - INFO - 2赢了
2025-11-29 14:38:00,021 - INFO - Epoch: 0, Loss: 1.2034, Policy: 1.1768, Value: 0.0664
2025-11-29 14:38:00,498 - INFO - Epoch: 100, Loss: 1.0940, Policy: 1.0770, Value: 0.0424
2025-11-29 14:38:00,965 - INFO - Epoch: 200, Loss: 1.1391, Policy: 1.1165, Value: 0.0564
2025-11-29 14:38:01,402 - INFO - Epoch: 300, Loss: 1.2723, Policy: 1.2330, Value: 0.0984
2025-11-29 14:38:01,863 - INFO - Epoch: 400, Loss: 1.1587, Policy: 1.1373, Value: 0.0535
2025-11-29 14:38:02,302 - INFO - Epoch: 500, Loss: 1.2703, Policy: 1.2442, Value: 0.0652
2025-11-29 14:38:02,750 - INFO - Epoch: 600, Loss: 1.2353, Policy: 1.2088, Value: 0.0662
2025-11-29 14:38:03,202 - INFO - Epoch: 700, Loss: 1.0960, Policy: 1.0646, Value: 0.0786
2025-11-29 14:38:03,673 - INFO - Epoch: 800, Loss: 1.0935, Policy: 1.0742, Value: 0.0480
2025-11-29 14:38:03,677 - INFO - 训练结束，最新模型已保存到 model.pth
2025-11-29 14:38:03,678 - INFO - 第271局
2025-11-29 14:38:05,045 - INFO - 2赢了
2025-11-29 14:38:05,045 - INFO - 第272局
2025-11-29 14:38:05,877 - INFO - 2赢了
2025-11-29 14:38:05,877 - INFO - 第273局
2025-11-29 14:38:07,289 - INFO - 2赢了
2025-11-29 14:38:07,289 - INFO - 第274局
2025-11-29 14:38:08,694 - INFO - 2赢了
2025-11-29 14:38:08,694 - INFO - 第275局
2025-11-29 14:38:10,078 - INFO - 1赢了
2025-11-29 14:38:10,078 - INFO - 第276局
2025-11-29 14:38:10,683 - INFO - 2赢了
2025-11-29 14:38:10,683 - INFO - 第277局
2025-11-29 14:38:11,650 - INFO - 1赢了
2025-11-29 14:38:11,650 - INFO - 第278局
2025-11-29 14:38:12,904 - INFO - 2赢了
2025-11-29 14:38:12,904 - INFO - 第279局
2025-11-29 14:38:14,386 - INFO - 2赢了
2025-11-29 14:38:14,387 - INFO - 第280局
2025-11-29 14:38:15,635 - INFO - 2赢了
2025-11-29 14:38:15,646 - INFO - Epoch: 0, Loss: 1.1732, Policy: 1.1556, Value: 0.0442
2025-11-29 14:38:16,167 - INFO - Epoch: 100, Loss: 1.3049, Policy: 1.2739, Value: 0.0774
2025-11-29 14:38:16,657 - INFO - Epoch: 200, Loss: 1.1127, Policy: 1.0935, Value: 0.0479
2025-11-29 14:38:17,127 - INFO - Epoch: 300, Loss: 1.0491, Policy: 1.0259, Value: 0.0579
2025-11-29 14:38:17,609 - INFO - Epoch: 400, Loss: 1.1188, Policy: 1.1012, Value: 0.0440
2025-11-29 14:38:18,078 - INFO - Epoch: 500, Loss: 1.1572, Policy: 1.1362, Value: 0.0524
2025-11-29 14:38:18,549 - INFO - Epoch: 600, Loss: 1.1597, Policy: 1.1324, Value: 0.0682
2025-11-29 14:38:19,012 - INFO - Epoch: 700, Loss: 1.1777, Policy: 1.1535, Value: 0.0605
2025-11-29 14:38:19,490 - INFO - Epoch: 800, Loss: 1.0671, Policy: 1.0446, Value: 0.0563
2025-11-29 14:38:19,495 - INFO - 训练结束，最新模型已保存到 model.pth
2025-11-29 14:38:19,496 - INFO - 第281局
2025-11-29 14:38:20,259 - INFO - 2赢了
2025-11-29 14:38:20,259 - INFO - 第282局
2025-11-29 14:38:21,247 - INFO - 1赢了
2025-11-29 14:38:21,247 - INFO - 第283局
2025-11-29 14:38:22,705 - INFO - 2赢了
2025-11-29 14:38:22,705 - INFO - 第284局
2025-11-29 14:38:23,315 - INFO - 2赢了
2025-11-29 14:38:23,315 - INFO - 第285局
2025-11-29 14:38:24,644 - INFO - 2赢了
2025-11-29 14:38:24,645 - INFO - 第286局
2025-11-29 14:38:25,897 - INFO - 2赢了
2025-11-29 14:38:25,897 - INFO - 第287局
2025-11-29 14:38:26,876 - INFO - 1赢了
2025-11-29 14:38:26,876 - INFO - 第288局
2025-11-29 14:38:29,148 - INFO - 1赢了
2025-11-29 14:38:29,148 - INFO - 第289局
2025-11-29 14:38:30,459 - INFO - 2赢了
2025-11-29 14:38:30,459 - INFO - 第290局
2025-11-29 14:38:31,619 - INFO - 2赢了
2025-11-29 14:38:31,629 - INFO - Epoch: 0, Loss: 1.2086, Policy: 1.1819, Value: 0.0669
2025-11-29 14:38:32,124 - INFO - Epoch: 100, Loss: 1.1832, Policy: 1.1572, Value: 0.0652
2025-11-29 14:38:32,580 - INFO - Epoch: 200, Loss: 1.1982, Policy: 1.1752, Value: 0.0575
2025-11-29 14:38:33,013 - INFO - Epoch: 300, Loss: 1.1657, Policy: 1.1473, Value: 0.0460
2025-11-29 14:38:33,480 - INFO - Epoch: 400, Loss: 1.1470, Policy: 1.1262, Value: 0.0519
2025-11-29 14:38:33,950 - INFO - Epoch: 500, Loss: 1.1722, Policy: 1.1490, Value: 0.0580
2025-11-29 14:38:34,385 - INFO - Epoch: 600, Loss: 1.0835, Policy: 1.0563, Value: 0.0680
2025-11-29 14:38:34,828 - INFO - Epoch: 700, Loss: 1.0944, Policy: 1.0679, Value: 0.0662
2025-11-29 14:38:35,271 - INFO - Epoch: 800, Loss: 1.2229, Policy: 1.1919, Value: 0.0775
2025-11-29 14:38:35,274 - INFO - 训练结束，最新模型已保存到 model.pth
2025-11-29 14:38:35,275 - INFO - 第291局
2025-11-29 14:38:36,251 - INFO - 1赢了
2025-11-29 14:38:36,252 - INFO - 第292局
2025-11-29 14:38:37,583 - INFO - 2赢了
2025-11-29 14:38:37,583 - INFO - 第293局
2025-11-29 14:38:39,243 - INFO - 2赢了
2025-11-29 14:38:39,243 - INFO - 第294局
2025-11-29 14:38:40,494 - INFO - 2赢了
2025-11-29 14:38:40,494 - INFO - 第295局
2025-11-29 14:38:41,759 - INFO - 2赢了
2025-11-29 14:38:41,760 - INFO - 第296局
2025-11-29 14:38:43,147 - INFO - 2赢了
2025-11-29 14:38:43,147 - INFO - 第297局
2025-11-29 14:38:44,895 - INFO - 2赢了
2025-11-29 14:38:44,896 - INFO - 第298局
2025-11-29 14:38:45,739 - INFO - 2赢了
2025-11-29 14:38:45,739 - INFO - 第299局
2025-11-29 14:38:47,122 - INFO - 2赢了
2025-11-29 14:38:47,123 - INFO - 第300局
2025-11-29 14:38:48,502 - INFO - 2赢了
2025-11-29 14:38:48,510 - INFO - Epoch: 0, Loss: 1.1581, Policy: 1.1225, Value: 0.0889
2025-11-29 14:38:49,012 - INFO - Epoch: 100, Loss: 1.1985, Policy: 1.1746, Value: 0.0597
2025-11-29 14:38:49,452 - INFO - Epoch: 200, Loss: 1.1222, Policy: 1.0951, Value: 0.0678
2025-11-29 14:38:49,878 - INFO - Epoch: 300, Loss: 1.1222, Policy: 1.0949, Value: 0.0682
2025-11-29 14:38:50,326 - INFO - Epoch: 400, Loss: 1.1045, Policy: 1.0765, Value: 0.0699
2025-11-29 14:38:50,763 - INFO - Epoch: 500, Loss: 1.1002, Policy: 1.0862, Value: 0.0350
2025-11-29 14:38:51,221 - INFO - Epoch: 600, Loss: 1.1245, Policy: 1.1042, Value: 0.0507
2025-11-29 14:38:51,683 - INFO - Epoch: 700, Loss: 1.1406, Policy: 1.1148, Value: 0.0645
2025-11-29 14:38:52,148 - INFO - Epoch: 800, Loss: 1.2066, Policy: 1.1779, Value: 0.0717
2025-11-29 14:38:52,152 - INFO - 训练结束，最新模型已保存到 model.pth
2025-11-29 14:38:52,154 - INFO - 保存模型快照: /home/ktfine/IAteamwork/AlphaZero_Five/models/model_game_300.pth
2025-11-29 14:38:52,266 - INFO - 第301局
2025-11-29 14:38:53,670 - INFO - 2赢了
2025-11-29 14:38:53,670 - INFO - 第302局
2025-11-29 14:38:54,699 - INFO - 1赢了
2025-11-29 14:38:54,699 - INFO - 第303局
2025-11-29 14:38:56,258 - INFO - 2赢了
2025-11-29 14:38:56,258 - INFO - 第304局
2025-11-29 14:38:57,462 - INFO - 2赢了
2025-11-29 14:38:57,462 - INFO - 第305局
2025-11-29 14:38:58,798 - INFO - 1赢了
2025-11-29 14:38:58,798 - INFO - 第306局
2025-11-29 14:39:00,501 - INFO - 2赢了
2025-11-29 14:39:00,501 - INFO - 第307局
2025-11-29 14:39:02,829 - INFO - 1赢了
2025-11-29 14:39:02,829 - INFO - 第308局
2025-11-29 14:39:04,295 - INFO - 2赢了
2025-11-29 14:39:04,296 - INFO - 第309局
2025-11-29 14:39:05,355 - INFO - 2赢了
2025-11-29 14:39:05,355 - INFO - 第310局
2025-11-29 14:39:06,425 - INFO - 1赢了
2025-11-29 14:39:06,431 - INFO - Epoch: 0, Loss: 1.2643, Policy: 1.2391, Value: 0.0630
2025-11-29 14:39:06,901 - INFO - Epoch: 100, Loss: 1.1739, Policy: 1.1512, Value: 0.0566
2025-11-29 14:39:07,333 - INFO - Epoch: 200, Loss: 1.1697, Policy: 1.1450, Value: 0.0616
2025-11-29 14:39:07,768 - INFO - Epoch: 300, Loss: 1.1547, Policy: 1.1290, Value: 0.0641
2025-11-29 14:39:08,217 - INFO - Epoch: 400, Loss: 1.2091, Policy: 1.1886, Value: 0.0512
2025-11-29 14:39:08,687 - INFO - Epoch: 500, Loss: 1.1530, Policy: 1.1188, Value: 0.0855
2025-11-29 14:39:09,151 - INFO - Epoch: 600, Loss: 1.1850, Policy: 1.1619, Value: 0.0578
2025-11-29 14:39:09,621 - INFO - Epoch: 700, Loss: 1.1310, Policy: 1.1115, Value: 0.0490
2025-11-29 14:39:10,136 - INFO - Epoch: 800, Loss: 1.2286, Policy: 1.1972, Value: 0.0785
2025-11-29 14:39:10,140 - INFO - 训练结束，最新模型已保存到 model.pth
2025-11-29 14:39:10,141 - INFO - 第311局
2025-11-29 14:39:11,608 - INFO - 2赢了
2025-11-29 14:39:11,608 - INFO - 第312局
2025-11-29 14:39:12,442 - INFO - 2赢了
2025-11-29 14:39:12,442 - INFO - 第313局
2025-11-29 14:39:13,416 - INFO - 1赢了
2025-11-29 14:39:13,416 - INFO - 第314局
2025-11-29 14:39:14,406 - INFO - 1赢了
2025-11-29 14:39:14,406 - INFO - 第315局
2025-11-29 14:39:15,571 - INFO - 1赢了
2025-11-29 14:39:15,571 - INFO - 第316局
2025-11-29 14:39:16,672 - INFO - 1赢了
2025-11-29 14:39:16,672 - INFO - 第317局
2025-11-29 14:39:17,935 - INFO - 2赢了
2025-11-29 14:39:17,935 - INFO - 第318局
2025-11-29 14:39:19,549 - INFO - 2赢了
2025-11-29 14:39:19,549 - INFO - 第319局
2025-11-29 14:39:21,502 - INFO - 1赢了
2025-11-29 14:39:21,502 - INFO - 第320局
2025-11-29 14:39:22,094 - INFO - 2赢了
2025-11-29 14:39:22,104 - INFO - Epoch: 0, Loss: 1.1968, Policy: 1.1667, Value: 0.0753
2025-11-29 14:39:22,557 - INFO - Epoch: 100, Loss: 1.1149, Policy: 1.0934, Value: 0.0536
2025-11-29 14:39:22,982 - INFO - Epoch: 200, Loss: 1.2188, Policy: 1.1951, Value: 0.0592
2025-11-29 14:39:23,420 - INFO - Epoch: 300, Loss: 1.0645, Policy: 1.0448, Value: 0.0492
2025-11-29 14:39:23,862 - INFO - Epoch: 400, Loss: 1.1612, Policy: 1.1406, Value: 0.0515
2025-11-29 14:39:24,322 - INFO - Epoch: 500, Loss: 1.0153, Policy: 0.9913, Value: 0.0600
2025-11-29 14:39:24,804 - INFO - Epoch: 600, Loss: 1.0930, Policy: 1.0755, Value: 0.0437
2025-11-29 14:39:25,282 - INFO - Epoch: 700, Loss: 1.0422, Policy: 1.0195, Value: 0.0568
2025-11-29 14:39:25,750 - INFO - Epoch: 800, Loss: 1.1318, Policy: 1.0928, Value: 0.0974
2025-11-29 14:39:25,754 - INFO - 训练结束，最新模型已保存到 model.pth
2025-11-29 14:39:25,755 - INFO - 第321局
2025-11-29 14:39:26,730 - INFO - 2赢了
2025-11-29 14:39:26,730 - INFO - 第322局
2025-11-29 14:39:27,967 - INFO - 2赢了
2025-11-29 14:39:27,967 - INFO - 第323局
2025-11-29 14:39:29,238 - INFO - 1赢了
2025-11-29 14:39:29,238 - INFO - 第324局
2025-11-29 14:39:30,725 - INFO - 2赢了
2025-11-29 14:39:30,725 - INFO - 第325局
2025-11-29 14:39:32,027 - INFO - 2赢了
2025-11-29 14:39:32,027 - INFO - 第326局
2025-11-29 14:39:33,610 - INFO - 2赢了
2025-11-29 14:39:33,610 - INFO - 第327局
2025-11-29 14:39:35,923 - INFO - 2赢了
2025-11-29 14:39:35,923 - INFO - 第328局
2025-11-29 14:39:37,249 - INFO - 2赢了
2025-11-29 14:39:37,249 - INFO - 第329局
2025-11-29 14:39:38,277 - INFO - 1赢了
2025-11-29 14:39:38,277 - INFO - 第330局
2025-11-29 14:39:39,778 - INFO - 2赢了
2025-11-29 14:39:39,788 - INFO - Epoch: 0, Loss: 1.0634, Policy: 1.0416, Value: 0.0543
2025-11-29 14:39:40,234 - INFO - Epoch: 100, Loss: 1.0101, Policy: 0.9833, Value: 0.0669
2025-11-29 14:39:40,688 - INFO - Epoch: 200, Loss: 1.1251, Policy: 1.1110, Value: 0.0352
2025-11-29 14:39:41,155 - INFO - Epoch: 300, Loss: 1.0481, Policy: 1.0267, Value: 0.0534
2025-11-29 14:39:41,623 - INFO - Epoch: 400, Loss: 0.9742, Policy: 0.9530, Value: 0.0529
2025-11-29 14:39:42,090 - INFO - Epoch: 500, Loss: 1.2047, Policy: 1.1794, Value: 0.0631
2025-11-29 14:39:42,579 - INFO - Epoch: 600, Loss: 1.1488, Policy: 1.1313, Value: 0.0438
2025-11-29 14:39:43,048 - INFO - Epoch: 700, Loss: 1.1445, Policy: 1.1223, Value: 0.0555
2025-11-29 14:39:43,512 - INFO - Epoch: 800, Loss: 1.1954, Policy: 1.1736, Value: 0.0545
2025-11-29 14:39:43,516 - INFO - 训练结束，最新模型已保存到 model.pth
2025-11-29 14:39:43,517 - INFO - 第331局
2025-11-29 14:39:44,274 - INFO - 2赢了
2025-11-29 14:39:44,274 - INFO - 第332局
2025-11-29 14:39:45,145 - INFO - 1赢了
2025-11-29 14:39:45,145 - INFO - 第333局
2025-11-29 14:39:45,978 - INFO - 2赢了
2025-11-29 14:39:45,978 - INFO - 第334局
2025-11-29 14:39:47,156 - INFO - 1赢了
2025-11-29 14:39:47,156 - INFO - 第335局
2025-11-29 14:39:49,405 - INFO - 1赢了
2025-11-29 14:39:49,405 - INFO - 第336局
2025-11-29 14:39:50,813 - INFO - 2赢了
2025-11-29 14:39:50,813 - INFO - 第337局
2025-11-29 14:39:51,773 - INFO - 1赢了
2025-11-29 14:39:51,773 - INFO - 第338局
2025-11-29 14:39:53,942 - INFO - 2赢了
2025-11-29 14:39:53,943 - INFO - 第339局
2025-11-29 14:39:55,256 - INFO - 2赢了
2025-11-29 14:39:55,256 - INFO - 第340局
2025-11-29 14:39:56,555 - INFO - 2赢了
2025-11-29 14:39:56,564 - INFO - Epoch: 0, Loss: 1.1790, Policy: 1.1584, Value: 0.0516
2025-11-29 14:39:57,049 - INFO - Epoch: 100, Loss: 1.0992, Policy: 1.0845, Value: 0.0369
2025-11-29 14:39:57,501 - INFO - Epoch: 200, Loss: 1.2212, Policy: 1.2059, Value: 0.0382
2025-11-29 14:39:57,965 - INFO - Epoch: 300, Loss: 1.2362, Policy: 1.2088, Value: 0.0684
2025-11-29 14:39:58,428 - INFO - Epoch: 400, Loss: 1.2289, Policy: 1.2074, Value: 0.0538
2025-11-29 14:39:58,879 - INFO - Epoch: 500, Loss: 1.3201, Policy: 1.2986, Value: 0.0537
2025-11-29 14:39:59,358 - INFO - Epoch: 600, Loss: 1.2417, Policy: 1.2114, Value: 0.0756
2025-11-29 14:39:59,822 - INFO - Epoch: 700, Loss: 1.1603, Policy: 1.1363, Value: 0.0601
2025-11-29 14:40:00,283 - INFO - Epoch: 800, Loss: 1.2117, Policy: 1.1902, Value: 0.0538
2025-11-29 14:40:00,286 - INFO - 训练结束，最新模型已保存到 model.pth
2025-11-29 14:40:00,287 - INFO - 第341局
2025-11-29 14:40:01,745 - INFO - 1赢了
2025-11-29 14:40:01,745 - INFO - 第342局
2025-11-29 14:40:02,801 - INFO - 1赢了
2025-11-29 14:40:02,801 - INFO - 第343局
2025-11-29 14:40:05,119 - INFO - 1赢了
2025-11-29 14:40:05,119 - INFO - 第344局
2025-11-29 14:40:07,669 - INFO - 1赢了
2025-11-29 14:40:07,670 - INFO - 第345局
2025-11-29 14:40:10,300 - INFO - 1赢了
2025-11-29 14:40:10,300 - INFO - 第346局
2025-11-29 14:40:11,639 - INFO - 1赢了
2025-11-29 14:40:11,640 - INFO - 第347局
2025-11-29 14:40:12,500 - INFO - 1赢了
2025-11-29 14:40:12,500 - INFO - 第348局
2025-11-29 14:40:14,292 - INFO - 2赢了
2025-11-29 14:40:14,292 - INFO - 第349局
2025-11-29 14:40:15,589 - INFO - 1赢了
2025-11-29 14:40:15,590 - INFO - 第350局
2025-11-29 14:40:17,287 - INFO - 2赢了
2025-11-29 14:40:17,296 - INFO - Epoch: 0, Loss: 1.1303, Policy: 1.1196, Value: 0.0267
2025-11-29 14:40:17,779 - INFO - Epoch: 100, Loss: 1.0417, Policy: 1.0153, Value: 0.0661
2025-11-29 14:40:18,219 - INFO - Epoch: 200, Loss: 1.2602, Policy: 1.2360, Value: 0.0604
2025-11-29 14:40:18,680 - INFO - Epoch: 300, Loss: 1.0941, Policy: 1.0781, Value: 0.0400
2025-11-29 14:40:19,160 - INFO - Epoch: 400, Loss: 1.2947, Policy: 1.2726, Value: 0.0553
2025-11-29 14:40:19,631 - INFO - Epoch: 500, Loss: 1.1337, Policy: 1.1192, Value: 0.0363
2025-11-29 14:40:20,101 - INFO - Epoch: 600, Loss: 1.2156, Policy: 1.1915, Value: 0.0603
2025-11-29 14:40:20,563 - INFO - Epoch: 700, Loss: 1.1665, Policy: 1.1469, Value: 0.0491
2025-11-29 14:40:21,077 - INFO - Epoch: 800, Loss: 1.1681, Policy: 1.1463, Value: 0.0545
2025-11-29 14:40:21,082 - INFO - 训练结束，最新模型已保存到 model.pth
2025-11-29 14:40:21,082 - INFO - 第351局
2025-11-29 14:40:22,816 - INFO - 2赢了
2025-11-29 14:40:22,816 - INFO - 第352局
2025-11-29 14:40:24,148 - INFO - 1赢了
2025-11-29 14:40:24,149 - INFO - 第353局
2025-11-29 14:40:25,473 - INFO - 2赢了
2025-11-29 14:40:25,473 - INFO - 第354局
2025-11-29 14:40:26,892 - INFO - 2赢了
2025-11-29 14:40:26,892 - INFO - 第355局
2025-11-29 14:40:28,296 - INFO - 1赢了
2025-11-29 14:40:28,296 - INFO - 第356局
2025-11-29 14:40:28,937 - INFO - 1赢了
2025-11-29 14:40:28,937 - INFO - 第357局
2025-11-29 14:40:31,045 - INFO - 1赢了
2025-11-29 14:40:31,045 - INFO - 第358局
2025-11-29 14:40:32,167 - INFO - 1赢了
2025-11-29 14:40:32,168 - INFO - 第359局
2025-11-29 14:40:33,700 - INFO - 1赢了
2025-11-29 14:40:33,700 - INFO - 第360局
2025-11-29 14:40:35,247 - INFO - 1赢了
2025-11-29 14:40:35,257 - INFO - Epoch: 0, Loss: 1.2568, Policy: 1.2347, Value: 0.0552
2025-11-29 14:40:35,758 - INFO - Epoch: 100, Loss: 1.1964, Policy: 1.1772, Value: 0.0481
2025-11-29 14:40:36,201 - INFO - Epoch: 200, Loss: 1.1350, Policy: 1.1101, Value: 0.0622
2025-11-29 14:40:36,630 - INFO - Epoch: 300, Loss: 1.2742, Policy: 1.2521, Value: 0.0553
2025-11-29 14:40:37,063 - INFO - Epoch: 400, Loss: 1.1584, Policy: 1.1353, Value: 0.0578
2025-11-29 14:40:37,509 - INFO - Epoch: 500, Loss: 1.1145, Policy: 1.1002, Value: 0.0357
2025-11-29 14:40:37,936 - INFO - Epoch: 600, Loss: 1.0328, Policy: 1.0208, Value: 0.0300
2025-11-29 14:40:38,396 - INFO - Epoch: 700, Loss: 1.0773, Policy: 1.0523, Value: 0.0625
2025-11-29 14:40:38,850 - INFO - Epoch: 800, Loss: 1.2052, Policy: 1.1747, Value: 0.0761
2025-11-29 14:40:38,854 - INFO - 训练结束，最新模型已保存到 model.pth
2025-11-29 14:40:38,854 - INFO - 第361局
2025-11-29 14:40:39,876 - INFO - 1赢了
2025-11-29 14:40:39,876 - INFO - 第362局
2025-11-29 14:40:42,347 - INFO - 2赢了
2025-11-29 14:40:42,347 - INFO - 第363局
2025-11-29 14:40:43,479 - INFO - 1赢了
2025-11-29 14:40:43,479 - INFO - 第364局
2025-11-29 14:40:44,381 - INFO - 1赢了
2025-11-29 14:40:44,381 - INFO - 第365局
2025-11-29 14:40:45,319 - INFO - 1赢了
2025-11-29 14:40:45,319 - INFO - 第366局
2025-11-29 14:40:46,622 - INFO - 1赢了
2025-11-29 14:40:46,622 - INFO - 第367局
2025-11-29 14:40:47,570 - INFO - 1赢了
2025-11-29 14:40:47,570 - INFO - 第368局
2025-11-29 14:40:49,938 - INFO - 1赢了
2025-11-29 14:40:49,938 - INFO - 第369局
2025-11-29 14:40:51,191 - INFO - 2赢了
2025-11-29 14:40:51,191 - INFO - 第370局
2025-11-29 14:40:52,063 - INFO - 2赢了
2025-11-29 14:40:52,075 - INFO - Epoch: 0, Loss: 1.1177, Policy: 1.0928, Value: 0.0623
2025-11-29 14:40:52,643 - INFO - Epoch: 100, Loss: 1.0873, Policy: 1.0576, Value: 0.0743
2025-11-29 14:40:53,119 - INFO - Epoch: 200, Loss: 1.0822, Policy: 1.0645, Value: 0.0443
2025-11-29 14:40:53,608 - INFO - Epoch: 300, Loss: 1.2068, Policy: 1.1715, Value: 0.0884
2025-11-29 14:40:54,086 - INFO - Epoch: 400, Loss: 1.2338, Policy: 1.2062, Value: 0.0689
2025-11-29 14:40:54,541 - INFO - Epoch: 500, Loss: 1.1723, Policy: 1.1471, Value: 0.0628
2025-11-29 14:40:55,004 - INFO - Epoch: 600, Loss: 1.2328, Policy: 1.2116, Value: 0.0531
2025-11-29 14:40:55,467 - INFO - Epoch: 700, Loss: 1.1355, Policy: 1.1153, Value: 0.0505
2025-11-29 14:40:55,937 - INFO - Epoch: 800, Loss: 1.2643, Policy: 1.2357, Value: 0.0715
2025-11-29 14:40:55,941 - INFO - 训练结束，最新模型已保存到 model.pth
2025-11-29 14:40:55,942 - INFO - 第371局
2025-11-29 14:40:57,683 - INFO - 1赢了
2025-11-29 14:40:57,683 - INFO - 第372局
2025-11-29 14:40:59,161 - INFO - 2赢了
2025-11-29 14:40:59,161 - INFO - 第373局
2025-11-29 14:41:00,613 - INFO - 2赢了
2025-11-29 14:41:00,613 - INFO - 第374局
2025-11-29 14:41:02,272 - INFO - 2赢了
2025-11-29 14:41:02,273 - INFO - 第375局
2025-11-29 14:41:03,515 - INFO - 2赢了
2025-11-29 14:41:03,515 - INFO - 第376局
2025-11-29 14:41:04,605 - INFO - 2赢了
2025-11-29 14:41:04,605 - INFO - 第377局
2025-11-29 14:41:06,561 - INFO - 2赢了
2025-11-29 14:41:06,561 - INFO - 第378局
2025-11-29 14:41:07,589 - INFO - 2赢了
2025-11-29 14:41:07,590 - INFO - 第379局
2025-11-29 14:41:08,836 - INFO - 1赢了
2025-11-29 14:41:08,836 - INFO - 第380局
2025-11-29 14:41:10,662 - INFO - 2赢了
2025-11-29 14:41:10,670 - INFO - Epoch: 0, Loss: 1.1412, Policy: 1.1023, Value: 0.0972
2025-11-29 14:41:11,197 - INFO - Epoch: 100, Loss: 1.2364, Policy: 1.2079, Value: 0.0713
2025-11-29 14:41:11,679 - INFO - Epoch: 200, Loss: 1.0772, Policy: 1.0500, Value: 0.0681
2025-11-29 14:41:12,152 - INFO - Epoch: 300, Loss: 1.1460, Policy: 1.1307, Value: 0.0383
2025-11-29 14:41:12,654 - INFO - Epoch: 400, Loss: 1.1953, Policy: 1.1691, Value: 0.0653
2025-11-29 14:41:13,136 - INFO - Epoch: 500, Loss: 1.1841, Policy: 1.1715, Value: 0.0314
2025-11-29 14:41:13,579 - INFO - Epoch: 600, Loss: 1.2582, Policy: 1.2312, Value: 0.0674
2025-11-29 14:41:14,034 - INFO - Epoch: 700, Loss: 1.1574, Policy: 1.1342, Value: 0.0579
2025-11-29 14:41:15,709 - INFO - Epoch: 800, Loss: 1.2288, Policy: 1.1918, Value: 0.0927
2025-11-29 14:41:15,712 - INFO - 训练结束，最新模型已保存到 model.pth
2025-11-29 14:41:15,713 - INFO - 第381局
2025-11-29 14:41:16,892 - INFO - 2赢了
2025-11-29 14:41:16,892 - INFO - 第382局
2025-11-29 14:41:18,488 - INFO - 2赢了
2025-11-29 14:41:18,488 - INFO - 第383局
2025-11-29 14:41:20,215 - INFO - 2赢了
2025-11-29 14:41:20,215 - INFO - 第384局
2025-11-29 14:41:21,014 - INFO - 2赢了
2025-11-29 14:41:21,014 - INFO - 第385局
2025-11-29 14:41:22,829 - INFO - 2赢了
2025-11-29 14:41:22,829 - INFO - 第386局
2025-11-29 14:41:24,199 - INFO - 2赢了
2025-11-29 14:41:24,199 - INFO - 第387局
2025-11-29 14:41:25,060 - INFO - 1赢了
2025-11-29 14:41:25,060 - INFO - 第388局
2025-11-29 14:41:26,698 - INFO - 2赢了
2025-11-29 14:41:26,699 - INFO - 第389局
2025-11-29 14:41:28,429 - INFO - 2赢了
2025-11-29 14:41:28,429 - INFO - 第390局
2025-11-29 14:41:29,946 - INFO - 2赢了
2025-11-29 14:41:29,955 - INFO - Epoch: 0, Loss: 1.2896, Policy: 1.2497, Value: 0.0998
2025-11-29 14:41:30,426 - INFO - Epoch: 100, Loss: 1.2249, Policy: 1.1780, Value: 0.1173
2025-11-29 14:41:30,930 - INFO - Epoch: 200, Loss: 1.1937, Policy: 1.1719, Value: 0.0545
2025-11-29 14:41:31,396 - INFO - Epoch: 300, Loss: 1.2914, Policy: 1.2519, Value: 0.0985
2025-11-29 14:41:31,896 - INFO - Epoch: 400, Loss: 1.2722, Policy: 1.2508, Value: 0.0534
2025-11-29 14:41:32,394 - INFO - Epoch: 500, Loss: 1.1407, Policy: 1.1226, Value: 0.0453
2025-11-29 14:41:32,898 - INFO - Epoch: 600, Loss: 1.1713, Policy: 1.1550, Value: 0.0407
2025-11-29 14:41:33,417 - INFO - Epoch: 700, Loss: 1.2330, Policy: 1.2030, Value: 0.0749
2025-11-29 14:41:33,906 - INFO - Epoch: 800, Loss: 1.1989, Policy: 1.1800, Value: 0.0472
2025-11-29 14:41:33,910 - INFO - 训练结束，最新模型已保存到 model.pth
2025-11-29 14:41:33,911 - INFO - 第391局
2025-11-29 14:41:34,649 - INFO - 2赢了
2025-11-29 14:41:34,649 - INFO - 第392局
2025-11-29 14:41:35,604 - INFO - 1赢了
2025-11-29 14:41:35,604 - INFO - 第393局
2025-11-29 14:41:36,591 - INFO - 1赢了
2025-11-29 14:41:36,591 - INFO - 第394局
2025-11-29 14:41:37,901 - INFO - 2赢了
2025-11-29 14:41:37,901 - INFO - 第395局
2025-11-29 14:41:38,723 - INFO - 2赢了
2025-11-29 14:41:38,723 - INFO - 第396局
2025-11-29 14:41:39,438 - INFO - 2赢了
2025-11-29 14:41:39,438 - INFO - 第397局
2025-11-29 14:41:40,937 - INFO - 2赢了
2025-11-29 14:41:40,937 - INFO - 第398局
2025-11-29 14:41:42,499 - INFO - 2赢了
2025-11-29 14:41:42,499 - INFO - 第399局
2025-11-29 14:41:43,843 - INFO - 2赢了
2025-11-29 14:41:43,843 - INFO - 第400局
2025-11-29 14:41:45,260 - INFO - 2赢了
2025-11-29 14:41:45,266 - INFO - Epoch: 0, Loss: 1.1753, Policy: 1.1478, Value: 0.0686
2025-11-29 14:41:45,733 - INFO - Epoch: 100, Loss: 1.1882, Policy: 1.1690, Value: 0.0481
2025-11-29 14:41:46,199 - INFO - Epoch: 200, Loss: 1.0949, Policy: 1.0766, Value: 0.0458
2025-11-29 14:41:46,649 - INFO - Epoch: 300, Loss: 1.1971, Policy: 1.1727, Value: 0.0610
2025-11-29 14:41:47,097 - INFO - Epoch: 400, Loss: 1.2466, Policy: 1.2258, Value: 0.0520
2025-11-29 14:41:47,559 - INFO - Epoch: 500, Loss: 1.2040, Policy: 1.1836, Value: 0.0509
2025-11-29 14:41:48,004 - INFO - Epoch: 600, Loss: 1.2187, Policy: 1.1829, Value: 0.0894
2025-11-29 14:41:49,575 - INFO - Epoch: 700, Loss: 1.1239, Policy: 1.0941, Value: 0.0743
2025-11-29 14:41:50,067 - INFO - Epoch: 800, Loss: 1.2451, Policy: 1.2201, Value: 0.0627
2025-11-29 14:41:50,071 - INFO - 训练结束，最新模型已保存到 model.pth
2025-11-29 14:41:50,072 - INFO - 第401局
2025-11-29 14:41:51,364 - INFO - 1赢了
2025-11-29 14:41:51,364 - INFO - 第402局
2025-11-29 14:41:52,486 - INFO - 2赢了
2025-11-29 14:41:52,487 - INFO - 第403局
2025-11-29 14:41:53,476 - INFO - 1赢了
2025-11-29 14:41:53,476 - INFO - 第404局
2025-11-29 14:41:54,876 - INFO - 2赢了
2025-11-29 14:41:54,877 - INFO - 第405局
2025-11-29 14:41:56,339 - INFO - 2赢了
2025-11-29 14:41:56,339 - INFO - 第406局
2025-11-29 14:41:57,766 - INFO - 2赢了
2025-11-29 14:41:57,766 - INFO - 第407局
2025-11-29 14:41:59,244 - INFO - 2赢了
2025-11-29 14:41:59,244 - INFO - 第408局
2025-11-29 14:42:00,856 - INFO - 2赢了
2025-11-29 14:42:00,857 - INFO - 第409局
2025-11-29 14:42:02,193 - INFO - 2赢了
2025-11-29 14:42:02,193 - INFO - 第410局
2025-11-29 14:42:03,354 - INFO - 2赢了
2025-11-29 14:42:03,361 - INFO - Epoch: 0, Loss: 1.1798, Policy: 1.1492, Value: 0.0764
2025-11-29 14:42:03,828 - INFO - Epoch: 100, Loss: 1.0604, Policy: 1.0464, Value: 0.0350
2025-11-29 14:42:04,280 - INFO - Epoch: 200, Loss: 1.0813, Policy: 1.0504, Value: 0.0771
2025-11-29 14:42:04,719 - INFO - Epoch: 300, Loss: 1.1864, Policy: 1.1451, Value: 0.1033
2025-11-29 14:42:05,169 - INFO - Epoch: 400, Loss: 1.1968, Policy: 1.1750, Value: 0.0544
2025-11-29 14:42:05,627 - INFO - Epoch: 500, Loss: 1.1698, Policy: 1.1366, Value: 0.0830
2025-11-29 14:42:06,081 - INFO - Epoch: 600, Loss: 1.1790, Policy: 1.1558, Value: 0.0579
2025-11-29 14:42:06,533 - INFO - Epoch: 700, Loss: 1.1474, Policy: 1.1270, Value: 0.0510
2025-11-29 14:42:06,978 - INFO - Epoch: 800, Loss: 1.2382, Policy: 1.2049, Value: 0.0834
2025-11-29 14:42:06,981 - INFO - 训练结束，最新模型已保存到 model.pth
2025-11-29 14:42:06,982 - INFO - 第411局
2025-11-29 14:42:08,283 - INFO - 2赢了
2025-11-29 14:42:08,283 - INFO - 第412局
2025-11-29 14:42:09,428 - INFO - 2赢了
2025-11-29 14:42:09,428 - INFO - 第413局
2025-11-29 14:42:10,355 - INFO - 1赢了
2025-11-29 14:42:10,355 - INFO - 第414局
2025-11-29 14:42:11,682 - INFO - 1赢了
2025-11-29 14:42:11,683 - INFO - 第415局
2025-11-29 14:42:13,056 - INFO - 2赢了
2025-11-29 14:42:13,056 - INFO - 第416局
2025-11-29 14:42:13,871 - INFO - 2赢了
2025-11-29 14:42:13,871 - INFO - 第417局
2025-11-29 14:42:14,853 - INFO - 1赢了
2025-11-29 14:42:14,853 - INFO - 第418局
2025-11-29 14:42:15,783 - INFO - 1赢了
2025-11-29 14:42:15,783 - INFO - 第419局
2025-11-29 14:42:17,007 - INFO - 2赢了
2025-11-29 14:42:17,007 - INFO - 第420局
2025-11-29 14:42:18,433 - INFO - 2赢了
2025-11-29 14:42:18,443 - INFO - Epoch: 0, Loss: 1.1473, Policy: 1.1310, Value: 0.0408
2025-11-29 14:42:18,931 - INFO - Epoch: 100, Loss: 1.1372, Policy: 1.1127, Value: 0.0611
2025-11-29 14:42:19,407 - INFO - Epoch: 200, Loss: 1.0485, Policy: 1.0246, Value: 0.0597
2025-11-29 14:42:19,845 - INFO - Epoch: 300, Loss: 1.0971, Policy: 1.0767, Value: 0.0510
2025-11-29 14:42:20,282 - INFO - Epoch: 400, Loss: 1.1364, Policy: 1.1119, Value: 0.0614
2025-11-29 14:42:20,743 - INFO - Epoch: 500, Loss: 1.2895, Policy: 1.2614, Value: 0.0703
2025-11-29 14:42:21,214 - INFO - Epoch: 600, Loss: 1.1373, Policy: 1.1133, Value: 0.0602
2025-11-29 14:42:22,773 - INFO - Epoch: 700, Loss: 1.1284, Policy: 1.1094, Value: 0.0476
2025-11-29 14:42:23,228 - INFO - Epoch: 800, Loss: 1.1781, Policy: 1.1501, Value: 0.0700
2025-11-29 14:42:23,232 - INFO - 训练结束，最新模型已保存到 model.pth
2025-11-29 14:42:23,232 - INFO - 第421局
2025-11-29 14:42:24,547 - INFO - 2赢了
2025-11-29 14:42:24,547 - INFO - 第422局
2025-11-29 14:42:25,342 - INFO - 1赢了
2025-11-29 14:42:25,342 - INFO - 第423局
2025-11-29 14:42:26,412 - INFO - 2赢了
2025-11-29 14:42:26,412 - INFO - 第424局
2025-11-29 14:42:27,774 - INFO - 2赢了
2025-11-29 14:42:27,775 - INFO - 第425局
2025-11-29 14:42:29,144 - INFO - 2赢了
2025-11-29 14:42:29,145 - INFO - 第426局
2025-11-29 14:42:29,963 - INFO - 2赢了
2025-11-29 14:42:29,964 - INFO - 第427局
2025-11-29 14:42:31,550 - INFO - 2赢了
2025-11-29 14:42:31,550 - INFO - 第428局
2025-11-29 14:42:32,675 - INFO - 2赢了
2025-11-29 14:42:32,675 - INFO - 第429局
2025-11-29 14:42:33,803 - INFO - 1赢了
2025-11-29 14:42:33,803 - INFO - 第430局
2025-11-29 14:42:34,947 - INFO - 1赢了
2025-11-29 14:42:34,956 - INFO - Epoch: 0, Loss: 1.1678, Policy: 1.1422, Value: 0.0642
2025-11-29 14:42:35,445 - INFO - Epoch: 100, Loss: 1.2733, Policy: 1.2554, Value: 0.0449
2025-11-29 14:42:35,911 - INFO - Epoch: 200, Loss: 1.1075, Policy: 1.0914, Value: 0.0403
2025-11-29 14:42:36,366 - INFO - Epoch: 300, Loss: 1.2134, Policy: 1.1847, Value: 0.0715
2025-11-29 14:42:36,836 - INFO - Epoch: 400, Loss: 1.3138, Policy: 1.2879, Value: 0.0647
2025-11-29 14:42:37,279 - INFO - Epoch: 500, Loss: 1.2243, Policy: 1.1936, Value: 0.0768
2025-11-29 14:42:37,727 - INFO - Epoch: 600, Loss: 1.2629, Policy: 1.2363, Value: 0.0664
2025-11-29 14:42:38,166 - INFO - Epoch: 700, Loss: 1.2743, Policy: 1.2464, Value: 0.0696
2025-11-29 14:42:38,610 - INFO - Epoch: 800, Loss: 1.1996, Policy: 1.1792, Value: 0.0509
2025-11-29 14:42:38,613 - INFO - 训练结束，最新模型已保存到 model.pth
2025-11-29 14:42:38,614 - INFO - 第431局
2025-11-29 14:42:39,392 - INFO - 2赢了
2025-11-29 14:42:39,392 - INFO - 第432局
2025-11-29 14:42:40,744 - INFO - 2赢了
2025-11-29 14:42:40,744 - INFO - 第433局
2025-11-29 14:42:42,093 - INFO - 2赢了
2025-11-29 14:42:42,093 - INFO - 第434局
2025-11-29 14:42:43,290 - INFO - 2赢了
2025-11-29 14:42:43,290 - INFO - 第435局
2025-11-29 14:42:44,498 - INFO - 2赢了
2025-11-29 14:42:44,498 - INFO - 第436局
2025-11-29 14:42:45,143 - INFO - 2赢了
2025-11-29 14:42:45,143 - INFO - 第437局
2025-11-29 14:42:46,031 - INFO - 1赢了
2025-11-29 14:42:46,031 - INFO - 第438局
2025-11-29 14:42:47,308 - INFO - 1赢了
2025-11-29 14:42:47,308 - INFO - 第439局
2025-11-29 14:42:48,329 - INFO - 1赢了
2025-11-29 14:42:48,329 - INFO - 第440局
2025-11-29 14:42:49,557 - INFO - 2赢了
2025-11-29 14:42:49,567 - INFO - Epoch: 0, Loss: 1.0653, Policy: 1.0425, Value: 0.0571
2025-11-29 14:42:50,056 - INFO - Epoch: 100, Loss: 1.2815, Policy: 1.2548, Value: 0.0668
2025-11-29 14:42:50,549 - INFO - Epoch: 200, Loss: 1.2045, Policy: 1.1846, Value: 0.0498
2025-11-29 14:42:50,989 - INFO - Epoch: 300, Loss: 1.1252, Policy: 1.0945, Value: 0.0770
2025-11-29 14:42:51,442 - INFO - Epoch: 400, Loss: 1.0901, Policy: 1.0689, Value: 0.0529
2025-11-29 14:42:51,922 - INFO - Epoch: 500, Loss: 1.2418, Policy: 1.2105, Value: 0.0782
2025-11-29 14:42:52,380 - INFO - Epoch: 600, Loss: 1.1641, Policy: 1.1371, Value: 0.0676
2025-11-29 14:42:52,835 - INFO - Epoch: 700, Loss: 1.1729, Policy: 1.1587, Value: 0.0356
2025-11-29 14:42:53,338 - INFO - Epoch: 800, Loss: 1.1540, Policy: 1.1202, Value: 0.0845
2025-11-29 14:42:53,341 - INFO - 训练结束，最新模型已保存到 model.pth
2025-11-29 14:42:53,342 - INFO - 第441局
2025-11-29 14:42:54,434 - INFO - 2赢了
2025-11-29 14:42:54,435 - INFO - 第442局
2025-11-29 14:42:56,690 - INFO - 2赢了
2025-11-29 14:42:56,691 - INFO - 第443局
2025-11-29 14:42:57,599 - INFO - 1赢了
2025-11-29 14:42:57,599 - INFO - 第444局
2025-11-29 14:42:58,525 - INFO - 1赢了
2025-11-29 14:42:58,525 - INFO - 第445局
2025-11-29 14:42:59,348 - INFO - 1赢了
2025-11-29 14:42:59,348 - INFO - 第446局
2025-11-29 14:43:00,181 - INFO - 1赢了
2025-11-29 14:43:00,181 - INFO - 第447局
2025-11-29 14:43:01,547 - INFO - 1赢了
2025-11-29 14:43:01,547 - INFO - 第448局
2025-11-29 14:43:03,595 - INFO - 1赢了
2025-11-29 14:43:03,595 - INFO - 第449局
2025-11-29 14:43:04,479 - INFO - 2赢了
2025-11-29 14:43:04,480 - INFO - 第450局
2025-11-29 14:43:05,621 - INFO - 2赢了
2025-11-29 14:43:05,631 - INFO - Epoch: 0, Loss: 1.1860, Policy: 1.1556, Value: 0.0760
2025-11-29 14:43:06,082 - INFO - Epoch: 100, Loss: 1.0816, Policy: 1.0665, Value: 0.0377
2025-11-29 14:43:06,492 - INFO - Epoch: 200, Loss: 1.2167, Policy: 1.1880, Value: 0.0719
2025-11-29 14:43:06,898 - INFO - Epoch: 300, Loss: 1.2144, Policy: 1.1865, Value: 0.0696
2025-11-29 14:43:07,331 - INFO - Epoch: 400, Loss: 1.1970, Policy: 1.1702, Value: 0.0669
2025-11-29 14:43:07,741 - INFO - Epoch: 500, Loss: 1.2144, Policy: 1.1960, Value: 0.0459
2025-11-29 14:43:08,150 - INFO - Epoch: 600, Loss: 1.2273, Policy: 1.2037, Value: 0.0590
2025-11-29 14:43:08,572 - INFO - Epoch: 700, Loss: 1.2115, Policy: 1.1879, Value: 0.0589
2025-11-29 14:43:09,019 - INFO - Epoch: 800, Loss: 1.1228, Policy: 1.1018, Value: 0.0523
2025-11-29 14:43:09,023 - INFO - 训练结束，最新模型已保存到 model.pth
2025-11-29 14:43:09,024 - INFO - 第451局
2025-11-29 14:43:10,396 - INFO - 2赢了
2025-11-29 14:43:10,396 - INFO - 第452局
2025-11-29 14:43:11,782 - INFO - 2赢了
2025-11-29 14:43:11,782 - INFO - 第453局
2025-11-29 14:43:12,474 - INFO - 2赢了
2025-11-29 14:43:12,474 - INFO - 第454局
2025-11-29 14:43:13,912 - INFO - 2赢了
2025-11-29 14:43:13,912 - INFO - 第455局
2025-11-29 14:43:15,017 - INFO - 2赢了
2025-11-29 14:43:15,017 - INFO - 第456局
2025-11-29 14:43:16,418 - INFO - 2赢了
2025-11-29 14:43:16,418 - INFO - 第457局
2025-11-29 14:43:17,814 - INFO - 1赢了
2025-11-29 14:43:17,814 - INFO - 第458局
2025-11-29 14:43:18,842 - INFO - 2赢了
2025-11-29 14:43:18,842 - INFO - 第459局
2025-11-29 14:43:20,283 - INFO - 2赢了
2025-11-29 14:43:20,283 - INFO - 第460局
2025-11-29 14:43:21,337 - INFO - 1赢了
2025-11-29 14:43:21,348 - INFO - Epoch: 0, Loss: 1.1808, Policy: 1.1504, Value: 0.0760
2025-11-29 14:43:21,841 - INFO - Epoch: 100, Loss: 1.2086, Policy: 1.1788, Value: 0.0746
2025-11-29 14:43:22,289 - INFO - Epoch: 200, Loss: 1.1182, Policy: 1.0962, Value: 0.0549
2025-11-29 14:43:22,737 - INFO - Epoch: 300, Loss: 1.0234, Policy: 1.0013, Value: 0.0553
2025-11-29 14:43:23,182 - INFO - Epoch: 400, Loss: 1.1775, Policy: 1.1417, Value: 0.0896
2025-11-29 14:43:23,626 - INFO - Epoch: 500, Loss: 1.0161, Policy: 0.9899, Value: 0.0654
2025-11-29 14:43:24,068 - INFO - Epoch: 600, Loss: 1.2288, Policy: 1.1909, Value: 0.0948
2025-11-29 14:43:24,516 - INFO - Epoch: 700, Loss: 1.1717, Policy: 1.1489, Value: 0.0569
2025-11-29 14:43:24,981 - INFO - Epoch: 800, Loss: 1.1370, Policy: 1.1062, Value: 0.0769
2025-11-29 14:43:24,985 - INFO - 训练结束，最新模型已保存到 model.pth
2025-11-29 14:43:24,985 - INFO - 第461局
2025-11-29 14:43:26,591 - INFO - 1赢了
2025-11-29 14:43:26,591 - INFO - 第462局
2025-11-29 14:43:27,872 - INFO - 2赢了
2025-11-29 14:43:27,872 - INFO - 第463局
2025-11-29 14:43:30,735 - INFO - 2赢了
2025-11-29 14:43:30,735 - INFO - 第464局
2025-11-29 14:43:32,003 - INFO - 2赢了
2025-11-29 14:43:32,003 - INFO - 第465局
2025-11-29 14:43:33,447 - INFO - 2赢了
2025-11-29 14:43:33,447 - INFO - 第466局
2025-11-29 14:43:34,383 - INFO - 2赢了
2025-11-29 14:43:34,383 - INFO - 第467局
2025-11-29 14:43:35,692 - INFO - 2赢了
2025-11-29 14:43:35,692 - INFO - 第468局
2025-11-29 14:43:36,953 - INFO - 2赢了
2025-11-29 14:43:36,953 - INFO - 第469局
2025-11-29 14:43:38,212 - INFO - 2赢了
2025-11-29 14:43:38,213 - INFO - 第470局
2025-11-29 14:43:39,844 - INFO - 1赢了
2025-11-29 14:43:39,852 - INFO - Epoch: 0, Loss: 1.0579, Policy: 1.0386, Value: 0.0483
2025-11-29 14:43:40,344 - INFO - Epoch: 100, Loss: 1.1670, Policy: 1.1391, Value: 0.0698
2025-11-29 14:43:40,788 - INFO - Epoch: 200, Loss: 1.1077, Policy: 1.0762, Value: 0.0788
2025-11-29 14:43:41,237 - INFO - Epoch: 300, Loss: 1.0190, Policy: 1.0002, Value: 0.0469
2025-11-29 14:43:41,678 - INFO - Epoch: 400, Loss: 1.0945, Policy: 1.0692, Value: 0.0635
2025-11-29 14:43:42,130 - INFO - Epoch: 500, Loss: 1.1018, Policy: 1.0702, Value: 0.0788
2025-11-29 14:43:42,577 - INFO - Epoch: 600, Loss: 1.1621, Policy: 1.1432, Value: 0.0472
2025-11-29 14:43:43,031 - INFO - Epoch: 700, Loss: 1.0868, Policy: 1.0624, Value: 0.0610
2025-11-29 14:43:43,485 - INFO - Epoch: 800, Loss: 1.1072, Policy: 1.0807, Value: 0.0663
2025-11-29 14:43:43,489 - INFO - 训练结束，最新模型已保存到 model.pth
2025-11-29 14:43:43,490 - INFO - 第471局
2025-11-29 14:43:44,266 - INFO - 1赢了
2025-11-29 14:43:44,266 - INFO - 第472局
2025-11-29 14:43:45,657 - INFO - 2赢了
2025-11-29 14:43:45,657 - INFO - 第473局
2025-11-29 14:43:46,903 - INFO - 2赢了
2025-11-29 14:43:46,903 - INFO - 第474局
2025-11-29 14:43:48,086 - INFO - 1赢了
2025-11-29 14:43:48,086 - INFO - 第475局
2025-11-29 14:43:49,267 - INFO - 2赢了
2025-11-29 14:43:49,267 - INFO - 第476局
2025-11-29 14:43:49,905 - INFO - 2赢了
2025-11-29 14:43:49,906 - INFO - 第477局
2025-11-29 14:43:51,357 - INFO - 2赢了
2025-11-29 14:43:51,357 - INFO - 第478局
2025-11-29 14:43:52,596 - INFO - 1赢了
2025-11-29 14:43:52,596 - INFO - 第479局
2025-11-29 14:43:54,132 - INFO - 2赢了
2025-11-29 14:43:54,132 - INFO - 第480局
2025-11-29 14:43:55,635 - INFO - 2赢了
2025-11-29 14:43:55,648 - INFO - Epoch: 0, Loss: 1.1613, Policy: 1.1253, Value: 0.0899
2025-11-29 14:43:56,149 - INFO - Epoch: 100, Loss: 1.1663, Policy: 1.1387, Value: 0.0690
2025-11-29 14:43:56,603 - INFO - Epoch: 200, Loss: 0.9332, Policy: 0.9176, Value: 0.0391
2025-11-29 14:43:57,050 - INFO - Epoch: 300, Loss: 1.2867, Policy: 1.2653, Value: 0.0535
2025-11-29 14:43:57,514 - INFO - Epoch: 400, Loss: 1.2016, Policy: 1.1824, Value: 0.0481
2025-11-29 14:43:57,955 - INFO - Epoch: 500, Loss: 1.1756, Policy: 1.1457, Value: 0.0748
2025-11-29 14:43:58,424 - INFO - Epoch: 600, Loss: 1.1750, Policy: 1.1472, Value: 0.0696
2025-11-29 14:43:58,869 - INFO - Epoch: 700, Loss: 1.1513, Policy: 1.1235, Value: 0.0695
2025-11-29 14:43:59,314 - INFO - Epoch: 800, Loss: 1.1712, Policy: 1.1462, Value: 0.0625
2025-11-29 14:43:59,317 - INFO - 训练结束，最新模型已保存到 model.pth
2025-11-29 14:43:59,317 - INFO - 第481局
2025-11-29 14:44:00,222 - INFO - 2赢了
2025-11-29 14:44:00,222 - INFO - 第482局
2025-11-29 14:44:01,554 - INFO - 2赢了
2025-11-29 14:44:01,554 - INFO - 第483局
2025-11-29 14:44:03,636 - INFO - 2赢了
2025-11-29 14:44:03,636 - INFO - 第484局
2025-11-29 14:44:05,104 - INFO - 2赢了
2025-11-29 14:44:05,105 - INFO - 第485局
2025-11-29 14:44:06,614 - INFO - 2赢了
2025-11-29 14:44:06,614 - INFO - 第486局
2025-11-29 14:44:07,723 - INFO - 1赢了
2025-11-29 14:44:07,723 - INFO - 第487局
2025-11-29 14:44:08,418 - INFO - 1赢了
2025-11-29 14:44:08,418 - INFO - 第488局
2025-11-29 14:44:09,523 - INFO - 2赢了
2025-11-29 14:44:09,523 - INFO - 第489局
2025-11-29 14:44:10,706 - INFO - 2赢了
2025-11-29 14:44:10,706 - INFO - 第490局
2025-11-29 14:44:11,318 - INFO - 2赢了
2025-11-29 14:44:11,327 - INFO - Epoch: 0, Loss: 1.2037, Policy: 1.1835, Value: 0.0504
2025-11-29 14:44:11,800 - INFO - Epoch: 100, Loss: 1.1033, Policy: 1.0779, Value: 0.0635
2025-11-29 14:44:12,253 - INFO - Epoch: 200, Loss: 1.1879, Policy: 1.1520, Value: 0.0896
2025-11-29 14:44:12,724 - INFO - Epoch: 300, Loss: 1.2465, Policy: 1.2269, Value: 0.0489
2025-11-29 14:44:13,187 - INFO - Epoch: 400, Loss: 1.2179, Policy: 1.1904, Value: 0.0687
2025-11-29 14:44:13,637 - INFO - Epoch: 500, Loss: 1.2031, Policy: 1.1763, Value: 0.0672
2025-11-29 14:44:14,114 - INFO - Epoch: 600, Loss: 1.2998, Policy: 1.2658, Value: 0.0851
2025-11-29 14:44:14,562 - INFO - Epoch: 700, Loss: 1.1328, Policy: 1.1093, Value: 0.0588
2025-11-29 14:44:15,016 - INFO - Epoch: 800, Loss: 1.2103, Policy: 1.1781, Value: 0.0805
2025-11-29 14:44:15,020 - INFO - 训练结束，最新模型已保存到 model.pth
2025-11-29 14:44:15,021 - INFO - 第491局
2025-11-29 14:44:15,906 - INFO - 1赢了
2025-11-29 14:44:15,906 - INFO - 第492局
2025-11-29 14:44:17,058 - INFO - 2赢了
2025-11-29 14:44:17,058 - INFO - 第493局
2025-11-29 14:44:18,223 - INFO - 2赢了
2025-11-29 14:44:18,223 - INFO - 第494局
2025-11-29 14:44:19,416 - INFO - 2赢了
2025-11-29 14:44:19,416 - INFO - 第495局
2025-11-29 14:44:20,386 - INFO - 2赢了
2025-11-29 14:44:20,386 - INFO - 第496局
2025-11-29 14:44:21,446 - INFO - 1赢了
2025-11-29 14:44:21,446 - INFO - 第497局
2025-11-29 14:44:22,495 - INFO - 2赢了
2025-11-29 14:44:22,495 - INFO - 第498局
2025-11-29 14:44:23,708 - INFO - 2赢了
2025-11-29 14:44:23,709 - INFO - 第499局
2025-11-29 14:44:24,809 - INFO - 2赢了
2025-11-29 14:44:24,809 - INFO - 第500局
2025-11-29 14:44:26,024 - INFO - 2赢了
2025-11-29 14:44:26,035 - INFO - Epoch: 0, Loss: 1.1866, Policy: 1.1586, Value: 0.0698
2025-11-29 14:44:26,526 - INFO - Epoch: 100, Loss: 1.1734, Policy: 1.1556, Value: 0.0445
2025-11-29 14:44:26,996 - INFO - Epoch: 200, Loss: 1.1817, Policy: 1.1586, Value: 0.0576
2025-11-29 14:44:27,434 - INFO - Epoch: 300, Loss: 1.1052, Policy: 1.0836, Value: 0.0540
2025-11-29 14:44:27,883 - INFO - Epoch: 400, Loss: 1.2369, Policy: 1.2051, Value: 0.0797
2025-11-29 14:44:28,353 - INFO - Epoch: 500, Loss: 1.2290, Policy: 1.1972, Value: 0.0794
2025-11-29 14:44:28,801 - INFO - Epoch: 600, Loss: 1.1327, Policy: 1.1116, Value: 0.0526
2025-11-29 14:44:29,277 - INFO - Epoch: 700, Loss: 1.0977, Policy: 1.0812, Value: 0.0413
2025-11-29 14:44:29,721 - INFO - Epoch: 800, Loss: 1.2491, Policy: 1.2180, Value: 0.0777
2025-11-29 14:44:29,725 - INFO - 训练结束，最新模型已保存到 model.pth
2025-11-29 14:44:29,726 - INFO - 第501局
2025-11-29 14:44:30,590 - INFO - 1赢了
2025-11-29 14:44:30,590 - INFO - 第502局
2025-11-29 14:44:31,196 - INFO - 2赢了
2025-11-29 14:44:31,196 - INFO - 第503局
2025-11-29 14:44:32,651 - INFO - 2赢了
2025-11-29 14:44:32,652 - INFO - 第504局
2025-11-29 14:44:34,145 - INFO - 2赢了
2025-11-29 14:44:34,145 - INFO - 第505局
2025-11-29 14:44:35,442 - INFO - 2赢了
2025-11-29 14:44:35,442 - INFO - 第506局
2025-11-29 14:44:36,849 - INFO - 2赢了
2025-11-29 14:44:36,849 - INFO - 第507局
2025-11-29 14:44:38,482 - INFO - 2赢了
2025-11-29 14:44:38,482 - INFO - 第508局
2025-11-29 14:44:40,092 - INFO - 2赢了
2025-11-29 14:44:40,092 - INFO - 第509局
2025-11-29 14:44:41,561 - INFO - 2赢了
2025-11-29 14:44:41,562 - INFO - 第510局
2025-11-29 14:44:43,215 - INFO - 2赢了
2025-11-29 14:44:43,229 - INFO - Epoch: 0, Loss: 1.1289, Policy: 1.0955, Value: 0.0836
2025-11-29 14:44:43,775 - INFO - Epoch: 100, Loss: 1.1391, Policy: 1.1166, Value: 0.0562
2025-11-29 14:44:44,284 - INFO - Epoch: 200, Loss: 1.2018, Policy: 1.1716, Value: 0.0757
2025-11-29 14:44:44,777 - INFO - Epoch: 300, Loss: 1.1308, Policy: 1.1061, Value: 0.0618
2025-11-29 14:44:45,261 - INFO - Epoch: 400, Loss: 1.2392, Policy: 1.2141, Value: 0.0630
2025-11-29 14:44:45,757 - INFO - Epoch: 500, Loss: 1.0798, Policy: 1.0606, Value: 0.0481
2025-11-29 14:44:46,251 - INFO - Epoch: 600, Loss: 1.1749, Policy: 1.1506, Value: 0.0606
2025-11-29 14:44:46,752 - INFO - Epoch: 700, Loss: 1.0620, Policy: 1.0380, Value: 0.0601
2025-11-29 14:44:47,244 - INFO - Epoch: 800, Loss: 1.2894, Policy: 1.2547, Value: 0.0868
2025-11-29 14:44:47,248 - INFO - 训练结束，最新模型已保存到 model.pth
2025-11-29 14:44:47,249 - INFO - 第511局
2025-11-29 14:44:48,410 - INFO - 1赢了
2025-11-29 14:44:48,410 - INFO - 第512局
2025-11-29 14:44:49,514 - INFO - 1赢了
2025-11-29 14:44:49,514 - INFO - 第513局
2025-11-29 14:44:52,097 - INFO - 2赢了
2025-11-29 14:44:52,097 - INFO - 第514局
2025-11-29 14:44:53,735 - INFO - 2赢了
2025-11-29 14:44:53,735 - INFO - 第515局
2025-11-29 14:44:55,301 - INFO - 2赢了
2025-11-29 14:44:55,301 - INFO - 第516局
2025-11-29 14:44:56,420 - INFO - 2赢了
2025-11-29 14:44:56,420 - INFO - 第517局
2025-11-29 14:44:57,288 - INFO - 1赢了
2025-11-29 14:44:57,288 - INFO - 第518局
2025-11-29 14:44:58,901 - INFO - 2赢了
2025-11-29 14:44:58,901 - INFO - 第519局
2025-11-29 14:45:00,193 - INFO - 1赢了
2025-11-29 14:45:00,193 - INFO - 第520局
2025-11-29 14:45:01,422 - INFO - 1赢了
2025-11-29 14:45:01,433 - INFO - Epoch: 0, Loss: 1.1447, Policy: 1.1223, Value: 0.0561
2025-11-29 14:45:01,917 - INFO - Epoch: 100, Loss: 1.0892, Policy: 1.0667, Value: 0.0564
2025-11-29 14:45:02,341 - INFO - Epoch: 200, Loss: 1.2672, Policy: 1.2408, Value: 0.0659
2025-11-29 14:45:02,771 - INFO - Epoch: 300, Loss: 1.0944, Policy: 1.0725, Value: 0.0547
2025-11-29 14:45:03,204 - INFO - Epoch: 400, Loss: 1.0714, Policy: 1.0467, Value: 0.0618
2025-11-29 14:45:03,646 - INFO - Epoch: 500, Loss: 1.1584, Policy: 1.1257, Value: 0.0819
2025-11-29 14:45:04,071 - INFO - Epoch: 600, Loss: 1.0203, Policy: 1.0019, Value: 0.0460
2025-11-29 14:45:04,518 - INFO - Epoch: 700, Loss: 1.2279, Policy: 1.2003, Value: 0.0690
2025-11-29 14:45:04,972 - INFO - Epoch: 800, Loss: 1.0367, Policy: 1.0167, Value: 0.0500
2025-11-29 14:45:04,976 - INFO - 训练结束，最新模型已保存到 model.pth
2025-11-29 14:45:04,977 - INFO - 第521局
2025-11-29 14:45:06,236 - INFO - 2赢了
2025-11-29 14:45:06,236 - INFO - 第522局
2025-11-29 14:45:07,334 - INFO - 1赢了
2025-11-29 14:45:07,334 - INFO - 第523局
2025-11-29 14:45:08,602 - INFO - 2赢了
2025-11-29 14:45:08,602 - INFO - 第524局
2025-11-29 14:45:09,733 - INFO - 1赢了
2025-11-29 14:45:09,733 - INFO - 第525局
2025-11-29 14:45:11,157 - INFO - 2赢了
2025-11-29 14:45:11,157 - INFO - 第526局
2025-11-29 14:45:12,680 - INFO - 2赢了
2025-11-29 14:45:12,680 - INFO - 第527局
2025-11-29 14:45:14,224 - INFO - 2赢了
2025-11-29 14:45:14,224 - INFO - 第528局
2025-11-29 14:45:15,860 - INFO - 2赢了
2025-11-29 14:45:15,860 - INFO - 第529局
2025-11-29 14:45:17,213 - INFO - 2赢了
2025-11-29 14:45:17,213 - INFO - 第530局
2025-11-29 14:45:18,773 - INFO - 2赢了
2025-11-29 14:45:18,791 - INFO - Epoch: 0, Loss: 1.1770, Policy: 1.1490, Value: 0.0702
2025-11-29 14:45:19,315 - INFO - Epoch: 100, Loss: 1.2960, Policy: 1.2639, Value: 0.0802
2025-11-29 14:45:19,781 - INFO - Epoch: 200, Loss: 1.2196, Policy: 1.1899, Value: 0.0742
2025-11-29 14:45:20,251 - INFO - Epoch: 300, Loss: 1.2256, Policy: 1.1910, Value: 0.0863
2025-11-29 14:45:20,747 - INFO - Epoch: 400, Loss: 1.0441, Policy: 1.0250, Value: 0.0480
2025-11-29 14:45:21,238 - INFO - Epoch: 500, Loss: 1.2405, Policy: 1.2223, Value: 0.0456
2025-11-29 14:45:21,729 - INFO - Epoch: 600, Loss: 1.1388, Policy: 1.0977, Value: 0.1030
2025-11-29 14:45:22,199 - INFO - Epoch: 700, Loss: 1.1526, Policy: 1.1281, Value: 0.0613
2025-11-29 14:45:22,682 - INFO - Epoch: 800, Loss: 1.1000, Policy: 1.0779, Value: 0.0553
2025-11-29 14:45:22,686 - INFO - 训练结束，最新模型已保存到 model.pth
2025-11-29 14:45:22,687 - INFO - 第531局
2025-11-29 14:45:23,801 - INFO - 1赢了
2025-11-29 14:45:23,801 - INFO - 第532局
2025-11-29 14:45:25,524 - INFO - 2赢了
2025-11-29 14:45:25,524 - INFO - 第533局
2025-11-29 14:45:26,651 - INFO - 1赢了
2025-11-29 14:45:26,651 - INFO - 第534局
2025-11-29 14:45:27,999 - INFO - 2赢了
2025-11-29 14:45:27,999 - INFO - 第535局
2025-11-29 14:45:29,640 - INFO - 2赢了
2025-11-29 14:45:29,640 - INFO - 第536局
2025-11-29 14:45:31,023 - INFO - 2赢了
2025-11-29 14:45:31,023 - INFO - 第537局
2025-11-29 14:45:32,903 - INFO - 2赢了
2025-11-29 14:45:32,903 - INFO - 第538局
2025-11-29 14:45:34,307 - INFO - 2赢了
2025-11-29 14:45:34,307 - INFO - 第539局
2025-11-29 14:45:35,248 - INFO - 1赢了
2025-11-29 14:45:35,248 - INFO - 第540局
2025-11-29 14:45:36,838 - INFO - 2赢了
2025-11-29 14:45:36,848 - INFO - Epoch: 0, Loss: 1.2880, Policy: 1.2561, Value: 0.0799
2025-11-29 14:45:37,312 - INFO - Epoch: 100, Loss: 1.1915, Policy: 1.1743, Value: 0.0431
2025-11-29 14:45:37,730 - INFO - Epoch: 200, Loss: 1.2341, Policy: 1.1946, Value: 0.0987
2025-11-29 14:45:38,161 - INFO - Epoch: 300, Loss: 1.2517, Policy: 1.2231, Value: 0.0713
2025-11-29 14:45:38,581 - INFO - Epoch: 400, Loss: 1.1692, Policy: 1.1458, Value: 0.0585
2025-11-29 14:45:38,998 - INFO - Epoch: 500, Loss: 1.1945, Policy: 1.1719, Value: 0.0563
2025-11-29 14:45:39,421 - INFO - Epoch: 600, Loss: 1.0843, Policy: 1.0711, Value: 0.0330
2025-11-29 14:45:39,843 - INFO - Epoch: 700, Loss: 1.1972, Policy: 1.1655, Value: 0.0791
2025-11-29 14:45:40,278 - INFO - Epoch: 800, Loss: 1.2331, Policy: 1.2001, Value: 0.0825
2025-11-29 14:45:40,282 - INFO - 训练结束，最新模型已保存到 model.pth
2025-11-29 14:45:40,283 - INFO - 第541局
2025-11-29 14:45:40,977 - INFO - 1赢了
2025-11-29 14:45:40,977 - INFO - 第542局
2025-11-29 14:45:41,860 - INFO - 1赢了
2025-11-29 14:45:41,860 - INFO - 第543局
2025-11-29 14:45:43,435 - INFO - 2赢了
2025-11-29 14:45:43,435 - INFO - 第544局
2025-11-29 14:45:45,298 - INFO - 1赢了
2025-11-29 14:45:45,298 - INFO - 第545局
2025-11-29 14:45:46,427 - INFO - 1赢了
2025-11-29 14:45:46,427 - INFO - 第546局
2025-11-29 14:45:48,092 - INFO - 2赢了
2025-11-29 14:45:48,093 - INFO - 第547局
2025-11-29 14:45:48,868 - INFO - 2赢了
2025-11-29 14:45:48,868 - INFO - 第548局
2025-11-29 14:45:50,327 - INFO - 2赢了
2025-11-29 14:45:50,327 - INFO - 第549局
2025-11-29 14:45:51,337 - INFO - 1赢了
2025-11-29 14:45:51,337 - INFO - 第550局
2025-11-29 14:45:53,016 - INFO - 2赢了
2025-11-29 14:45:53,026 - INFO - Epoch: 0, Loss: 1.2322, Policy: 1.2156, Value: 0.0416
2025-11-29 14:45:53,515 - INFO - Epoch: 100, Loss: 1.0565, Policy: 1.0392, Value: 0.0434
2025-11-29 14:45:53,974 - INFO - Epoch: 200, Loss: 1.1858, Policy: 1.1564, Value: 0.0735
2025-11-29 14:45:54,449 - INFO - Epoch: 300, Loss: 1.1366, Policy: 1.1175, Value: 0.0477
2025-11-29 14:45:54,916 - INFO - Epoch: 400, Loss: 1.1883, Policy: 1.1656, Value: 0.0568
2025-11-29 14:45:55,385 - INFO - Epoch: 500, Loss: 1.1213, Policy: 1.1043, Value: 0.0424
2025-11-29 14:45:55,850 - INFO - Epoch: 600, Loss: 1.2880, Policy: 1.2495, Value: 0.0963
2025-11-29 14:45:56,323 - INFO - Epoch: 700, Loss: 1.1122, Policy: 1.0944, Value: 0.0445
2025-11-29 14:45:56,790 - INFO - Epoch: 800, Loss: 1.0929, Policy: 1.0736, Value: 0.0483
2025-11-29 14:45:56,794 - INFO - 训练结束，最新模型已保存到 model.pth
2025-11-29 14:45:56,795 - INFO - 第551局
2025-11-29 14:45:58,908 - INFO - 1赢了
2025-11-29 14:45:58,908 - INFO - 第552局
2025-11-29 14:45:59,977 - INFO - 1赢了
2025-11-29 14:45:59,978 - INFO - 第553局
2025-11-29 14:46:01,068 - INFO - 1赢了
2025-11-29 14:46:01,068 - INFO - 第554局
2025-11-29 14:46:01,808 - INFO - 2赢了
2025-11-29 14:46:01,808 - INFO - 第555局
2025-11-29 14:46:03,047 - INFO - 2赢了
2025-11-29 14:46:03,048 - INFO - 第556局
2025-11-29 14:46:04,182 - INFO - 1赢了
2025-11-29 14:46:04,182 - INFO - 第557局
2025-11-29 14:46:05,585 - INFO - 1赢了
2025-11-29 14:46:05,585 - INFO - 第558局
2025-11-29 14:46:06,489 - INFO - 2赢了
2025-11-29 14:46:06,489 - INFO - 第559局
2025-11-29 14:46:07,347 - INFO - 1赢了
2025-11-29 14:46:07,347 - INFO - 第560局
2025-11-29 14:46:08,281 - INFO - 1赢了
2025-11-29 14:46:08,290 - INFO - Epoch: 0, Loss: 1.1300, Policy: 1.1038, Value: 0.0655
2025-11-29 14:46:08,762 - INFO - Epoch: 100, Loss: 1.2122, Policy: 1.1954, Value: 0.0419
2025-11-29 14:46:09,244 - INFO - Epoch: 200, Loss: 1.1448, Policy: 1.1242, Value: 0.0513
2025-11-29 14:46:09,719 - INFO - Epoch: 300, Loss: 1.0553, Policy: 1.0374, Value: 0.0449
2025-11-29 14:46:10,220 - INFO - Epoch: 400, Loss: 0.9649, Policy: 0.9469, Value: 0.0451
2025-11-29 14:46:10,694 - INFO - Epoch: 500, Loss: 1.2207, Policy: 1.1895, Value: 0.0778
2025-11-29 14:46:11,158 - INFO - Epoch: 600, Loss: 1.1103, Policy: 1.0841, Value: 0.0656
2025-11-29 14:46:11,649 - INFO - Epoch: 700, Loss: 1.0661, Policy: 1.0265, Value: 0.0992
2025-11-29 14:46:12,125 - INFO - Epoch: 800, Loss: 1.1903, Policy: 1.1666, Value: 0.0592
2025-11-29 14:46:12,129 - INFO - 训练结束，最新模型已保存到 model.pth
2025-11-29 14:46:12,130 - INFO - 第561局
2025-11-29 14:46:13,570 - INFO - 2赢了
2025-11-29 14:46:13,571 - INFO - 第562局
2025-11-29 14:46:14,756 - INFO - 2赢了
2025-11-29 14:46:14,756 - INFO - 第563局
2025-11-29 14:46:16,236 - INFO - 2赢了
2025-11-29 14:46:16,236 - INFO - 第564局
2025-11-29 14:46:17,818 - INFO - 2赢了
2025-11-29 14:46:17,818 - INFO - 第565局
2025-11-29 14:46:18,595 - INFO - 2赢了
2025-11-29 14:46:18,595 - INFO - 第566局
2025-11-29 14:46:20,128 - INFO - 2赢了
2025-11-29 14:46:20,128 - INFO - 第567局
2025-11-29 14:46:21,033 - INFO - 2赢了
2025-11-29 14:46:21,033 - INFO - 第568局
2025-11-29 14:46:22,018 - INFO - 1赢了
2025-11-29 14:46:22,018 - INFO - 第569局
2025-11-29 14:46:23,213 - INFO - 1赢了
2025-11-29 14:46:23,213 - INFO - 第570局
2025-11-29 14:46:24,497 - INFO - 2赢了
2025-11-29 14:46:24,509 - INFO - Epoch: 0, Loss: 0.9976, Policy: 0.9692, Value: 0.0709
2025-11-29 14:46:25,027 - INFO - Epoch: 100, Loss: 1.2264, Policy: 1.2005, Value: 0.0647
2025-11-29 14:46:25,532 - INFO - Epoch: 200, Loss: 1.2097, Policy: 1.1781, Value: 0.0791
2025-11-29 14:46:26,059 - INFO - Epoch: 300, Loss: 1.1683, Policy: 1.1425, Value: 0.0647
2025-11-29 14:46:26,579 - INFO - Epoch: 400, Loss: 1.0834, Policy: 1.0683, Value: 0.0380
2025-11-29 14:46:27,089 - INFO - Epoch: 500, Loss: 1.0301, Policy: 1.0097, Value: 0.0511
2025-11-29 14:46:27,586 - INFO - Epoch: 600, Loss: 1.2371, Policy: 1.2059, Value: 0.0778
2025-11-29 14:46:28,123 - INFO - Epoch: 700, Loss: 1.2522, Policy: 1.2201, Value: 0.0804
2025-11-29 14:46:28,669 - INFO - Epoch: 800, Loss: 1.0986, Policy: 1.0752, Value: 0.0584
2025-11-29 14:46:28,673 - INFO - 训练结束，最新模型已保存到 model.pth
2025-11-29 14:46:28,674 - INFO - 第571局
2025-11-29 14:46:29,673 - INFO - 2赢了
2025-11-29 14:46:29,674 - INFO - 第572局
2025-11-29 14:46:30,738 - INFO - 2赢了
2025-11-29 14:46:30,738 - INFO - 第573局
2025-11-29 14:46:33,299 - INFO - 2赢了
2025-11-29 14:46:33,299 - INFO - 第574局
2025-11-29 14:46:35,683 - INFO - 1赢了
2025-11-29 14:46:35,684 - INFO - 第575局
2025-11-29 14:46:36,763 - INFO - 1赢了
2025-11-29 14:46:36,763 - INFO - 第576局
2025-11-29 14:46:37,836 - INFO - 1赢了
2025-11-29 14:46:37,837 - INFO - 第577局
2025-11-29 14:46:38,920 - INFO - 1赢了
2025-11-29 14:46:38,921 - INFO - 第578局
2025-11-29 14:46:39,735 - INFO - 1赢了
2025-11-29 14:46:39,735 - INFO - 第579局
2025-11-29 14:46:40,489 - INFO - 2赢了
2025-11-29 14:46:40,489 - INFO - 第580局
2025-11-29 14:46:41,489 - INFO - 1赢了
2025-11-29 14:46:41,499 - INFO - Epoch: 0, Loss: 1.2101, Policy: 1.1844, Value: 0.0644
2025-11-29 14:46:41,971 - INFO - Epoch: 100, Loss: 1.1425, Policy: 1.1223, Value: 0.0503
2025-11-29 14:46:42,403 - INFO - Epoch: 200, Loss: 1.1303, Policy: 1.1092, Value: 0.0528
2025-11-29 14:46:42,831 - INFO - Epoch: 300, Loss: 1.2634, Policy: 1.2371, Value: 0.0656
2025-11-29 14:46:43,267 - INFO - Epoch: 400, Loss: 1.1734, Policy: 1.1422, Value: 0.0781
2025-11-29 14:46:43,708 - INFO - Epoch: 500, Loss: 1.2103, Policy: 1.1764, Value: 0.0848
2025-11-29 14:46:44,151 - INFO - Epoch: 600, Loss: 1.1507, Policy: 1.1257, Value: 0.0623
2025-11-29 14:46:44,589 - INFO - Epoch: 700, Loss: 1.1722, Policy: 1.1451, Value: 0.0677
2025-11-29 14:46:45,026 - INFO - Epoch: 800, Loss: 1.1494, Policy: 1.1191, Value: 0.0758
2025-11-29 14:46:45,029 - INFO - 训练结束，最新模型已保存到 model.pth
2025-11-29 14:46:45,030 - INFO - 第581局
2025-11-29 14:46:46,458 - INFO - 2赢了
2025-11-29 14:46:46,458 - INFO - 第582局
2025-11-29 14:46:47,387 - INFO - 1赢了
2025-11-29 14:46:47,387 - INFO - 第583局
2025-11-29 14:46:48,346 - INFO - 1赢了
2025-11-29 14:46:48,346 - INFO - 第584局
2025-11-29 14:46:49,622 - INFO - 2赢了
2025-11-29 14:46:49,622 - INFO - 第585局
2025-11-29 14:46:50,730 - INFO - 1赢了
2025-11-29 14:46:50,730 - INFO - 第586局
2025-11-29 14:46:51,713 - INFO - 2赢了
2025-11-29 14:46:51,713 - INFO - 第587局
2025-11-29 14:46:53,041 - INFO - 2赢了
2025-11-29 14:46:53,041 - INFO - 第588局
2025-11-29 14:46:54,637 - INFO - 2赢了
2025-11-29 14:46:54,637 - INFO - 第589局
2025-11-29 14:46:55,779 - INFO - 2赢了
2025-11-29 14:46:55,779 - INFO - 第590局
2025-11-29 14:46:57,500 - INFO - 2赢了
2025-11-29 14:46:57,512 - INFO - Epoch: 0, Loss: 1.1199, Policy: 1.1009, Value: 0.0475
2025-11-29 14:46:57,996 - INFO - Epoch: 100, Loss: 1.2784, Policy: 1.2501, Value: 0.0708
2025-11-29 14:46:58,462 - INFO - Epoch: 200, Loss: 1.2133, Policy: 1.1851, Value: 0.0705
2025-11-29 14:46:58,939 - INFO - Epoch: 300, Loss: 1.2841, Policy: 1.2605, Value: 0.0589
2025-11-29 14:46:59,418 - INFO - Epoch: 400, Loss: 1.1780, Policy: 1.1531, Value: 0.0622
2025-11-29 14:46:59,896 - INFO - Epoch: 500, Loss: 1.0367, Policy: 1.0167, Value: 0.0500
2025-11-29 14:47:00,377 - INFO - Epoch: 600, Loss: 1.1097, Policy: 1.0892, Value: 0.0514
2025-11-29 14:47:00,844 - INFO - Epoch: 700, Loss: 1.2358, Policy: 1.1991, Value: 0.0920
2025-11-29 14:47:01,422 - INFO - Epoch: 800, Loss: 1.1467, Policy: 1.1289, Value: 0.0446
2025-11-29 14:47:01,426 - INFO - 训练结束，最新模型已保存到 model.pth
2025-11-29 14:47:01,427 - INFO - 第591局
2025-11-29 14:47:02,198 - INFO - 2赢了
2025-11-29 14:47:02,198 - INFO - 第592局
2025-11-29 14:47:02,826 - INFO - 1赢了
2025-11-29 14:47:02,826 - INFO - 第593局
2025-11-29 14:47:04,053 - INFO - 2赢了
2025-11-29 14:47:04,053 - INFO - 第594局
2025-11-29 14:47:06,133 - INFO - 2赢了
2025-11-29 14:47:06,133 - INFO - 第595局
2025-11-29 14:47:07,375 - INFO - 2赢了
2025-11-29 14:47:07,375 - INFO - 第596局
2025-11-29 14:47:08,369 - INFO - 1赢了
2025-11-29 14:47:08,369 - INFO - 第597局
2025-11-29 14:47:09,959 - INFO - 2赢了
2025-11-29 14:47:09,959 - INFO - 第598局
2025-11-29 14:47:11,545 - INFO - 2赢了
2025-11-29 14:47:11,545 - INFO - 第599局
2025-11-29 14:47:13,039 - INFO - 2赢了
2025-11-29 14:47:13,039 - INFO - 第600局
2025-11-29 14:47:13,900 - INFO - 2赢了
2025-11-29 14:47:13,909 - INFO - Epoch: 0, Loss: 1.2229, Policy: 1.2007, Value: 0.0553
2025-11-29 14:47:14,395 - INFO - Epoch: 100, Loss: 1.0856, Policy: 1.0695, Value: 0.0401
2025-11-29 14:47:14,878 - INFO - Epoch: 200, Loss: 1.1564, Policy: 1.1287, Value: 0.0691
2025-11-29 14:47:15,379 - INFO - Epoch: 300, Loss: 1.0812, Policy: 1.0566, Value: 0.0613
2025-11-29 14:47:15,876 - INFO - Epoch: 400, Loss: 1.2289, Policy: 1.1946, Value: 0.0856
2025-11-29 14:47:16,340 - INFO - Epoch: 500, Loss: 1.0772, Policy: 1.0535, Value: 0.0594
2025-11-29 14:47:16,822 - INFO - Epoch: 600, Loss: 1.2581, Policy: 1.2204, Value: 0.0943
2025-11-29 14:47:17,307 - INFO - Epoch: 700, Loss: 1.0972, Policy: 1.0776, Value: 0.0490
2025-11-29 14:47:17,733 - INFO - Epoch: 800, Loss: 1.0356, Policy: 1.0187, Value: 0.0421
2025-11-29 14:47:17,737 - INFO - 训练结束，最新模型已保存到 model.pth
2025-11-29 14:47:17,739 - INFO - 保存模型快照: /home/ktfine/IAteamwork/AlphaZero_Five/models/model_game_600.pth
2025-11-29 14:47:17,947 - INFO - 第601局
2025-11-29 14:47:19,299 - INFO - 2赢了
2025-11-29 14:47:19,299 - INFO - 第602局
2025-11-29 14:47:20,876 - INFO - 2赢了
2025-11-29 14:47:20,876 - INFO - 第603局
2025-11-29 14:47:22,075 - INFO - 2赢了
2025-11-29 14:47:22,075 - INFO - 第604局
2025-11-29 14:47:23,324 - INFO - 2赢了
2025-11-29 14:47:23,324 - INFO - 第605局
2025-11-29 14:47:25,481 - INFO - 2赢了
2025-11-29 14:47:25,481 - INFO - 第606局
2025-11-29 14:47:27,068 - INFO - 2赢了
2025-11-29 14:47:27,068 - INFO - 第607局
2025-11-29 14:47:28,622 - INFO - 2赢了
2025-11-29 14:47:28,622 - INFO - 第608局
2025-11-29 14:47:30,101 - INFO - 2赢了
2025-11-29 14:47:30,102 - INFO - 第609局
2025-11-29 14:47:31,659 - INFO - 2赢了
2025-11-29 14:47:31,659 - INFO - 第610局
2025-11-29 14:47:32,419 - INFO - 2赢了
2025-11-29 14:47:32,428 - INFO - Epoch: 0, Loss: 1.2293, Policy: 1.2108, Value: 0.0463
2025-11-29 14:47:32,908 - INFO - Epoch: 100, Loss: 1.1511, Policy: 1.1268, Value: 0.0608
2025-11-29 14:47:33,382 - INFO - Epoch: 200, Loss: 1.3103, Policy: 1.2923, Value: 0.0450
2025-11-29 14:47:33,832 - INFO - Epoch: 300, Loss: 1.1256, Policy: 1.1054, Value: 0.0506
2025-11-29 14:47:34,273 - INFO - Epoch: 400, Loss: 1.1399, Policy: 1.1216, Value: 0.0459
2025-11-29 14:47:34,718 - INFO - Epoch: 500, Loss: 1.1109, Policy: 1.0956, Value: 0.0382
2025-11-29 14:47:35,188 - INFO - Epoch: 600, Loss: 1.1269, Policy: 1.1081, Value: 0.0470
2025-11-29 14:47:35,656 - INFO - Epoch: 700, Loss: 1.1982, Policy: 1.1800, Value: 0.0454
2025-11-29 14:47:36,121 - INFO - Epoch: 800, Loss: 1.2453, Policy: 1.2187, Value: 0.0663
2025-11-29 14:47:36,125 - INFO - 训练结束，最新模型已保存到 model.pth
2025-11-29 14:47:36,126 - INFO - 第611局
2025-11-29 14:47:37,237 - INFO - 2赢了
2025-11-29 14:47:37,237 - INFO - 第612局
2025-11-29 14:47:39,606 - INFO - 2赢了
2025-11-29 14:47:39,606 - INFO - 第613局
2025-11-29 14:47:40,769 - INFO - 2赢了
2025-11-29 14:47:40,769 - INFO - 第614局
2025-11-29 14:47:41,843 - INFO - 1赢了
2025-11-29 14:47:41,843 - INFO - 第615局
2025-11-29 14:47:42,887 - INFO - 1赢了
2025-11-29 14:47:42,887 - INFO - 第616局
2025-11-29 14:47:44,352 - INFO - 2赢了
2025-11-29 14:47:44,353 - INFO - 第617局
2025-11-29 14:47:45,531 - INFO - 2赢了
2025-11-29 14:47:45,531 - INFO - 第618局
2025-11-29 14:47:46,651 - INFO - 2赢了
2025-11-29 14:47:46,651 - INFO - 第619局
2025-11-29 14:47:47,323 - INFO - 1赢了
2025-11-29 14:47:47,323 - INFO - 第620局
2025-11-29 14:47:48,444 - INFO - 2赢了
2025-11-29 14:47:48,460 - INFO - Epoch: 0, Loss: 1.1363, Policy: 1.1090, Value: 0.0682
2025-11-29 14:47:48,898 - INFO - Epoch: 100, Loss: 1.2099, Policy: 1.1763, Value: 0.0842
2025-11-29 14:47:49,326 - INFO - Epoch: 200, Loss: 1.2515, Policy: 1.2243, Value: 0.0680
2025-11-29 14:47:49,740 - INFO - Epoch: 300, Loss: 1.1174, Policy: 1.0827, Value: 0.0867
2025-11-29 14:47:50,168 - INFO - Epoch: 400, Loss: 1.1310, Policy: 1.1067, Value: 0.0609
2025-11-29 14:47:50,599 - INFO - Epoch: 500, Loss: 1.1007, Policy: 1.0821, Value: 0.0465
2025-11-29 14:47:51,016 - INFO - Epoch: 600, Loss: 1.1370, Policy: 1.1052, Value: 0.0796
2025-11-29 14:47:51,435 - INFO - Epoch: 700, Loss: 1.1237, Policy: 1.1020, Value: 0.0543
2025-11-29 14:47:51,854 - INFO - Epoch: 800, Loss: 1.1395, Policy: 1.1180, Value: 0.0538
2025-11-29 14:47:51,858 - INFO - 训练结束，最新模型已保存到 model.pth
2025-11-29 14:47:51,858 - INFO - 第621局
2025-11-29 14:47:53,078 - INFO - 2赢了
2025-11-29 14:47:53,078 - INFO - 第622局
2025-11-29 14:47:54,205 - INFO - 2赢了
2025-11-29 14:47:54,205 - INFO - 第623局
2025-11-29 14:47:55,355 - INFO - 2赢了
2025-11-29 14:47:55,355 - INFO - 第624局
2025-11-29 14:47:56,074 - INFO - 2赢了
2025-11-29 14:47:56,075 - INFO - 第625局
2025-11-29 14:47:56,825 - INFO - 2赢了
2025-11-29 14:47:56,825 - INFO - 第626局
2025-11-29 14:47:58,047 - INFO - 2赢了
2025-11-29 14:47:58,048 - INFO - 第627局
2025-11-29 14:47:59,312 - INFO - 2赢了
2025-11-29 14:47:59,312 - INFO - 第628局
2025-11-29 14:48:00,246 - INFO - 1赢了
2025-11-29 14:48:00,246 - INFO - 第629局
2025-11-29 14:48:01,526 - INFO - 2赢了
2025-11-29 14:48:01,526 - INFO - 第630局
2025-11-29 14:48:02,783 - INFO - 2赢了
2025-11-29 14:48:02,792 - INFO - Epoch: 0, Loss: 1.2060, Policy: 1.1819, Value: 0.0603
2025-11-29 14:48:03,284 - INFO - Epoch: 100, Loss: 1.2024, Policy: 1.1769, Value: 0.0637
2025-11-29 14:48:03,739 - INFO - Epoch: 200, Loss: 1.0858, Policy: 1.0661, Value: 0.0493
2025-11-29 14:48:04,185 - INFO - Epoch: 300, Loss: 1.0714, Policy: 1.0476, Value: 0.0595
2025-11-29 14:48:04,642 - INFO - Epoch: 400, Loss: 1.1233, Policy: 1.0990, Value: 0.0607
2025-11-29 14:48:05,090 - INFO - Epoch: 500, Loss: 1.0684, Policy: 1.0482, Value: 0.0506
2025-11-29 14:48:05,556 - INFO - Epoch: 600, Loss: 1.1850, Policy: 1.1622, Value: 0.0572
2025-11-29 14:48:06,011 - INFO - Epoch: 700, Loss: 1.2229, Policy: 1.2036, Value: 0.0482
2025-11-29 14:48:06,504 - INFO - Epoch: 800, Loss: 1.1126, Policy: 1.0885, Value: 0.0601
2025-11-29 14:48:06,508 - INFO - 训练结束，最新模型已保存到 model.pth
2025-11-29 14:48:06,508 - INFO - 第631局
2025-11-29 14:48:07,644 - INFO - 2赢了
2025-11-29 14:48:07,644 - INFO - 第632局
2025-11-29 14:48:08,419 - INFO - 1赢了
2025-11-29 14:48:08,419 - INFO - 第633局
2025-11-29 14:48:09,576 - INFO - 2赢了
2025-11-29 14:48:09,576 - INFO - 第634局
2025-11-29 14:48:10,605 - INFO - 1赢了
2025-11-29 14:48:10,606 - INFO - 第635局
2025-11-29 14:48:12,921 - INFO - 2赢了
2025-11-29 14:48:12,921 - INFO - 第636局
2025-11-29 14:48:14,255 - INFO - 2赢了
2025-11-29 14:48:14,255 - INFO - 第637局
2025-11-29 14:48:15,068 - INFO - 2赢了
2025-11-29 14:48:15,069 - INFO - 第638局
2025-11-29 14:48:16,638 - INFO - 2赢了
2025-11-29 14:48:16,638 - INFO - 第639局
2025-11-29 14:48:18,378 - INFO - 1赢了
2025-11-29 14:48:18,379 - INFO - 第640局
2025-11-29 14:48:19,785 - INFO - 2赢了
2025-11-29 14:48:19,794 - INFO - Epoch: 0, Loss: 1.1785, Policy: 1.1589, Value: 0.0492
2025-11-29 14:48:20,265 - INFO - Epoch: 100, Loss: 1.1823, Policy: 1.1593, Value: 0.0575
2025-11-29 14:48:20,700 - INFO - Epoch: 200, Loss: 1.1879, Policy: 1.1649, Value: 0.0575
2025-11-29 14:48:21,141 - INFO - Epoch: 300, Loss: 1.2214, Policy: 1.2035, Value: 0.0446
2025-11-29 14:48:21,576 - INFO - Epoch: 400, Loss: 1.1588, Policy: 1.1446, Value: 0.0357
2025-11-29 14:48:22,019 - INFO - Epoch: 500, Loss: 1.1372, Policy: 1.1181, Value: 0.0477
2025-11-29 14:48:22,456 - INFO - Epoch: 600, Loss: 1.0942, Policy: 1.0768, Value: 0.0435
2025-11-29 14:48:22,895 - INFO - Epoch: 700, Loss: 1.1873, Policy: 1.1682, Value: 0.0478
2025-11-29 14:48:23,340 - INFO - Epoch: 800, Loss: 1.1976, Policy: 1.1847, Value: 0.0321
2025-11-29 14:48:23,344 - INFO - 训练结束，最新模型已保存到 model.pth
2025-11-29 14:48:23,345 - INFO - 第641局
2025-11-29 14:48:24,201 - INFO - 1赢了
2025-11-29 14:48:24,201 - INFO - 第642局
2025-11-29 14:48:25,137 - INFO - 1赢了
2025-11-29 14:48:25,137 - INFO - 第643局
2025-11-29 14:48:26,036 - INFO - 2赢了
2025-11-29 14:48:26,036 - INFO - 第644局
2025-11-29 14:48:26,795 - INFO - 2赢了
2025-11-29 14:48:26,796 - INFO - 第645局
2025-11-29 14:48:27,459 - INFO - 2赢了
2025-11-29 14:48:27,459 - INFO - 第646局
2025-11-29 14:48:28,445 - INFO - 1赢了
2025-11-29 14:48:28,445 - INFO - 第647局
2025-11-29 14:48:29,923 - INFO - 2赢了
2025-11-29 14:48:29,923 - INFO - 第648局
2025-11-29 14:48:30,814 - INFO - 1赢了
2025-11-29 14:48:30,814 - INFO - 第649局
2025-11-29 14:48:31,566 - INFO - 2赢了
2025-11-29 14:48:31,566 - INFO - 第650局
2025-11-29 14:48:32,373 - INFO - 2赢了
2025-11-29 14:48:32,390 - INFO - Epoch: 0, Loss: 1.2688, Policy: 1.2531, Value: 0.0391
2025-11-29 14:48:32,920 - INFO - Epoch: 100, Loss: 1.1888, Policy: 1.1600, Value: 0.0720
2025-11-29 14:48:33,431 - INFO - Epoch: 200, Loss: 1.2357, Policy: 1.2087, Value: 0.0675
2025-11-29 14:48:33,890 - INFO - Epoch: 300, Loss: 1.0872, Policy: 1.0530, Value: 0.0857
2025-11-29 14:48:34,341 - INFO - Epoch: 400, Loss: 1.1001, Policy: 1.0806, Value: 0.0488
2025-11-29 14:48:34,787 - INFO - Epoch: 500, Loss: 1.2048, Policy: 1.1905, Value: 0.0358
2025-11-29 14:48:35,223 - INFO - Epoch: 600, Loss: 1.1970, Policy: 1.1751, Value: 0.0550
2025-11-29 14:48:35,660 - INFO - Epoch: 700, Loss: 1.0556, Policy: 1.0367, Value: 0.0471
2025-11-29 14:48:36,102 - INFO - Epoch: 800, Loss: 1.2163, Policy: 1.1899, Value: 0.0659
2025-11-29 14:48:36,106 - INFO - 训练结束，最新模型已保存到 model.pth
2025-11-29 14:48:36,106 - INFO - 第651局
2025-11-29 14:48:37,065 - INFO - 1赢了
2025-11-29 14:48:37,065 - INFO - 第652局
2025-11-29 14:48:38,161 - INFO - 2赢了
2025-11-29 14:48:38,161 - INFO - 第653局
2025-11-29 14:48:39,143 - INFO - 1赢了
2025-11-29 14:48:39,144 - INFO - 第654局
2025-11-29 14:48:40,366 - INFO - 1赢了
2025-11-29 14:48:40,366 - INFO - 第655局
2025-11-29 14:48:41,443 - INFO - 1赢了
2025-11-29 14:48:41,443 - INFO - 第656局
2025-11-29 14:48:42,164 - INFO - 2赢了
2025-11-29 14:48:42,164 - INFO - 第657局
2025-11-29 14:48:43,491 - INFO - 2赢了
2025-11-29 14:48:43,491 - INFO - 第658局
2025-11-29 14:48:45,619 - INFO - 1赢了
2025-11-29 14:48:45,620 - INFO - 第659局
2025-11-29 14:48:46,931 - INFO - 2赢了
2025-11-29 14:48:46,931 - INFO - 第660局
2025-11-29 14:48:47,944 - INFO - 1赢了
2025-11-29 14:48:47,952 - INFO - Epoch: 0, Loss: 1.0678, Policy: 1.0429, Value: 0.0621
2025-11-29 14:48:48,541 - INFO - Epoch: 100, Loss: 1.1332, Policy: 1.1137, Value: 0.0488
2025-11-29 14:48:49,230 - INFO - Epoch: 200, Loss: 1.0529, Policy: 1.0313, Value: 0.0539
2025-11-29 14:48:49,821 - INFO - Epoch: 300, Loss: 1.1590, Policy: 1.1385, Value: 0.0512
2025-11-29 14:48:50,313 - INFO - Epoch: 400, Loss: 1.0865, Policy: 1.0659, Value: 0.0514
2025-11-29 14:48:50,787 - INFO - Epoch: 500, Loss: 1.1012, Policy: 1.0768, Value: 0.0610
2025-11-29 14:48:51,251 - INFO - Epoch: 600, Loss: 1.1223, Policy: 1.0936, Value: 0.0716
2025-11-29 14:48:51,708 - INFO - Epoch: 700, Loss: 1.0581, Policy: 1.0349, Value: 0.0581
2025-11-29 14:48:52,173 - INFO - Epoch: 800, Loss: 1.1427, Policy: 1.1210, Value: 0.0543
2025-11-29 14:48:52,177 - INFO - 训练结束，最新模型已保存到 model.pth
2025-11-29 14:48:52,178 - INFO - 第661局
2025-11-29 14:48:53,331 - INFO - 2赢了
2025-11-29 14:48:53,332 - INFO - 第662局
2025-11-29 14:48:54,114 - INFO - 1赢了
2025-11-29 14:48:54,114 - INFO - 第663局
2025-11-29 14:48:54,865 - INFO - 2赢了
2025-11-29 14:48:54,865 - INFO - 第664局
2025-11-29 14:48:56,286 - INFO - 2赢了
2025-11-29 14:48:56,286 - INFO - 第665局
2025-11-29 14:48:57,827 - INFO - 2赢了
2025-11-29 14:48:57,827 - INFO - 第666局
2025-11-29 14:48:59,402 - INFO - 2赢了
2025-11-29 14:48:59,402 - INFO - 第667局
2025-11-29 14:49:00,458 - INFO - 1赢了
2025-11-29 14:49:00,458 - INFO - 第668局
2025-11-29 14:49:01,401 - INFO - 2赢了
2025-11-29 14:49:01,401 - INFO - 第669局
2025-11-29 14:49:03,095 - INFO - 2赢了
2025-11-29 14:49:03,095 - INFO - 第670局
2025-11-29 14:49:04,533 - INFO - 2赢了
2025-11-29 14:49:04,544 - INFO - Epoch: 0, Loss: 1.1384, Policy: 1.1088, Value: 0.0742
2025-11-29 14:49:05,109 - INFO - Epoch: 100, Loss: 1.2328, Policy: 1.2070, Value: 0.0646
2025-11-29 14:49:05,642 - INFO - Epoch: 200, Loss: 1.1188, Policy: 1.1031, Value: 0.0393
2025-11-29 14:49:06,127 - INFO - Epoch: 300, Loss: 1.2041, Policy: 1.1816, Value: 0.0563
2025-11-29 14:49:06,612 - INFO - Epoch: 400, Loss: 1.0463, Policy: 1.0193, Value: 0.0676
2025-11-29 14:49:07,123 - INFO - Epoch: 500, Loss: 1.1225, Policy: 1.1083, Value: 0.0356
2025-11-29 14:49:07,623 - INFO - Epoch: 600, Loss: 1.1823, Policy: 1.1624, Value: 0.0499
2025-11-29 14:49:08,099 - INFO - Epoch: 700, Loss: 1.0823, Policy: 1.0490, Value: 0.0831
2025-11-29 14:49:08,562 - INFO - Epoch: 800, Loss: 1.2699, Policy: 1.2478, Value: 0.0553
2025-11-29 14:49:08,566 - INFO - 训练结束，最新模型已保存到 model.pth
2025-11-29 14:49:08,567 - INFO - 第671局
2025-11-29 14:49:10,055 - INFO - 2赢了
2025-11-29 14:49:10,055 - INFO - 第672局
2025-11-29 14:49:11,132 - INFO - 1赢了
2025-11-29 14:49:11,132 - INFO - 第673局
2025-11-29 14:49:12,310 - INFO - 2赢了
2025-11-29 14:49:12,310 - INFO - 第674局
2025-11-29 14:49:13,797 - INFO - 2赢了
2025-11-29 14:49:13,798 - INFO - 第675局
2025-11-29 14:49:14,790 - INFO - 2赢了
2025-11-29 14:49:14,790 - INFO - 第676局
2025-11-29 14:49:16,390 - INFO - 2赢了
2025-11-29 14:49:16,390 - INFO - 第677局
2025-11-29 14:49:18,511 - INFO - 1赢了
2025-11-29 14:49:18,511 - INFO - 第678局
2025-11-29 14:49:19,827 - INFO - 2赢了
2025-11-29 14:49:19,827 - INFO - 第679局
2025-11-29 14:49:21,357 - INFO - 2赢了
2025-11-29 14:49:21,357 - INFO - 第680局
2025-11-29 14:49:22,225 - INFO - 1赢了
2025-11-29 14:49:22,234 - INFO - Epoch: 0, Loss: 1.0604, Policy: 1.0443, Value: 0.0402
2025-11-29 14:49:22,722 - INFO - Epoch: 100, Loss: 1.0458, Policy: 1.0297, Value: 0.0402
2025-11-29 14:49:23,185 - INFO - Epoch: 200, Loss: 1.1702, Policy: 1.1469, Value: 0.0583
2025-11-29 14:49:23,639 - INFO - Epoch: 300, Loss: 1.1855, Policy: 1.1672, Value: 0.0457
2025-11-29 14:49:24,109 - INFO - Epoch: 400, Loss: 1.2133, Policy: 1.1941, Value: 0.0479
2025-11-29 14:49:24,558 - INFO - Epoch: 500, Loss: 1.0737, Policy: 1.0547, Value: 0.0475
2025-11-29 14:49:25,009 - INFO - Epoch: 600, Loss: 1.0420, Policy: 1.0233, Value: 0.0466
2025-11-29 14:49:25,465 - INFO - Epoch: 700, Loss: 1.2130, Policy: 1.1874, Value: 0.0641
2025-11-29 14:49:25,924 - INFO - Epoch: 800, Loss: 1.1974, Policy: 1.1720, Value: 0.0636
2025-11-29 14:49:25,929 - INFO - 训练结束，最新模型已保存到 model.pth
2025-11-29 14:49:25,930 - INFO - 第681局
2025-11-29 14:49:27,093 - INFO - 2赢了
2025-11-29 14:49:27,093 - INFO - 第682局
2025-11-29 14:49:28,544 - INFO - 2赢了
2025-11-29 14:49:28,544 - INFO - 第683局
2025-11-29 14:49:29,661 - INFO - 1赢了
2025-11-29 14:49:29,661 - INFO - 第684局
2025-11-29 14:49:30,814 - INFO - 1赢了
2025-11-29 14:49:30,814 - INFO - 第685局
2025-11-29 14:49:32,393 - INFO - 2赢了
2025-11-29 14:49:32,393 - INFO - 第686局
2025-11-29 14:49:33,476 - INFO - 1赢了
2025-11-29 14:49:33,476 - INFO - 第687局
2025-11-29 14:49:34,502 - INFO - 1赢了
2025-11-29 14:49:34,502 - INFO - 第688局
2025-11-29 14:49:35,565 - INFO - 2赢了
2025-11-29 14:49:35,565 - INFO - 第689局
2025-11-29 14:49:37,100 - INFO - 2赢了
2025-11-29 14:49:37,100 - INFO - 第690局
2025-11-29 14:49:38,292 - INFO - 1赢了
2025-11-29 14:49:38,302 - INFO - Epoch: 0, Loss: 1.1516, Policy: 1.1304, Value: 0.0530
2025-11-29 14:49:38,799 - INFO - Epoch: 100, Loss: 1.2254, Policy: 1.2032, Value: 0.0555
2025-11-29 14:49:39,242 - INFO - Epoch: 200, Loss: 1.0596, Policy: 1.0356, Value: 0.0600
2025-11-29 14:49:39,691 - INFO - Epoch: 300, Loss: 1.1845, Policy: 1.1470, Value: 0.0936
2025-11-29 14:49:40,142 - INFO - Epoch: 400, Loss: 1.2119, Policy: 1.1798, Value: 0.0801
2025-11-29 14:49:40,636 - INFO - Epoch: 500, Loss: 1.0655, Policy: 1.0410, Value: 0.0613
2025-11-29 14:49:41,096 - INFO - Epoch: 600, Loss: 1.1187, Policy: 1.0923, Value: 0.0659
2025-11-29 14:49:41,558 - INFO - Epoch: 700, Loss: 1.1230, Policy: 1.1037, Value: 0.0482
2025-11-29 14:49:42,022 - INFO - Epoch: 800, Loss: 1.1333, Policy: 1.1132, Value: 0.0504
2025-11-29 14:49:42,025 - INFO - 训练结束，最新模型已保存到 model.pth
2025-11-29 14:49:42,026 - INFO - 第691局
2025-11-29 14:49:43,227 - INFO - 2赢了
2025-11-29 14:49:43,227 - INFO - 第692局
2025-11-29 14:49:44,702 - INFO - 2赢了
2025-11-29 14:49:44,702 - INFO - 第693局
2025-11-29 14:49:45,842 - INFO - 2赢了
2025-11-29 14:49:45,842 - INFO - 第694局
2025-11-29 14:49:47,044 - INFO - 2赢了
2025-11-29 14:49:47,044 - INFO - 第695局
2025-11-29 14:49:48,269 - INFO - 2赢了
2025-11-29 14:49:48,269 - INFO - 第696局
2025-11-29 14:49:49,494 - INFO - 2赢了
2025-11-29 14:49:49,494 - INFO - 第697局
2025-11-29 14:49:51,701 - INFO - 2赢了
2025-11-29 14:49:51,701 - INFO - 第698局
2025-11-29 14:49:52,886 - INFO - 2赢了
2025-11-29 14:49:52,886 - INFO - 第699局
2025-11-29 14:49:54,003 - INFO - 1赢了
2025-11-29 14:49:54,003 - INFO - 第700局
2025-11-29 14:49:54,782 - INFO - 1赢了
2025-11-29 14:49:54,794 - INFO - Epoch: 0, Loss: 1.1969, Policy: 1.1751, Value: 0.0545
2025-11-29 14:49:55,315 - INFO - Epoch: 100, Loss: 1.1620, Policy: 1.1367, Value: 0.0632
2025-11-29 14:49:55,831 - INFO - Epoch: 200, Loss: 1.1618, Policy: 1.1361, Value: 0.0643
2025-11-29 14:49:56,322 - INFO - Epoch: 300, Loss: 1.0640, Policy: 1.0356, Value: 0.0711
2025-11-29 14:49:56,791 - INFO - Epoch: 400, Loss: 1.1331, Policy: 1.1110, Value: 0.0551
2025-11-29 14:49:57,248 - INFO - Epoch: 500, Loss: 1.0132, Policy: 0.9924, Value: 0.0521
2025-11-29 14:49:57,711 - INFO - Epoch: 600, Loss: 1.1625, Policy: 1.1410, Value: 0.0538
2025-11-29 14:49:58,188 - INFO - Epoch: 700, Loss: 1.1439, Policy: 1.1131, Value: 0.0769
2025-11-29 14:49:58,640 - INFO - Epoch: 800, Loss: 1.1699, Policy: 1.1534, Value: 0.0412
2025-11-29 14:49:58,644 - INFO - 训练结束，最新模型已保存到 model.pth
2025-11-29 14:49:58,645 - INFO - 第701局
2025-11-29 14:49:59,913 - INFO - 2赢了
2025-11-29 14:49:59,913 - INFO - 第702局
2025-11-29 14:50:01,255 - INFO - 2赢了
2025-11-29 14:50:01,255 - INFO - 第703局
2025-11-29 14:50:02,374 - INFO - 2赢了
2025-11-29 14:50:02,374 - INFO - 第704局
2025-11-29 14:50:04,115 - INFO - 2赢了
2025-11-29 14:50:04,116 - INFO - 第705局
2025-11-29 14:50:05,650 - INFO - 2赢了
2025-11-29 14:50:05,650 - INFO - 第706局
2025-11-29 14:50:06,511 - INFO - 1赢了
2025-11-29 14:50:06,511 - INFO - 第707局
2025-11-29 14:50:07,768 - INFO - 2赢了
2025-11-29 14:50:07,768 - INFO - 第708局
2025-11-29 14:50:09,081 - INFO - 2赢了
2025-11-29 14:50:09,081 - INFO - 第709局
2025-11-29 14:50:10,098 - INFO - 2赢了
2025-11-29 14:50:10,098 - INFO - 第710局
2025-11-29 14:50:11,422 - INFO - 2赢了
2025-11-29 14:50:11,430 - INFO - Epoch: 0, Loss: 1.2519, Policy: 1.2240, Value: 0.0698
2025-11-29 14:50:11,934 - INFO - Epoch: 100, Loss: 1.1210, Policy: 1.0897, Value: 0.0782
2025-11-29 14:50:12,409 - INFO - Epoch: 200, Loss: 1.1539, Policy: 1.1290, Value: 0.0624
2025-11-29 14:50:12,873 - INFO - Epoch: 300, Loss: 1.1364, Policy: 1.1129, Value: 0.0588
2025-11-29 14:50:13,342 - INFO - Epoch: 400, Loss: 1.0794, Policy: 1.0492, Value: 0.0754
2025-11-29 14:50:13,834 - INFO - Epoch: 500, Loss: 1.0580, Policy: 1.0438, Value: 0.0354
2025-11-29 14:50:14,315 - INFO - Epoch: 600, Loss: 1.1510, Policy: 1.1249, Value: 0.0653
2025-11-29 14:50:14,784 - INFO - Epoch: 700, Loss: 1.1583, Policy: 1.1308, Value: 0.0686
2025-11-29 14:50:15,264 - INFO - Epoch: 800, Loss: 1.0002, Policy: 0.9766, Value: 0.0591
2025-11-29 14:50:15,267 - INFO - 训练结束，最新模型已保存到 model.pth
2025-11-29 14:50:15,268 - INFO - 第711局
2025-11-29 14:50:16,483 - INFO - 2赢了
2025-11-29 14:50:16,483 - INFO - 第712局
2025-11-29 14:50:17,467 - INFO - 2赢了
2025-11-29 14:50:17,467 - INFO - 第713局
2025-11-29 14:50:18,932 - INFO - 1赢了
2025-11-29 14:50:18,933 - INFO - 第714局
2025-11-29 14:50:20,267 - INFO - 2赢了
2025-11-29 14:50:20,267 - INFO - 第715局
2025-11-29 14:50:21,552 - INFO - 2赢了
2025-11-29 14:50:21,552 - INFO - 第716局
2025-11-29 14:50:22,468 - INFO - 1赢了
2025-11-29 14:50:22,468 - INFO - 第717局
2025-11-29 14:50:23,498 - INFO - 2赢了
2025-11-29 14:50:23,498 - INFO - 第718局
2025-11-29 14:50:25,126 - INFO - 2赢了
2025-11-29 14:50:25,126 - INFO - 第719局
2025-11-29 14:50:26,299 - INFO - 2赢了
2025-11-29 14:50:26,299 - INFO - 第720局
2025-11-29 14:50:27,336 - INFO - 2赢了
2025-11-29 14:50:27,346 - INFO - Epoch: 0, Loss: 1.1397, Policy: 1.1148, Value: 0.0623
2025-11-29 14:50:27,876 - INFO - Epoch: 100, Loss: 1.0568, Policy: 1.0336, Value: 0.0580
2025-11-29 14:50:28,344 - INFO - Epoch: 200, Loss: 1.2169, Policy: 1.1843, Value: 0.0816
2025-11-29 14:50:28,841 - INFO - Epoch: 300, Loss: 1.1377, Policy: 1.1148, Value: 0.0572
2025-11-29 14:50:29,311 - INFO - Epoch: 400, Loss: 1.1846, Policy: 1.1690, Value: 0.0388
2025-11-29 14:50:29,791 - INFO - Epoch: 500, Loss: 1.1617, Policy: 1.1368, Value: 0.0623
2025-11-29 14:50:30,272 - INFO - Epoch: 600, Loss: 1.0386, Policy: 1.0168, Value: 0.0545
2025-11-29 14:50:30,734 - INFO - Epoch: 700, Loss: 1.1547, Policy: 1.1322, Value: 0.0563
2025-11-29 14:50:31,202 - INFO - Epoch: 800, Loss: 1.1766, Policy: 1.1572, Value: 0.0486
2025-11-29 14:50:31,206 - INFO - 训练结束，最新模型已保存到 model.pth
2025-11-29 14:50:31,207 - INFO - 第721局
2025-11-29 14:50:32,559 - INFO - 2赢了
2025-11-29 14:50:32,560 - INFO - 第722局
2025-11-29 14:50:33,788 - INFO - 2赢了
2025-11-29 14:50:33,788 - INFO - 第723局
2025-11-29 14:50:34,771 - INFO - 2赢了
2025-11-29 14:50:34,771 - INFO - 第724局
2025-11-29 14:50:36,234 - INFO - 2赢了
2025-11-29 14:50:36,235 - INFO - 第725局
2025-11-29 14:50:37,523 - INFO - 2赢了
2025-11-29 14:50:37,523 - INFO - 第726局
2025-11-29 14:50:38,364 - INFO - 2赢了
2025-11-29 14:50:38,364 - INFO - 第727局
2025-11-29 14:50:39,797 - INFO - 2赢了
2025-11-29 14:50:39,798 - INFO - 第728局
2025-11-29 14:50:41,099 - INFO - 2赢了
2025-11-29 14:50:41,099 - INFO - 第729局
2025-11-29 14:50:42,589 - INFO - 2赢了
2025-11-29 14:50:42,589 - INFO - 第730局
2025-11-29 14:50:43,842 - INFO - 1赢了
2025-11-29 14:50:43,860 - INFO - Epoch: 0, Loss: 1.0667, Policy: 1.0460, Value: 0.0517
2025-11-29 14:50:44,394 - INFO - Epoch: 100, Loss: 1.0320, Policy: 1.0078, Value: 0.0607
2025-11-29 14:50:44,873 - INFO - Epoch: 200, Loss: 1.1273, Policy: 1.1099, Value: 0.0435
2025-11-29 14:50:45,339 - INFO - Epoch: 300, Loss: 1.1807, Policy: 1.1531, Value: 0.0690
2025-11-29 14:50:45,794 - INFO - Epoch: 400, Loss: 1.0632, Policy: 1.0302, Value: 0.0825
2025-11-29 14:50:46,251 - INFO - Epoch: 500, Loss: 1.1656, Policy: 1.1331, Value: 0.0813
2025-11-29 14:50:46,716 - INFO - Epoch: 600, Loss: 1.0671, Policy: 1.0401, Value: 0.0677
2025-11-29 14:50:47,169 - INFO - Epoch: 700, Loss: 1.0797, Policy: 1.0574, Value: 0.0558
2025-11-29 14:50:47,629 - INFO - Epoch: 800, Loss: 1.1011, Policy: 1.0775, Value: 0.0591
2025-11-29 14:50:47,633 - INFO - 训练结束，最新模型已保存到 model.pth
2025-11-29 14:50:47,634 - INFO - 第731局
2025-11-29 14:50:49,451 - INFO - 2赢了
2025-11-29 14:50:49,451 - INFO - 第732局
2025-11-29 14:50:50,494 - INFO - 1赢了
2025-11-29 14:50:50,495 - INFO - 第733局
2025-11-29 14:50:51,786 - INFO - 2赢了
2025-11-29 14:50:51,786 - INFO - 第734局
2025-11-29 14:50:53,444 - INFO - 2赢了
2025-11-29 14:50:53,445 - INFO - 第735局
2025-11-29 14:50:54,271 - INFO - 2赢了
2025-11-29 14:50:54,271 - INFO - 第736局
2025-11-29 14:50:55,620 - INFO - 2赢了
2025-11-29 14:50:55,621 - INFO - 第737局
2025-11-29 14:50:57,896 - INFO - 2赢了
2025-11-29 14:50:57,896 - INFO - 第738局
2025-11-29 14:50:59,249 - INFO - 2赢了
2025-11-29 14:50:59,249 - INFO - 第739局
2025-11-29 14:51:00,614 - INFO - 2赢了
2025-11-29 14:51:00,614 - INFO - 第740局
2025-11-29 14:51:01,491 - INFO - 2赢了
2025-11-29 14:51:01,501 - INFO - Epoch: 0, Loss: 1.2638, Policy: 1.2454, Value: 0.0461
2025-11-29 14:51:02,015 - INFO - Epoch: 100, Loss: 1.0787, Policy: 1.0512, Value: 0.0686
2025-11-29 14:51:02,458 - INFO - Epoch: 200, Loss: 1.1314, Policy: 1.1062, Value: 0.0631
2025-11-29 14:51:02,911 - INFO - Epoch: 300, Loss: 1.2002, Policy: 1.1767, Value: 0.0587
2025-11-29 14:51:03,378 - INFO - Epoch: 400, Loss: 1.1667, Policy: 1.1419, Value: 0.0619
2025-11-29 14:51:03,843 - INFO - Epoch: 500, Loss: 1.0850, Policy: 1.0575, Value: 0.0687
2025-11-29 14:51:04,342 - INFO - Epoch: 600, Loss: 1.0306, Policy: 1.0096, Value: 0.0524
2025-11-29 14:51:04,815 - INFO - Epoch: 700, Loss: 1.1872, Policy: 1.1672, Value: 0.0501
2025-11-29 14:51:05,301 - INFO - Epoch: 800, Loss: 1.1467, Policy: 1.1243, Value: 0.0561
2025-11-29 14:51:05,305 - INFO - 训练结束，最新模型已保存到 model.pth
2025-11-29 14:51:05,306 - INFO - 第741局
2025-11-29 14:51:06,662 - INFO - 2赢了
2025-11-29 14:51:06,662 - INFO - 第742局
2025-11-29 14:51:07,470 - INFO - 2赢了
2025-11-29 14:51:07,470 - INFO - 第743局
2025-11-29 14:51:09,046 - INFO - 2赢了
2025-11-29 14:51:09,046 - INFO - 第744局
2025-11-29 14:51:09,942 - INFO - 1赢了
2025-11-29 14:51:09,942 - INFO - 第745局
2025-11-29 14:51:11,216 - INFO - 1赢了
2025-11-29 14:51:11,216 - INFO - 第746局
2025-11-29 14:51:12,160 - INFO - 2赢了
2025-11-29 14:51:12,160 - INFO - 第747局
2025-11-29 14:51:13,058 - INFO - 1赢了
2025-11-29 14:51:13,058 - INFO - 第748局
2025-11-29 14:51:14,176 - INFO - 2赢了
2025-11-29 14:51:14,177 - INFO - 第749局
2025-11-29 14:51:15,724 - INFO - 1赢了
2025-11-29 14:51:15,724 - INFO - 第750局
2025-11-29 14:51:17,616 - INFO - 2赢了
2025-11-29 14:51:17,630 - INFO - Epoch: 0, Loss: 1.1975, Policy: 1.1756, Value: 0.0549
2025-11-29 14:51:18,145 - INFO - Epoch: 100, Loss: 1.1013, Policy: 1.0796, Value: 0.0540
2025-11-29 14:51:18,619 - INFO - Epoch: 200, Loss: 1.0976, Policy: 1.0732, Value: 0.0610
2025-11-29 14:51:19,092 - INFO - Epoch: 300, Loss: 1.2465, Policy: 1.2106, Value: 0.0898
2025-11-29 14:51:19,552 - INFO - Epoch: 400, Loss: 0.9785, Policy: 0.9577, Value: 0.0522
2025-11-29 14:51:20,025 - INFO - Epoch: 500, Loss: 1.2215, Policy: 1.1950, Value: 0.0662
2025-11-29 14:51:20,510 - INFO - Epoch: 600, Loss: 1.1660, Policy: 1.1458, Value: 0.0506
2025-11-29 14:51:21,003 - INFO - Epoch: 700, Loss: 1.0515, Policy: 1.0281, Value: 0.0584
2025-11-29 14:51:21,466 - INFO - Epoch: 800, Loss: 1.1449, Policy: 1.1172, Value: 0.0692
2025-11-29 14:51:21,470 - INFO - 训练结束，最新模型已保存到 model.pth
2025-11-29 14:51:21,470 - INFO - 第751局
2025-11-29 14:51:22,479 - INFO - 1赢了
2025-11-29 14:51:22,480 - INFO - 第752局
2025-11-29 14:51:23,759 - INFO - 2赢了
2025-11-29 14:51:23,759 - INFO - 第753局
2025-11-29 14:51:25,056 - INFO - 2赢了
2025-11-29 14:51:25,056 - INFO - 第754局
2025-11-29 14:51:26,364 - INFO - 2赢了
2025-11-29 14:51:26,364 - INFO - 第755局
2025-11-29 14:51:28,222 - INFO - 2赢了
2025-11-29 14:51:28,222 - INFO - 第756局
2025-11-29 14:51:29,553 - INFO - 2赢了
2025-11-29 14:51:29,553 - INFO - 第757局
2025-11-29 14:51:32,069 - INFO - 2赢了
2025-11-29 14:51:32,069 - INFO - 第758局
2025-11-29 14:51:32,733 - INFO - 2赢了
2025-11-29 14:51:32,733 - INFO - 第759局
2025-11-29 14:51:34,087 - INFO - 2赢了
2025-11-29 14:51:34,087 - INFO - 第760局
2025-11-29 14:51:35,493 - INFO - 2赢了
2025-11-29 14:51:35,502 - INFO - Epoch: 0, Loss: 1.1455, Policy: 1.1274, Value: 0.0451
2025-11-29 14:51:36,025 - INFO - Epoch: 100, Loss: 1.2300, Policy: 1.2051, Value: 0.0624
2025-11-29 14:51:36,527 - INFO - Epoch: 200, Loss: 1.1311, Policy: 1.1154, Value: 0.0393
2025-11-29 14:51:36,982 - INFO - Epoch: 300, Loss: 1.1569, Policy: 1.1379, Value: 0.0475
2025-11-29 14:51:37,459 - INFO - Epoch: 400, Loss: 1.2289, Policy: 1.2065, Value: 0.0560
2025-11-29 14:51:37,928 - INFO - Epoch: 500, Loss: 1.1485, Policy: 1.1126, Value: 0.0898
2025-11-29 14:51:38,397 - INFO - Epoch: 600, Loss: 1.2237, Policy: 1.2018, Value: 0.0549
2025-11-29 14:51:38,856 - INFO - Epoch: 700, Loss: 1.2236, Policy: 1.1994, Value: 0.0606
2025-11-29 14:51:39,326 - INFO - Epoch: 800, Loss: 1.2311, Policy: 1.2106, Value: 0.0513
2025-11-29 14:51:39,330 - INFO - 训练结束，最新模型已保存到 model.pth
2025-11-29 14:51:39,331 - INFO - 第761局
2025-11-29 14:51:40,620 - INFO - 1赢了
2025-11-29 14:51:40,620 - INFO - 第762局
2025-11-29 14:51:41,311 - INFO - 2赢了
2025-11-29 14:51:41,311 - INFO - 第763局
2025-11-29 14:51:42,974 - INFO - 1赢了
2025-11-29 14:51:42,975 - INFO - 第764局
2025-11-29 14:51:44,155 - INFO - 2赢了
2025-11-29 14:51:44,155 - INFO - 第765局
2025-11-29 14:51:45,655 - INFO - 2赢了
2025-11-29 14:51:45,655 - INFO - 第766局
2025-11-29 14:51:47,191 - INFO - 2赢了
2025-11-29 14:51:47,191 - INFO - 第767局
2025-11-29 14:51:48,093 - INFO - 1赢了
2025-11-29 14:51:48,093 - INFO - 第768局
2025-11-29 14:51:49,807 - INFO - 1赢了
2025-11-29 14:51:49,807 - INFO - 第769局
2025-11-29 14:51:51,024 - INFO - 2赢了
2025-11-29 14:51:51,024 - INFO - 第770局
2025-11-29 14:51:52,571 - INFO - 2赢了
2025-11-29 14:51:52,584 - INFO - Epoch: 0, Loss: 1.1344, Policy: 1.1159, Value: 0.0462
2025-11-29 14:51:53,094 - INFO - Epoch: 100, Loss: 1.1401, Policy: 1.1198, Value: 0.0507
2025-11-29 14:51:53,543 - INFO - Epoch: 200, Loss: 1.0963, Policy: 1.0726, Value: 0.0592
2025-11-29 14:51:53,991 - INFO - Epoch: 300, Loss: 1.0203, Policy: 1.0001, Value: 0.0505
2025-11-29 14:51:54,452 - INFO - Epoch: 400, Loss: 1.2516, Policy: 1.2318, Value: 0.0495
2025-11-29 14:51:54,897 - INFO - Epoch: 500, Loss: 1.1087, Policy: 1.0781, Value: 0.0765
2025-11-29 14:51:55,370 - INFO - Epoch: 600, Loss: 1.1568, Policy: 1.1274, Value: 0.0733
2025-11-29 14:51:55,837 - INFO - Epoch: 700, Loss: 1.1322, Policy: 1.1026, Value: 0.0739
2025-11-29 14:51:56,292 - INFO - Epoch: 800, Loss: 1.1118, Policy: 1.0838, Value: 0.0701
2025-11-29 14:51:56,296 - INFO - 训练结束，最新模型已保存到 model.pth
2025-11-29 14:51:56,296 - INFO - 第771局
2025-11-29 14:51:57,491 - INFO - 2赢了
2025-11-29 14:51:57,491 - INFO - 第772局
2025-11-29 14:51:58,279 - INFO - 2赢了
2025-11-29 14:51:58,279 - INFO - 第773局
2025-11-29 14:51:59,484 - INFO - 2赢了
2025-11-29 14:51:59,484 - INFO - 第774局
2025-11-29 14:52:00,218 - INFO - 1赢了
2025-11-29 14:52:00,218 - INFO - 第775局
2025-11-29 14:52:01,265 - INFO - 1赢了
2025-11-29 14:52:01,265 - INFO - 第776局
2025-11-29 14:52:02,572 - INFO - 2赢了
2025-11-29 14:52:02,572 - INFO - 第777局
2025-11-29 14:52:04,986 - INFO - 2赢了
2025-11-29 14:52:04,986 - INFO - 第778局
2025-11-29 14:52:05,819 - INFO - 1赢了
2025-11-29 14:52:05,820 - INFO - 第779局
2025-11-29 14:52:06,690 - INFO - 2赢了
2025-11-29 14:52:06,691 - INFO - 第780局
2025-11-29 14:52:07,471 - INFO - 2赢了
2025-11-29 14:52:07,481 - INFO - Epoch: 0, Loss: 1.1892, Policy: 1.1661, Value: 0.0577
2025-11-29 14:52:08,055 - INFO - Epoch: 100, Loss: 1.1653, Policy: 1.1376, Value: 0.0694
2025-11-29 14:52:08,594 - INFO - Epoch: 200, Loss: 1.1156, Policy: 1.1003, Value: 0.0382
2025-11-29 14:52:09,134 - INFO - Epoch: 300, Loss: 1.2299, Policy: 1.2045, Value: 0.0636
2025-11-29 14:52:09,686 - INFO - Epoch: 400, Loss: 1.1600, Policy: 1.1314, Value: 0.0714
2025-11-29 14:52:10,220 - INFO - Epoch: 500, Loss: 1.0983, Policy: 1.0668, Value: 0.0787
2025-11-29 14:52:10,733 - INFO - Epoch: 600, Loss: 1.0489, Policy: 1.0246, Value: 0.0608
2025-11-29 14:52:11,252 - INFO - Epoch: 700, Loss: 1.0377, Policy: 1.0117, Value: 0.0651
2025-11-29 14:52:11,803 - INFO - Epoch: 800, Loss: 1.0866, Policy: 1.0631, Value: 0.0586
2025-11-29 14:52:11,807 - INFO - 训练结束，最新模型已保存到 model.pth
2025-11-29 14:52:11,808 - INFO - 第781局
2025-11-29 14:52:12,813 - INFO - 2赢了
2025-11-29 14:52:12,813 - INFO - 第782局
2025-11-29 14:52:14,357 - INFO - 2赢了
2025-11-29 14:52:14,357 - INFO - 第783局
2025-11-29 14:52:15,486 - INFO - 2赢了
2025-11-29 14:52:15,486 - INFO - 第784局
2025-11-29 14:52:16,728 - INFO - 2赢了
2025-11-29 14:52:16,728 - INFO - 第785局
2025-11-29 14:52:18,291 - INFO - 2赢了
2025-11-29 14:52:18,291 - INFO - 第786局
2025-11-29 14:52:19,852 - INFO - 2赢了
2025-11-29 14:52:19,853 - INFO - 第787局
2025-11-29 14:52:21,026 - INFO - 1赢了
2025-11-29 14:52:21,026 - INFO - 第788局
2025-11-29 14:52:21,779 - INFO - 2赢了
2025-11-29 14:52:21,780 - INFO - 第789局
2025-11-29 14:52:22,801 - INFO - 2赢了
2025-11-29 14:52:22,801 - INFO - 第790局
2025-11-29 14:52:24,179 - INFO - 2赢了
2025-11-29 14:52:24,189 - INFO - Epoch: 0, Loss: 1.0604, Policy: 1.0407, Value: 0.0492
2025-11-29 14:52:24,713 - INFO - Epoch: 100, Loss: 1.2556, Policy: 1.2280, Value: 0.0690
2025-11-29 14:52:25,257 - INFO - Epoch: 200, Loss: 1.1932, Policy: 1.1736, Value: 0.0489
2025-11-29 14:52:25,781 - INFO - Epoch: 300, Loss: 1.2198, Policy: 1.1920, Value: 0.0696
2025-11-29 14:52:26,280 - INFO - Epoch: 400, Loss: 1.1681, Policy: 1.1509, Value: 0.0432
2025-11-29 14:52:26,763 - INFO - Epoch: 500, Loss: 1.2390, Policy: 1.2089, Value: 0.0751
2025-11-29 14:52:27,200 - INFO - Epoch: 600, Loss: 1.0948, Policy: 1.0747, Value: 0.0500
2025-11-29 14:52:27,675 - INFO - Epoch: 700, Loss: 1.0942, Policy: 1.0730, Value: 0.0532
2025-11-29 14:52:28,220 - INFO - Epoch: 800, Loss: 1.0160, Policy: 0.9957, Value: 0.0510
2025-11-29 14:52:28,224 - INFO - 训练结束，最新模型已保存到 model.pth
2025-11-29 14:52:28,224 - INFO - 第791局
2025-11-29 14:52:29,842 - INFO - 1赢了
2025-11-29 14:52:29,842 - INFO - 第792局
2025-11-29 14:52:32,014 - INFO - 2赢了
2025-11-29 14:52:32,014 - INFO - 第793局
2025-11-29 14:52:33,904 - INFO - 1赢了
2025-11-29 14:52:33,904 - INFO - 第794局
2025-11-29 14:52:35,333 - INFO - 2赢了
2025-11-29 14:52:35,334 - INFO - 第795局
2025-11-29 14:52:36,297 - INFO - 1赢了
2025-11-29 14:52:36,297 - INFO - 第796局
2025-11-29 14:52:38,261 - INFO - 2赢了
2025-11-29 14:52:38,261 - INFO - 第797局
2025-11-29 14:52:39,638 - INFO - 2赢了
2025-11-29 14:52:39,638 - INFO - 第798局
2025-11-29 14:52:41,137 - INFO - 2赢了
2025-11-29 14:52:41,137 - INFO - 第799局
2025-11-29 14:52:42,249 - INFO - 1赢了
2025-11-29 14:52:42,249 - INFO - 第800局
2025-11-29 14:52:43,594 - INFO - 2赢了
2025-11-29 14:52:43,604 - INFO - Epoch: 0, Loss: 1.2061, Policy: 1.1733, Value: 0.0820
2025-11-29 14:52:44,117 - INFO - Epoch: 100, Loss: 1.1571, Policy: 1.1372, Value: 0.0498
2025-11-29 14:52:44,571 - INFO - Epoch: 200, Loss: 1.0346, Policy: 1.0185, Value: 0.0403
2025-11-29 14:52:45,021 - INFO - Epoch: 300, Loss: 1.0691, Policy: 1.0402, Value: 0.0722
2025-11-29 14:52:45,468 - INFO - Epoch: 400, Loss: 1.2313, Policy: 1.2080, Value: 0.0583
2025-11-29 14:52:45,911 - INFO - Epoch: 500, Loss: 1.1340, Policy: 1.0926, Value: 0.1037
2025-11-29 14:52:46,363 - INFO - Epoch: 600, Loss: 1.1433, Policy: 1.1181, Value: 0.0631
2025-11-29 14:52:46,831 - INFO - Epoch: 700, Loss: 1.0940, Policy: 1.0757, Value: 0.0458
2025-11-29 14:52:47,286 - INFO - Epoch: 800, Loss: 1.1163, Policy: 1.0936, Value: 0.0568
2025-11-29 14:52:47,290 - INFO - 训练结束，最新模型已保存到 model.pth
2025-11-29 14:52:47,291 - INFO - 第801局
2025-11-29 14:52:48,515 - INFO - 2赢了
2025-11-29 14:52:48,516 - INFO - 第802局
2025-11-29 14:52:49,791 - INFO - 2赢了
2025-11-29 14:52:49,791 - INFO - 第803局
2025-11-29 14:52:51,056 - INFO - 2赢了
2025-11-29 14:52:51,056 - INFO - 第804局
2025-11-29 14:52:52,384 - INFO - 1赢了
2025-11-29 14:52:52,384 - INFO - 第805局
2025-11-29 14:52:53,872 - INFO - 2赢了
2025-11-29 14:52:53,872 - INFO - 第806局
2025-11-29 14:52:54,909 - INFO - 2赢了
2025-11-29 14:52:54,909 - INFO - 第807局
2025-11-29 14:52:55,726 - INFO - 2赢了
2025-11-29 14:52:55,726 - INFO - 第808局
2025-11-29 14:52:57,107 - INFO - 2赢了
2025-11-29 14:52:57,108 - INFO - 第809局
2025-11-29 14:52:58,453 - INFO - 2赢了
2025-11-29 14:52:58,453 - INFO - 第810局
2025-11-29 14:53:00,062 - INFO - 2赢了
2025-11-29 14:53:00,074 - INFO - Epoch: 0, Loss: 0.9666, Policy: 0.9440, Value: 0.0565
2025-11-29 14:53:00,557 - INFO - Epoch: 100, Loss: 1.0300, Policy: 1.0152, Value: 0.0370
2025-11-29 14:53:01,004 - INFO - Epoch: 200, Loss: 1.1678, Policy: 1.1447, Value: 0.0579
2025-11-29 14:53:01,459 - INFO - Epoch: 300, Loss: 1.0505, Policy: 1.0275, Value: 0.0576
2025-11-29 14:53:01,903 - INFO - Epoch: 400, Loss: 1.2437, Policy: 1.2218, Value: 0.0545
2025-11-29 14:53:02,354 - INFO - Epoch: 500, Loss: 1.1730, Policy: 1.1546, Value: 0.0460
2025-11-29 14:53:02,801 - INFO - Epoch: 600, Loss: 1.1486, Policy: 1.1271, Value: 0.0536
2025-11-29 14:53:03,262 - INFO - Epoch: 700, Loss: 1.0537, Policy: 1.0299, Value: 0.0594
2025-11-29 14:53:03,752 - INFO - Epoch: 800, Loss: 1.1759, Policy: 1.1546, Value: 0.0534
2025-11-29 14:53:03,756 - INFO - 训练结束，最新模型已保存到 model.pth
2025-11-29 14:53:03,756 - INFO - 第811局
2025-11-29 14:53:04,510 - INFO - 1赢了
2025-11-29 14:53:04,510 - INFO - 第812局
2025-11-29 14:53:05,472 - INFO - 2赢了
2025-11-29 14:53:05,472 - INFO - 第813局
2025-11-29 14:53:06,945 - INFO - 2赢了
2025-11-29 14:53:06,945 - INFO - 第814局
2025-11-29 14:53:08,299 - INFO - 2赢了
2025-11-29 14:53:08,300 - INFO - 第815局
2025-11-29 14:53:09,609 - INFO - 2赢了
2025-11-29 14:53:09,609 - INFO - 第816局
2025-11-29 14:53:11,422 - INFO - 2赢了
2025-11-29 14:53:11,422 - INFO - 第817局
2025-11-29 14:53:12,395 - INFO - 1赢了
2025-11-29 14:53:12,395 - INFO - 第818局
2025-11-29 14:53:13,182 - INFO - 2赢了
2025-11-29 14:53:13,182 - INFO - 第819局
2025-11-29 14:53:14,779 - INFO - 2赢了
2025-11-29 14:53:14,779 - INFO - 第820局
2025-11-29 14:53:16,105 - INFO - 2赢了
2025-11-29 14:53:16,116 - INFO - Epoch: 0, Loss: 1.2177, Policy: 1.1944, Value: 0.0583
2025-11-29 14:53:16,607 - INFO - Epoch: 100, Loss: 1.0091, Policy: 0.9957, Value: 0.0333
2025-11-29 14:53:17,116 - INFO - Epoch: 200, Loss: 1.1098, Policy: 1.0824, Value: 0.0683
2025-11-29 14:53:17,619 - INFO - Epoch: 300, Loss: 1.1639, Policy: 1.1378, Value: 0.0654
2025-11-29 14:53:18,110 - INFO - Epoch: 400, Loss: 1.0823, Policy: 1.0655, Value: 0.0420
2025-11-29 14:53:18,609 - INFO - Epoch: 500, Loss: 1.1066, Policy: 1.0898, Value: 0.0421
2025-11-29 14:53:19,070 - INFO - Epoch: 600, Loss: 1.2914, Policy: 1.2663, Value: 0.0627
2025-11-29 14:53:19,532 - INFO - Epoch: 700, Loss: 1.2200, Policy: 1.1865, Value: 0.0839
2025-11-29 14:53:20,030 - INFO - Epoch: 800, Loss: 1.1136, Policy: 1.0953, Value: 0.0459
2025-11-29 14:53:20,034 - INFO - 训练结束，最新模型已保存到 model.pth
2025-11-29 14:53:20,035 - INFO - 第821局
2025-11-29 14:53:21,190 - INFO - 2赢了
2025-11-29 14:53:21,190 - INFO - 第822局
2025-11-29 14:53:22,247 - INFO - 1赢了
2025-11-29 14:53:22,247 - INFO - 第823局
2025-11-29 14:53:23,728 - INFO - 2赢了
2025-11-29 14:53:23,728 - INFO - 第824局
2025-11-29 14:53:24,570 - INFO - 2赢了
2025-11-29 14:53:24,570 - INFO - 第825局
2025-11-29 14:53:26,078 - INFO - 2赢了
2025-11-29 14:53:26,078 - INFO - 第826局
2025-11-29 14:53:27,279 - INFO - 2赢了
2025-11-29 14:53:27,280 - INFO - 第827局
2025-11-29 14:53:28,005 - INFO - 2赢了
2025-11-29 14:53:28,005 - INFO - 第828局
2025-11-29 14:53:28,790 - INFO - 1赢了
2025-11-29 14:53:28,791 - INFO - 第829局
2025-11-29 14:53:29,755 - INFO - 1赢了
2025-11-29 14:53:29,755 - INFO - 第830局
2025-11-29 14:53:30,349 - INFO - 2赢了
2025-11-29 14:53:30,361 - INFO - Epoch: 0, Loss: 1.1078, Policy: 1.0885, Value: 0.0481
2025-11-29 14:53:30,852 - INFO - Epoch: 100, Loss: 1.0591, Policy: 1.0321, Value: 0.0677
2025-11-29 14:53:31,380 - INFO - Epoch: 200, Loss: 1.1228, Policy: 1.1031, Value: 0.0493
2025-11-29 14:53:31,908 - INFO - Epoch: 300, Loss: 1.0306, Policy: 1.0050, Value: 0.0639
2025-11-29 14:53:32,439 - INFO - Epoch: 400, Loss: 1.1683, Policy: 1.1446, Value: 0.0592
2025-11-29 14:53:32,977 - INFO - Epoch: 500, Loss: 1.1024, Policy: 1.0794, Value: 0.0573
2025-11-29 14:53:33,511 - INFO - Epoch: 600, Loss: 1.1958, Policy: 1.1658, Value: 0.0751
2025-11-29 14:53:33,967 - INFO - Epoch: 700, Loss: 1.0935, Policy: 1.0715, Value: 0.0551
2025-11-29 14:53:34,429 - INFO - Epoch: 800, Loss: 1.3045, Policy: 1.2834, Value: 0.0526
2025-11-29 14:53:34,433 - INFO - 训练结束，最新模型已保存到 model.pth
2025-11-29 14:53:34,433 - INFO - 第831局
2025-11-29 14:53:35,240 - INFO - 2赢了
2025-11-29 14:53:35,240 - INFO - 第832局
2025-11-29 14:53:36,709 - INFO - 2赢了
2025-11-29 14:53:36,710 - INFO - 第833局
2025-11-29 14:53:38,207 - INFO - 2赢了
2025-11-29 14:53:38,207 - INFO - 第834局
2025-11-29 14:53:39,286 - INFO - 1赢了
2025-11-29 14:53:39,286 - INFO - 第835局
2025-11-29 14:53:40,209 - INFO - 2赢了
2025-11-29 14:53:40,209 - INFO - 第836局
2025-11-29 14:53:41,470 - INFO - 2赢了
2025-11-29 14:53:41,470 - INFO - 第837局
2025-11-29 14:53:42,364 - INFO - 2赢了
2025-11-29 14:53:42,365 - INFO - 第838局
2025-11-29 14:53:43,480 - INFO - 1赢了
2025-11-29 14:53:43,480 - INFO - 第839局
2025-11-29 14:53:45,018 - INFO - 2赢了
2025-11-29 14:53:45,019 - INFO - 第840局
2025-11-29 14:53:46,678 - INFO - 2赢了
2025-11-29 14:53:46,688 - INFO - Epoch: 0, Loss: 1.1041, Policy: 1.0848, Value: 0.0483
2025-11-29 14:53:47,185 - INFO - Epoch: 100, Loss: 1.2001, Policy: 1.1809, Value: 0.0481
2025-11-29 14:53:47,637 - INFO - Epoch: 200, Loss: 1.1493, Policy: 1.1293, Value: 0.0499
2025-11-29 14:53:48,078 - INFO - Epoch: 300, Loss: 1.1990, Policy: 1.1776, Value: 0.0536
2025-11-29 14:53:48,518 - INFO - Epoch: 400, Loss: 1.1463, Policy: 1.1291, Value: 0.0428
2025-11-29 14:53:48,988 - INFO - Epoch: 500, Loss: 1.2403, Policy: 1.2172, Value: 0.0578
2025-11-29 14:53:49,445 - INFO - Epoch: 600, Loss: 1.1576, Policy: 1.1389, Value: 0.0468
2025-11-29 14:53:49,914 - INFO - Epoch: 700, Loss: 1.1576, Policy: 1.1321, Value: 0.0637
2025-11-29 14:53:50,368 - INFO - Epoch: 800, Loss: 1.0475, Policy: 1.0282, Value: 0.0481
2025-11-29 14:53:50,371 - INFO - 训练结束，最新模型已保存到 model.pth
2025-11-29 14:53:50,372 - INFO - 第841局
2025-11-29 14:53:51,484 - INFO - 1赢了
2025-11-29 14:53:51,484 - INFO - 第842局
2025-11-29 14:53:52,904 - INFO - 2赢了
2025-11-29 14:53:52,904 - INFO - 第843局
2025-11-29 14:53:54,160 - INFO - 2赢了
2025-11-29 14:53:54,160 - INFO - 第844局
2025-11-29 14:53:55,200 - INFO - 1赢了
2025-11-29 14:53:55,200 - INFO - 第845局
2025-11-29 14:53:56,022 - INFO - 2赢了
2025-11-29 14:53:56,022 - INFO - 第846局
2025-11-29 14:53:56,889 - INFO - 1赢了
2025-11-29 14:53:56,889 - INFO - 第847局
2025-11-29 14:53:58,414 - INFO - 2赢了
2025-11-29 14:53:58,414 - INFO - 第848局
2025-11-29 14:54:01,215 - INFO - 2赢了
2025-11-29 14:54:01,215 - INFO - 第849局
2025-11-29 14:54:02,549 - INFO - 2赢了
2025-11-29 14:54:02,549 - INFO - 第850局
2025-11-29 14:54:03,907 - INFO - 2赢了
2025-11-29 14:54:03,919 - INFO - Epoch: 0, Loss: 1.0556, Policy: 1.0329, Value: 0.0569
2025-11-29 14:54:04,432 - INFO - Epoch: 100, Loss: 1.0538, Policy: 1.0320, Value: 0.0545
2025-11-29 14:54:04,886 - INFO - Epoch: 200, Loss: 1.0869, Policy: 1.0648, Value: 0.0552
2025-11-29 14:54:05,337 - INFO - Epoch: 300, Loss: 1.2443, Policy: 1.2217, Value: 0.0566
2025-11-29 14:54:05,795 - INFO - Epoch: 400, Loss: 1.1652, Policy: 1.1352, Value: 0.0752
2025-11-29 14:54:06,249 - INFO - Epoch: 500, Loss: 1.2188, Policy: 1.1915, Value: 0.0683
2025-11-29 14:54:06,701 - INFO - Epoch: 600, Loss: 1.0508, Policy: 1.0251, Value: 0.0643
2025-11-29 14:54:07,168 - INFO - Epoch: 700, Loss: 1.1128, Policy: 1.0946, Value: 0.0455
2025-11-29 14:54:07,637 - INFO - Epoch: 800, Loss: 1.2921, Policy: 1.2704, Value: 0.0542
2025-11-29 14:54:07,641 - INFO - 训练结束，最新模型已保存到 model.pth
2025-11-29 14:54:07,642 - INFO - 第851局
2025-11-29 14:54:08,867 - INFO - 2赢了
2025-11-29 14:54:08,868 - INFO - 第852局
2025-11-29 14:54:10,087 - INFO - 2赢了
2025-11-29 14:54:10,087 - INFO - 第853局
2025-11-29 14:54:10,792 - INFO - 2赢了
2025-11-29 14:54:10,792 - INFO - 第854局
2025-11-29 14:54:12,076 - INFO - 2赢了
2025-11-29 14:54:12,076 - INFO - 第855局
2025-11-29 14:54:13,216 - INFO - 2赢了
2025-11-29 14:54:13,216 - INFO - 第856局
2025-11-29 14:54:14,175 - INFO - 2赢了
2025-11-29 14:54:14,175 - INFO - 第857局
2025-11-29 14:54:15,749 - INFO - 2赢了
2025-11-29 14:54:15,749 - INFO - 第858局
2025-11-29 14:54:16,992 - INFO - 2赢了
2025-11-29 14:54:16,992 - INFO - 第859局
2025-11-29 14:54:18,320 - INFO - 2赢了
2025-11-29 14:54:18,320 - INFO - 第860局
2025-11-29 14:54:19,758 - INFO - 2赢了
2025-11-29 14:54:19,774 - INFO - Epoch: 0, Loss: 1.2287, Policy: 1.1948, Value: 0.0848
2025-11-29 14:54:20,285 - INFO - Epoch: 100, Loss: 1.0937, Policy: 1.0694, Value: 0.0607
2025-11-29 14:54:20,774 - INFO - Epoch: 200, Loss: 1.2309, Policy: 1.1989, Value: 0.0799
2025-11-29 14:54:21,262 - INFO - Epoch: 300, Loss: 1.0699, Policy: 1.0428, Value: 0.0677
2025-11-29 14:54:21,734 - INFO - Epoch: 400, Loss: 1.1248, Policy: 1.1048, Value: 0.0499
2025-11-29 14:54:22,256 - INFO - Epoch: 500, Loss: 1.2009, Policy: 1.1745, Value: 0.0660
2025-11-29 14:54:22,761 - INFO - Epoch: 600, Loss: 1.1535, Policy: 1.1323, Value: 0.0531
2025-11-29 14:54:23,269 - INFO - Epoch: 700, Loss: 1.1113, Policy: 1.0927, Value: 0.0467
2025-11-29 14:54:23,755 - INFO - Epoch: 800, Loss: 1.2072, Policy: 1.1822, Value: 0.0624
2025-11-29 14:54:23,759 - INFO - 训练结束，最新模型已保存到 model.pth
2025-11-29 14:54:23,760 - INFO - 第861局
2025-11-29 14:54:24,947 - INFO - 2赢了
2025-11-29 14:54:24,947 - INFO - 第862局
2025-11-29 14:54:25,962 - INFO - 1赢了
2025-11-29 14:54:25,962 - INFO - 第863局
2025-11-29 14:54:27,229 - INFO - 2赢了
2025-11-29 14:54:27,229 - INFO - 第864局
2025-11-29 14:54:28,581 - INFO - 2赢了
2025-11-29 14:54:28,581 - INFO - 第865局
2025-11-29 14:54:30,097 - INFO - 2赢了
2025-11-29 14:54:30,097 - INFO - 第866局
2025-11-29 14:54:31,005 - INFO - 1赢了
2025-11-29 14:54:31,005 - INFO - 第867局
2025-11-29 14:54:33,490 - INFO - 2赢了
2025-11-29 14:54:33,490 - INFO - 第868局
2025-11-29 14:54:34,850 - INFO - 2赢了
2025-11-29 14:54:34,851 - INFO - 第869局
2025-11-29 14:54:36,159 - INFO - 2赢了
2025-11-29 14:54:36,159 - INFO - 第870局
2025-11-29 14:54:36,884 - INFO - 1赢了
2025-11-29 14:54:36,894 - INFO - Epoch: 0, Loss: 1.1595, Policy: 1.1356, Value: 0.0596
2025-11-29 14:54:37,403 - INFO - Epoch: 100, Loss: 1.1719, Policy: 1.1523, Value: 0.0490
2025-11-29 14:54:37,879 - INFO - Epoch: 200, Loss: 1.0964, Policy: 1.0671, Value: 0.0733
2025-11-29 14:54:38,337 - INFO - Epoch: 300, Loss: 1.1678, Policy: 1.1364, Value: 0.0785
2025-11-29 14:54:38,806 - INFO - Epoch: 400, Loss: 1.2160, Policy: 1.1949, Value: 0.0528
2025-11-29 14:54:39,277 - INFO - Epoch: 500, Loss: 1.2506, Policy: 1.2312, Value: 0.0483
2025-11-29 14:54:39,745 - INFO - Epoch: 600, Loss: 1.0959, Policy: 1.0683, Value: 0.0690
2025-11-29 14:54:40,206 - INFO - Epoch: 700, Loss: 0.9856, Policy: 0.9704, Value: 0.0381
2025-11-29 14:54:40,675 - INFO - Epoch: 800, Loss: 1.1532, Policy: 1.1407, Value: 0.0313
2025-11-29 14:54:40,678 - INFO - 训练结束，最新模型已保存到 model.pth
2025-11-29 14:54:40,679 - INFO - 第871局
2025-11-29 14:54:42,225 - INFO - 2赢了
2025-11-29 14:54:42,225 - INFO - 第872局
2025-11-29 14:54:43,562 - INFO - 2赢了
2025-11-29 14:54:43,562 - INFO - 第873局
2025-11-29 14:54:44,900 - INFO - 2赢了
2025-11-29 14:54:44,900 - INFO - 第874局
2025-11-29 14:54:45,822 - INFO - 2赢了
2025-11-29 14:54:45,822 - INFO - 第875局
2025-11-29 14:54:47,232 - INFO - 2赢了
2025-11-29 14:54:47,232 - INFO - 第876局
2025-11-29 14:54:48,405 - INFO - 1赢了
2025-11-29 14:54:48,405 - INFO - 第877局
2025-11-29 14:54:49,817 - INFO - 2赢了
2025-11-29 14:54:49,818 - INFO - 第878局
2025-11-29 14:54:51,189 - INFO - 2赢了
2025-11-29 14:54:51,190 - INFO - 第879局
2025-11-29 14:54:52,761 - INFO - 2赢了
2025-11-29 14:54:52,761 - INFO - 第880局
2025-11-29 14:54:54,485 - INFO - 2赢了
2025-11-29 14:54:54,499 - INFO - Epoch: 0, Loss: 1.0588, Policy: 1.0441, Value: 0.0369
2025-11-29 14:54:54,987 - INFO - Epoch: 100, Loss: 1.0732, Policy: 1.0404, Value: 0.0821
2025-11-29 14:54:55,496 - INFO - Epoch: 200, Loss: 1.1078, Policy: 1.0827, Value: 0.0627
2025-11-29 14:54:55,977 - INFO - Epoch: 300, Loss: 1.1804, Policy: 1.1574, Value: 0.0574
2025-11-29 14:54:56,456 - INFO - Epoch: 400, Loss: 1.0760, Policy: 1.0489, Value: 0.0679
2025-11-29 14:54:56,901 - INFO - Epoch: 500, Loss: 1.1484, Policy: 1.1232, Value: 0.0629
2025-11-29 14:54:57,395 - INFO - Epoch: 600, Loss: 1.0226, Policy: 1.0099, Value: 0.0316
2025-11-29 14:54:57,854 - INFO - Epoch: 700, Loss: 1.1207, Policy: 1.0897, Value: 0.0777
2025-11-29 14:54:58,303 - INFO - Epoch: 800, Loss: 1.1236, Policy: 1.0953, Value: 0.0706
2025-11-29 14:54:58,307 - INFO - 训练结束，最新模型已保存到 model.pth
2025-11-29 14:54:58,308 - INFO - 第881局
2025-11-29 14:54:58,985 - INFO - 2赢了
2025-11-29 14:54:58,985 - INFO - 第882局
2025-11-29 14:54:59,734 - INFO - 2赢了
2025-11-29 14:54:59,734 - INFO - 第883局
2025-11-29 14:55:00,971 - INFO - 2赢了
2025-11-29 14:55:00,971 - INFO - 第884局
2025-11-29 14:55:01,759 - INFO - 2赢了
2025-11-29 14:55:01,759 - INFO - 第885局
2025-11-29 14:55:03,108 - INFO - 1赢了
2025-11-29 14:55:03,108 - INFO - 第886局
2025-11-29 14:55:04,398 - INFO - 2赢了
2025-11-29 14:55:04,398 - INFO - 第887局
2025-11-29 14:55:06,822 - INFO - 2赢了
2025-11-29 14:55:06,823 - INFO - 第888局
2025-11-29 14:55:07,754 - INFO - 1赢了
2025-11-29 14:55:07,754 - INFO - 第889局
2025-11-29 14:55:09,503 - INFO - 1赢了
2025-11-29 14:55:09,504 - INFO - 第890局
2025-11-29 14:55:10,707 - INFO - 2赢了
2025-11-29 14:55:10,718 - INFO - Epoch: 0, Loss: 1.1666, Policy: 1.1354, Value: 0.0781
2025-11-29 14:55:11,228 - INFO - Epoch: 100, Loss: 1.1516, Policy: 1.1351, Value: 0.0411
2025-11-29 14:55:11,683 - INFO - Epoch: 200, Loss: 1.1839, Policy: 1.1545, Value: 0.0736
2025-11-29 14:55:12,140 - INFO - Epoch: 300, Loss: 1.1299, Policy: 1.1071, Value: 0.0570
2025-11-29 14:55:12,592 - INFO - Epoch: 400, Loss: 1.0440, Policy: 1.0210, Value: 0.0574
2025-11-29 14:55:13,070 - INFO - Epoch: 500, Loss: 1.0169, Policy: 0.9922, Value: 0.0618
2025-11-29 14:55:13,544 - INFO - Epoch: 600, Loss: 1.1371, Policy: 1.1233, Value: 0.0345
2025-11-29 14:55:14,001 - INFO - Epoch: 700, Loss: 1.1896, Policy: 1.1652, Value: 0.0610
2025-11-29 14:55:14,464 - INFO - Epoch: 800, Loss: 1.1628, Policy: 1.1367, Value: 0.0652
2025-11-29 14:55:14,467 - INFO - 训练结束，最新模型已保存到 model.pth
2025-11-29 14:55:14,468 - INFO - 第891局
2025-11-29 14:55:15,237 - INFO - 2赢了
2025-11-29 14:55:15,237 - INFO - 第892局
2025-11-29 14:55:16,021 - INFO - 1赢了
2025-11-29 14:55:16,021 - INFO - 第893局
2025-11-29 14:55:17,063 - INFO - 1赢了
2025-11-29 14:55:17,063 - INFO - 第894局
2025-11-29 14:55:18,143 - INFO - 1赢了
2025-11-29 14:55:18,143 - INFO - 第895局
2025-11-29 14:55:18,727 - INFO - 2赢了
2025-11-29 14:55:18,727 - INFO - 第896局
2025-11-29 14:55:19,943 - INFO - 2赢了
2025-11-29 14:55:19,943 - INFO - 第897局
2025-11-29 14:55:21,172 - INFO - 2赢了
2025-11-29 14:55:21,172 - INFO - 第898局
2025-11-29 14:55:22,500 - INFO - 2赢了
2025-11-29 14:55:22,500 - INFO - 第899局
2025-11-29 14:55:23,322 - INFO - 2赢了
2025-11-29 14:55:23,322 - INFO - 第900局
2025-11-29 14:55:24,322 - INFO - 1赢了
2025-11-29 14:55:24,332 - INFO - Epoch: 0, Loss: 1.1153, Policy: 1.0983, Value: 0.0427
2025-11-29 14:55:24,841 - INFO - Epoch: 100, Loss: 1.0701, Policy: 1.0406, Value: 0.0738
2025-11-29 14:55:25,307 - INFO - Epoch: 200, Loss: 1.2045, Policy: 1.1730, Value: 0.0788
2025-11-29 14:55:25,765 - INFO - Epoch: 300, Loss: 1.1534, Policy: 1.1179, Value: 0.0887
2025-11-29 14:55:26,181 - INFO - Epoch: 400, Loss: 1.1297, Policy: 1.1105, Value: 0.0480
2025-11-29 14:55:26,598 - INFO - Epoch: 500, Loss: 1.1093, Policy: 1.0954, Value: 0.0346
2025-11-29 14:55:27,015 - INFO - Epoch: 600, Loss: 1.1816, Policy: 1.1645, Value: 0.0427
2025-11-29 14:55:27,451 - INFO - Epoch: 700, Loss: 1.0945, Policy: 1.0709, Value: 0.0591
2025-11-29 14:55:27,861 - INFO - Epoch: 800, Loss: 1.2158, Policy: 1.1850, Value: 0.0770
2025-11-29 14:55:27,865 - INFO - 训练结束，最新模型已保存到 model.pth
2025-11-29 14:55:27,867 - INFO - 保存模型快照: /home/ktfine/IAteamwork/AlphaZero_Five/models/model_game_900.pth
2025-11-29 14:55:28,161 - INFO - 第901局
2025-11-29 14:55:29,052 - INFO - 1赢了
2025-11-29 14:55:29,052 - INFO - 第902局
2025-11-29 14:55:30,749 - INFO - 2赢了
2025-11-29 14:55:30,749 - INFO - 第903局
2025-11-29 14:55:31,557 - INFO - 2赢了
2025-11-29 14:55:31,557 - INFO - 第904局
2025-11-29 14:55:32,308 - INFO - 2赢了
2025-11-29 14:55:32,308 - INFO - 第905局
2025-11-29 14:55:33,146 - INFO - 2赢了
2025-11-29 14:55:33,146 - INFO - 第906局
2025-11-29 14:55:34,418 - INFO - 2赢了
2025-11-29 14:55:34,418 - INFO - 第907局
2025-11-29 14:55:35,586 - INFO - 1赢了
2025-11-29 14:55:35,586 - INFO - 第908局
2025-11-29 14:55:36,873 - INFO - 2赢了
2025-11-29 14:55:36,873 - INFO - 第909局
2025-11-29 14:55:38,182 - INFO - 2赢了
2025-11-29 14:55:38,182 - INFO - 第910局
2025-11-29 14:55:40,555 - INFO - 1赢了
2025-11-29 14:55:40,564 - INFO - Epoch: 0, Loss: 1.0512, Policy: 1.0301, Value: 0.0527
2025-11-29 14:55:41,073 - INFO - Epoch: 100, Loss: 1.0620, Policy: 1.0465, Value: 0.0388
2025-11-29 14:55:41,528 - INFO - Epoch: 200, Loss: 1.0890, Policy: 1.0592, Value: 0.0745
2025-11-29 14:55:41,975 - INFO - Epoch: 300, Loss: 1.1349, Policy: 1.1118, Value: 0.0577
2025-11-29 14:55:42,423 - INFO - Epoch: 400, Loss: 1.1113, Policy: 1.0936, Value: 0.0442
2025-11-29 14:55:42,869 - INFO - Epoch: 500, Loss: 1.1268, Policy: 1.1062, Value: 0.0513
2025-11-29 14:55:43,308 - INFO - Epoch: 600, Loss: 1.0646, Policy: 1.0437, Value: 0.0522
2025-11-29 14:55:43,777 - INFO - Epoch: 700, Loss: 1.1558, Policy: 1.1343, Value: 0.0537
2025-11-29 14:55:44,241 - INFO - Epoch: 800, Loss: 0.9330, Policy: 0.9164, Value: 0.0417
2025-11-29 14:55:44,245 - INFO - 训练结束，最新模型已保存到 model.pth
2025-11-29 14:55:44,245 - INFO - 第911局
2025-11-29 14:55:45,437 - INFO - 2赢了
2025-11-29 14:55:45,438 - INFO - 第912局
2025-11-29 14:55:46,525 - INFO - 2赢了
2025-11-29 14:55:46,525 - INFO - 第913局
2025-11-29 14:55:47,599 - INFO - 1赢了
2025-11-29 14:55:47,599 - INFO - 第914局
2025-11-29 14:55:48,368 - INFO - 2赢了
2025-11-29 14:55:48,368 - INFO - 第915局
2025-11-29 14:55:49,525 - INFO - 2赢了
2025-11-29 14:55:49,525 - INFO - 第916局
2025-11-29 14:55:50,472 - INFO - 1赢了
2025-11-29 14:55:50,473 - INFO - 第917局
2025-11-29 14:55:51,750 - INFO - 2赢了
2025-11-29 14:55:51,750 - INFO - 第918局
2025-11-29 14:55:53,030 - INFO - 2赢了
2025-11-29 14:55:53,030 - INFO - 第919局
2025-11-29 14:55:54,605 - INFO - 2赢了
2025-11-29 14:55:54,605 - INFO - 第920局
2025-11-29 14:55:55,428 - INFO - 2赢了
2025-11-29 14:55:55,440 - INFO - Epoch: 0, Loss: 1.2396, Policy: 1.2085, Value: 0.0777
2025-11-29 14:55:55,938 - INFO - Epoch: 100, Loss: 1.1064, Policy: 1.0927, Value: 0.0344
2025-11-29 14:55:56,379 - INFO - Epoch: 200, Loss: 1.1995, Policy: 1.1842, Value: 0.0382
2025-11-29 14:55:56,826 - INFO - Epoch: 300, Loss: 1.0889, Policy: 1.0662, Value: 0.0568
2025-11-29 14:55:57,293 - INFO - Epoch: 400, Loss: 1.0743, Policy: 1.0589, Value: 0.0385
2025-11-29 14:55:57,746 - INFO - Epoch: 500, Loss: 1.0323, Policy: 1.0120, Value: 0.0508
2025-11-29 14:55:58,214 - INFO - Epoch: 600, Loss: 1.1447, Policy: 1.1287, Value: 0.0400
2025-11-29 14:55:58,687 - INFO - Epoch: 700, Loss: 1.1638, Policy: 1.1425, Value: 0.0531
2025-11-29 14:55:59,160 - INFO - Epoch: 800, Loss: 1.0700, Policy: 1.0555, Value: 0.0363
2025-11-29 14:55:59,163 - INFO - 训练结束，最新模型已保存到 model.pth
2025-11-29 14:55:59,164 - INFO - 第921局
2025-11-29 14:56:00,018 - INFO - 2赢了
2025-11-29 14:56:00,018 - INFO - 第922局
2025-11-29 14:56:01,266 - INFO - 2赢了
2025-11-29 14:56:01,266 - INFO - 第923局
2025-11-29 14:56:02,451 - INFO - 1赢了
2025-11-29 14:56:02,451 - INFO - 第924局
2025-11-29 14:56:03,973 - INFO - 2赢了
2025-11-29 14:56:03,973 - INFO - 第925局
2025-11-29 14:56:05,338 - INFO - 2赢了
2025-11-29 14:56:05,339 - INFO - 第926局
2025-11-29 14:56:06,213 - INFO - 2赢了
2025-11-29 14:56:06,214 - INFO - 第927局
2025-11-29 14:56:07,533 - INFO - 2赢了
2025-11-29 14:56:07,534 - INFO - 第928局
2025-11-29 14:56:08,869 - INFO - 2赢了
2025-11-29 14:56:08,870 - INFO - 第929局
2025-11-29 14:56:10,205 - INFO - 2赢了
2025-11-29 14:56:10,205 - INFO - 第930局
2025-11-29 14:56:11,557 - INFO - 2赢了
2025-11-29 14:56:11,567 - INFO - Epoch: 0, Loss: 1.1550, Policy: 1.1380, Value: 0.0425
2025-11-29 14:56:12,108 - INFO - Epoch: 100, Loss: 1.1179, Policy: 1.0958, Value: 0.0553
2025-11-29 14:56:13,626 - INFO - Epoch: 200, Loss: 1.0209, Policy: 1.0008, Value: 0.0502
2025-11-29 14:56:14,132 - INFO - Epoch: 300, Loss: 1.0793, Policy: 1.0640, Value: 0.0381
2025-11-29 14:56:14,648 - INFO - Epoch: 400, Loss: 1.1027, Policy: 1.0781, Value: 0.0615
2025-11-29 14:56:15,163 - INFO - Epoch: 500, Loss: 1.0868, Policy: 1.0654, Value: 0.0536
2025-11-29 14:56:15,642 - INFO - Epoch: 600, Loss: 1.1991, Policy: 1.1814, Value: 0.0443
2025-11-29 14:56:16,115 - INFO - Epoch: 700, Loss: 1.0939, Policy: 1.0749, Value: 0.0474
2025-11-29 14:56:16,586 - INFO - Epoch: 800, Loss: 1.0731, Policy: 1.0499, Value: 0.0581
2025-11-29 14:56:16,590 - INFO - 训练结束，最新模型已保存到 model.pth
2025-11-29 14:56:16,591 - INFO - 第931局
2025-11-29 14:56:17,628 - INFO - 1赢了
2025-11-29 14:56:17,628 - INFO - 第932局
2025-11-29 14:56:18,907 - INFO - 2赢了
2025-11-29 14:56:18,907 - INFO - 第933局
2025-11-29 14:56:20,521 - INFO - 2赢了
2025-11-29 14:56:20,521 - INFO - 第934局
2025-11-29 14:56:21,600 - INFO - 2赢了
2025-11-29 14:56:21,600 - INFO - 第935局
2025-11-29 14:56:22,699 - INFO - 1赢了
2025-11-29 14:56:22,699 - INFO - 第936局
2025-11-29 14:56:24,057 - INFO - 2赢了
2025-11-29 14:56:24,057 - INFO - 第937局
2025-11-29 14:56:25,432 - INFO - 2赢了
2025-11-29 14:56:25,432 - INFO - 第938局
2025-11-29 14:56:26,303 - INFO - 2赢了
2025-11-29 14:56:26,303 - INFO - 第939局
2025-11-29 14:56:27,338 - INFO - 2赢了
2025-11-29 14:56:27,338 - INFO - 第940局
2025-11-29 14:56:28,674 - INFO - 2赢了
2025-11-29 14:56:28,684 - INFO - Epoch: 0, Loss: 1.1263, Policy: 1.0956, Value: 0.0767
2025-11-29 14:56:29,250 - INFO - Epoch: 100, Loss: 1.1193, Policy: 1.0967, Value: 0.0565
2025-11-29 14:56:29,732 - INFO - Epoch: 200, Loss: 1.0681, Policy: 1.0536, Value: 0.0364
2025-11-29 14:56:30,241 - INFO - Epoch: 300, Loss: 1.2496, Policy: 1.2243, Value: 0.0631
2025-11-29 14:56:30,717 - INFO - Epoch: 400, Loss: 1.1292, Policy: 1.1011, Value: 0.0704
2025-11-29 14:56:31,247 - INFO - Epoch: 500, Loss: 1.2001, Policy: 1.1800, Value: 0.0504
2025-11-29 14:56:31,731 - INFO - Epoch: 600, Loss: 1.0214, Policy: 1.0004, Value: 0.0524
2025-11-29 14:56:32,229 - INFO - Epoch: 700, Loss: 1.2441, Policy: 1.2240, Value: 0.0501
2025-11-29 14:56:32,701 - INFO - Epoch: 800, Loss: 1.1034, Policy: 1.0722, Value: 0.0782
2025-11-29 14:56:32,705 - INFO - 训练结束，最新模型已保存到 model.pth
2025-11-29 14:56:32,705 - INFO - 第941局
2025-11-29 14:56:33,931 - INFO - 2赢了
2025-11-29 14:56:33,932 - INFO - 第942局
2025-11-29 14:56:35,212 - INFO - 2赢了
2025-11-29 14:56:35,212 - INFO - 第943局
2025-11-29 14:56:36,511 - INFO - 2赢了
2025-11-29 14:56:36,511 - INFO - 第944局
2025-11-29 14:56:38,108 - INFO - 2赢了
2025-11-29 14:56:38,109 - INFO - 第945局
2025-11-29 14:56:39,870 - INFO - 1赢了
2025-11-29 14:56:39,870 - INFO - 第946局
2025-11-29 14:56:40,782 - INFO - 2赢了
2025-11-29 14:56:40,782 - INFO - 第947局
2025-11-29 14:56:42,154 - INFO - 2赢了
2025-11-29 14:56:42,154 - INFO - 第948局
2025-11-29 14:56:43,519 - INFO - 2赢了
2025-11-29 14:56:43,519 - INFO - 第949局
2025-11-29 14:56:44,463 - INFO - 1赢了
2025-11-29 14:56:44,463 - INFO - 第950局
2025-11-29 14:56:46,882 - INFO - 2赢了
2025-11-29 14:56:46,893 - INFO - Epoch: 0, Loss: 1.1348, Policy: 1.1091, Value: 0.0644
2025-11-29 14:56:47,388 - INFO - Epoch: 100, Loss: 0.9539, Policy: 0.9362, Value: 0.0442
2025-11-29 14:56:47,863 - INFO - Epoch: 200, Loss: 1.0993, Policy: 1.0786, Value: 0.0517
2025-11-29 14:56:48,319 - INFO - Epoch: 300, Loss: 1.1056, Policy: 1.0784, Value: 0.0682
2025-11-29 14:56:48,771 - INFO - Epoch: 400, Loss: 1.1216, Policy: 1.0921, Value: 0.0737
2025-11-29 14:56:49,226 - INFO - Epoch: 500, Loss: 1.1779, Policy: 1.1532, Value: 0.0618
2025-11-29 14:56:49,679 - INFO - Epoch: 600, Loss: 1.1505, Policy: 1.1297, Value: 0.0519
2025-11-29 14:56:50,148 - INFO - Epoch: 700, Loss: 1.0763, Policy: 1.0495, Value: 0.0670
2025-11-29 14:56:50,612 - INFO - Epoch: 800, Loss: 1.0994, Policy: 1.0729, Value: 0.0662
2025-11-29 14:56:50,616 - INFO - 训练结束，最新模型已保存到 model.pth
2025-11-29 14:56:50,616 - INFO - 第951局
2025-11-29 14:56:52,098 - INFO - 2赢了
2025-11-29 14:56:52,098 - INFO - 第952局
2025-11-29 14:56:53,749 - INFO - 1赢了
2025-11-29 14:56:53,749 - INFO - 第953局
2025-11-29 14:56:55,003 - INFO - 2赢了
2025-11-29 14:56:55,003 - INFO - 第954局
2025-11-29 14:56:56,330 - INFO - 2赢了
2025-11-29 14:56:56,330 - INFO - 第955局
2025-11-29 14:56:57,372 - INFO - 1赢了
2025-11-29 14:56:57,372 - INFO - 第956局
2025-11-29 14:56:58,326 - INFO - 2赢了
2025-11-29 14:56:58,326 - INFO - 第957局
2025-11-29 14:56:59,901 - INFO - 2赢了
2025-11-29 14:56:59,902 - INFO - 第958局
2025-11-29 14:57:00,756 - INFO - 2赢了
2025-11-29 14:57:00,756 - INFO - 第959局
2025-11-29 14:57:01,968 - INFO - 1赢了
2025-11-29 14:57:01,968 - INFO - 第960局
2025-11-29 14:57:02,830 - INFO - 2赢了
2025-11-29 14:57:02,840 - INFO - Epoch: 0, Loss: 1.1471, Policy: 1.1262, Value: 0.0522
2025-11-29 14:57:03,356 - INFO - Epoch: 100, Loss: 1.0782, Policy: 1.0461, Value: 0.0802
2025-11-29 14:57:03,809 - INFO - Epoch: 200, Loss: 1.2442, Policy: 1.2286, Value: 0.0391
2025-11-29 14:57:04,286 - INFO - Epoch: 300, Loss: 1.1251, Policy: 1.0995, Value: 0.0640
2025-11-29 14:57:04,754 - INFO - Epoch: 400, Loss: 1.0536, Policy: 1.0401, Value: 0.0337
2025-11-29 14:57:05,221 - INFO - Epoch: 500, Loss: 1.0694, Policy: 1.0478, Value: 0.0539
2025-11-29 14:57:05,695 - INFO - Epoch: 600, Loss: 1.0148, Policy: 0.9899, Value: 0.0623
2025-11-29 14:57:06,179 - INFO - Epoch: 700, Loss: 1.0613, Policy: 1.0404, Value: 0.0523
2025-11-29 14:57:06,664 - INFO - Epoch: 800, Loss: 1.1430, Policy: 1.1206, Value: 0.0562
2025-11-29 14:57:06,667 - INFO - 训练结束，最新模型已保存到 model.pth
2025-11-29 14:57:06,668 - INFO - 第961局
2025-11-29 14:57:07,645 - INFO - 1赢了
2025-11-29 14:57:07,645 - INFO - 第962局
2025-11-29 14:57:08,437 - INFO - 2赢了
2025-11-29 14:57:08,437 - INFO - 第963局
2025-11-29 14:57:09,682 - INFO - 2赢了
2025-11-29 14:57:09,682 - INFO - 第964局
2025-11-29 14:57:12,297 - INFO - 2赢了
2025-11-29 14:57:12,297 - INFO - 第965局
2025-11-29 14:57:13,478 - INFO - 1赢了
2025-11-29 14:57:13,478 - INFO - 第966局
2025-11-29 14:57:14,633 - INFO - 1赢了
2025-11-29 14:57:14,633 - INFO - 第967局
2025-11-29 14:57:15,972 - INFO - 2赢了
2025-11-29 14:57:15,972 - INFO - 第968局
2025-11-29 14:57:16,780 - INFO - 2赢了
2025-11-29 14:57:16,780 - INFO - 第969局
2025-11-29 14:57:18,128 - INFO - 2赢了
2025-11-29 14:57:18,128 - INFO - 第970局
2025-11-29 14:57:20,452 - INFO - 2赢了
2025-11-29 14:57:20,463 - INFO - Epoch: 0, Loss: 1.0643, Policy: 1.0481, Value: 0.0404
2025-11-29 14:57:20,983 - INFO - Epoch: 100, Loss: 1.1438, Policy: 1.1178, Value: 0.0652
2025-11-29 14:57:21,447 - INFO - Epoch: 200, Loss: 1.1346, Policy: 1.1195, Value: 0.0378
2025-11-29 14:57:21,905 - INFO - Epoch: 300, Loss: 1.2068, Policy: 1.1734, Value: 0.0834
2025-11-29 14:57:22,391 - INFO - Epoch: 400, Loss: 1.0015, Policy: 0.9745, Value: 0.0676
2025-11-29 14:57:22,869 - INFO - Epoch: 500, Loss: 1.0952, Policy: 1.0787, Value: 0.0413
2025-11-29 14:57:23,343 - INFO - Epoch: 600, Loss: 1.2145, Policy: 1.1857, Value: 0.0721
2025-11-29 14:57:23,807 - INFO - Epoch: 700, Loss: 1.1611, Policy: 1.1386, Value: 0.0563
2025-11-29 14:57:24,302 - INFO - Epoch: 800, Loss: 1.1622, Policy: 1.1417, Value: 0.0512
2025-11-29 14:57:24,305 - INFO - 训练结束，最新模型已保存到 model.pth
2025-11-29 14:57:24,306 - INFO - 第971局
2025-11-29 14:57:25,522 - INFO - 2赢了
2025-11-29 14:57:25,522 - INFO - 第972局
2025-11-29 14:57:26,853 - INFO - 2赢了
2025-11-29 14:57:26,853 - INFO - 第973局
2025-11-29 14:57:28,165 - INFO - 2赢了
2025-11-29 14:57:28,165 - INFO - 第974局
2025-11-29 14:57:29,365 - INFO - 1赢了
2025-11-29 14:57:29,365 - INFO - 第975局
2025-11-29 14:57:30,701 - INFO - 2赢了
2025-11-29 14:57:30,701 - INFO - 第976局
2025-11-29 14:57:32,040 - INFO - 2赢了
2025-11-29 14:57:32,040 - INFO - 第977局
2025-11-29 14:57:33,389 - INFO - 2赢了
2025-11-29 14:57:33,389 - INFO - 第978局
2025-11-29 14:57:34,712 - INFO - 2赢了
2025-11-29 14:57:34,712 - INFO - 第979局
2025-11-29 14:57:36,059 - INFO - 2赢了
2025-11-29 14:57:36,059 - INFO - 第980局
2025-11-29 14:57:37,415 - INFO - 2赢了
2025-11-29 14:57:37,424 - INFO - Epoch: 0, Loss: 1.1113, Policy: 1.0883, Value: 0.0574
2025-11-29 14:57:37,939 - INFO - Epoch: 100, Loss: 1.0507, Policy: 1.0263, Value: 0.0610
2025-11-29 14:57:38,399 - INFO - Epoch: 200, Loss: 1.2628, Policy: 1.2310, Value: 0.0795
2025-11-29 14:57:38,866 - INFO - Epoch: 300, Loss: 1.1401, Policy: 1.1175, Value: 0.0565
2025-11-29 14:57:39,318 - INFO - Epoch: 400, Loss: 1.1500, Policy: 1.1255, Value: 0.0613
2025-11-29 14:57:39,769 - INFO - Epoch: 500, Loss: 1.1682, Policy: 1.1469, Value: 0.0532
2025-11-29 14:57:40,218 - INFO - Epoch: 600, Loss: 1.0359, Policy: 1.0146, Value: 0.0531
2025-11-29 14:57:40,662 - INFO - Epoch: 700, Loss: 1.1327, Policy: 1.1100, Value: 0.0566
2025-11-29 14:57:41,114 - INFO - Epoch: 800, Loss: 1.2154, Policy: 1.1866, Value: 0.0720
2025-11-29 14:57:41,118 - INFO - 训练结束，最新模型已保存到 model.pth
2025-11-29 14:57:41,119 - INFO - 第981局
2025-11-29 14:57:42,147 - INFO - 1赢了
2025-11-29 14:57:42,147 - INFO - 第982局
2025-11-29 14:57:43,183 - INFO - 1赢了
2025-11-29 14:57:43,183 - INFO - 第983局
2025-11-29 14:57:44,704 - INFO - 2赢了
2025-11-29 14:57:44,704 - INFO - 第984局
2025-11-29 14:57:45,647 - INFO - 2赢了
2025-11-29 14:57:45,647 - INFO - 第985局
2025-11-29 14:57:46,995 - INFO - 2赢了
2025-11-29 14:57:46,995 - INFO - 第986局
2025-11-29 14:57:48,541 - INFO - 1赢了
2025-11-29 14:57:48,542 - INFO - 第987局
2025-11-29 14:57:49,406 - INFO - 2赢了
2025-11-29 14:57:49,406 - INFO - 第988局
2025-11-29 14:57:50,589 - INFO - 2赢了
2025-11-29 14:57:50,589 - INFO - 第989局
2025-11-29 14:57:51,953 - INFO - 2赢了
2025-11-29 14:57:51,953 - INFO - 第990局
2025-11-29 14:57:54,438 - INFO - 2赢了
2025-11-29 14:57:54,448 - INFO - Epoch: 0, Loss: 1.1667, Policy: 1.1369, Value: 0.0745
2025-11-29 14:57:54,977 - INFO - Epoch: 100, Loss: 1.2796, Policy: 1.2485, Value: 0.0776
2025-11-29 14:57:55,410 - INFO - Epoch: 200, Loss: 1.0657, Policy: 1.0358, Value: 0.0748
2025-11-29 14:57:55,861 - INFO - Epoch: 300, Loss: 1.1474, Policy: 1.1244, Value: 0.0575
2025-11-29 14:57:56,303 - INFO - Epoch: 400, Loss: 1.0758, Policy: 1.0540, Value: 0.0545
2025-11-29 14:57:56,761 - INFO - Epoch: 500, Loss: 1.1373, Policy: 1.1123, Value: 0.0626
2025-11-29 14:57:57,218 - INFO - Epoch: 600, Loss: 1.1220, Policy: 1.1020, Value: 0.0500
2025-11-29 14:57:57,674 - INFO - Epoch: 700, Loss: 1.1843, Policy: 1.1562, Value: 0.0702
2025-11-29 14:57:58,139 - INFO - Epoch: 800, Loss: 1.0685, Policy: 1.0468, Value: 0.0543
2025-11-29 14:57:58,143 - INFO - 训练结束，最新模型已保存到 model.pth
2025-11-29 14:57:58,144 - INFO - 第991局
2025-11-29 14:57:58,910 - INFO - 2赢了
2025-11-29 14:57:58,910 - INFO - 第992局
2025-11-29 14:58:00,285 - INFO - 1赢了
2025-11-29 14:58:00,285 - INFO - 第993局
2025-11-29 14:58:01,545 - INFO - 2赢了
2025-11-29 14:58:01,546 - INFO - 第994局
2025-11-29 14:58:02,570 - INFO - 1赢了
2025-11-29 14:58:02,570 - INFO - 第995局
2025-11-29 14:58:03,933 - INFO - 2赢了
2025-11-29 14:58:03,933 - INFO - 第996局
2025-11-29 14:58:05,101 - INFO - 2赢了
2025-11-29 14:58:05,101 - INFO - 第997局
2025-11-29 14:58:06,301 - INFO - 2赢了
2025-11-29 14:58:06,301 - INFO - 第998局
2025-11-29 14:58:07,525 - INFO - 2赢了
2025-11-29 14:58:07,525 - INFO - 第999局
2025-11-29 14:58:08,456 - INFO - 1赢了
2025-11-29 14:58:08,457 - INFO - 第1000局
2025-11-29 14:58:09,816 - INFO - 2赢了
2025-11-29 14:58:09,825 - INFO - Epoch: 0, Loss: 1.1013, Policy: 1.0802, Value: 0.0528
2025-11-29 14:58:10,341 - INFO - Epoch: 100, Loss: 1.1369, Policy: 1.1225, Value: 0.0361
2025-11-29 14:58:10,795 - INFO - Epoch: 200, Loss: 1.1217, Policy: 1.0978, Value: 0.0599
2025-11-29 14:58:11,298 - INFO - Epoch: 300, Loss: 1.1952, Policy: 1.1689, Value: 0.0657
2025-11-29 14:58:11,803 - INFO - Epoch: 400, Loss: 1.0964, Policy: 1.0744, Value: 0.0550
2025-11-29 14:58:12,319 - INFO - Epoch: 500, Loss: 1.0942, Policy: 1.0665, Value: 0.0693
2025-11-29 14:58:12,835 - INFO - Epoch: 600, Loss: 1.1624, Policy: 1.1393, Value: 0.0577
2025-11-29 14:58:13,343 - INFO - Epoch: 700, Loss: 1.1700, Policy: 1.1495, Value: 0.0512
2025-11-29 14:58:13,849 - INFO - Epoch: 800, Loss: 1.0121, Policy: 0.9941, Value: 0.0450
2025-11-29 14:58:13,854 - INFO - 训练结束，最新模型已保存到 model.pth
2025-11-29 14:58:13,854 - INFO - 第1001局
2025-11-29 14:58:14,882 - INFO - 1赢了
2025-11-29 14:58:14,883 - INFO - 第1002局
2025-11-29 14:58:16,410 - INFO - 2赢了
2025-11-29 14:58:16,410 - INFO - 第1003局
2025-11-29 14:58:17,275 - INFO - 2赢了
2025-11-29 14:58:17,275 - INFO - 第1004局
2025-11-29 14:58:18,037 - INFO - 1赢了
2025-11-29 14:58:18,037 - INFO - 第1005局
2025-11-29 14:58:19,607 - INFO - 2赢了
2025-11-29 14:58:19,607 - INFO - 第1006局
2025-11-29 14:58:20,241 - INFO - 1赢了
2025-11-29 14:58:20,241 - INFO - 第1007局
2025-11-29 14:58:22,793 - INFO - 2赢了
2025-11-29 14:58:22,793 - INFO - 第1008局
2025-11-29 14:58:24,417 - INFO - 2赢了
2025-11-29 14:58:24,417 - INFO - 第1009局
2025-11-29 14:58:25,489 - INFO - 1赢了
2025-11-29 14:58:25,489 - INFO - 第1010局
2025-11-29 14:58:27,083 - INFO - 2赢了
2025-11-29 14:58:27,097 - INFO - Epoch: 0, Loss: 1.1685, Policy: 1.1422, Value: 0.0658
2025-11-29 14:58:27,591 - INFO - Epoch: 100, Loss: 1.1399, Policy: 1.1155, Value: 0.0609
2025-11-29 14:58:28,101 - INFO - Epoch: 200, Loss: 1.1345, Policy: 1.1147, Value: 0.0496
2025-11-29 14:58:28,605 - INFO - Epoch: 300, Loss: 1.0282, Policy: 1.0072, Value: 0.0524
2025-11-29 14:58:29,105 - INFO - Epoch: 400, Loss: 1.1909, Policy: 1.1593, Value: 0.0788
2025-11-29 14:58:29,623 - INFO - Epoch: 500, Loss: 1.1524, Policy: 1.1311, Value: 0.0532
2025-11-29 14:58:30,153 - INFO - Epoch: 600, Loss: 1.1140, Policy: 1.0840, Value: 0.0750
2025-11-29 14:58:30,665 - INFO - Epoch: 700, Loss: 1.0913, Policy: 1.0634, Value: 0.0698
2025-11-29 14:58:31,172 - INFO - Epoch: 800, Loss: 1.1225, Policy: 1.0996, Value: 0.0572
2025-11-29 14:58:31,176 - INFO - 训练结束，最新模型已保存到 model.pth
2025-11-29 14:58:31,177 - INFO - 第1011局
2025-11-29 14:58:32,412 - INFO - 2赢了
2025-11-29 14:58:32,413 - INFO - 第1012局
2025-11-29 14:58:33,676 - INFO - 2赢了
2025-11-29 14:58:33,676 - INFO - 第1013局
2025-11-29 14:58:34,884 - INFO - 2赢了
2025-11-29 14:58:34,884 - INFO - 第1014局
2025-11-29 14:58:36,198 - INFO - 2赢了
2025-11-29 14:58:36,198 - INFO - 第1015局
2025-11-29 14:58:37,246 - INFO - 2赢了
2025-11-29 14:58:37,247 - INFO - 第1016局
2025-11-29 14:58:38,861 - INFO - 2赢了
2025-11-29 14:58:38,861 - INFO - 第1017局
2025-11-29 14:58:40,187 - INFO - 2赢了
2025-11-29 14:58:40,187 - INFO - 第1018局
2025-11-29 14:58:41,257 - INFO - 1赢了
2025-11-29 14:58:41,258 - INFO - 第1019局
2025-11-29 14:58:42,105 - INFO - 2赢了
2025-11-29 14:58:42,106 - INFO - 第1020局
2025-11-29 14:58:43,422 - INFO - 2赢了
2025-11-29 14:58:43,443 - INFO - Epoch: 0, Loss: 1.1157, Policy: 1.0983, Value: 0.0434
2025-11-29 14:58:44,024 - INFO - Epoch: 100, Loss: 0.9972, Policy: 0.9769, Value: 0.0509
2025-11-29 14:58:44,532 - INFO - Epoch: 200, Loss: 1.2568, Policy: 1.2418, Value: 0.0376
2025-11-29 14:58:45,039 - INFO - Epoch: 300, Loss: 1.0207, Policy: 0.9985, Value: 0.0554
2025-11-29 14:58:45,548 - INFO - Epoch: 400, Loss: 1.1200, Policy: 1.0973, Value: 0.0568
2025-11-29 14:58:46,058 - INFO - Epoch: 500, Loss: 0.9908, Policy: 0.9728, Value: 0.0451
2025-11-29 14:58:46,568 - INFO - Epoch: 600, Loss: 1.1766, Policy: 1.1546, Value: 0.0549
2025-11-29 14:58:47,082 - INFO - Epoch: 700, Loss: 1.0639, Policy: 1.0479, Value: 0.0400
2025-11-29 14:58:47,587 - INFO - Epoch: 800, Loss: 1.1231, Policy: 1.1027, Value: 0.0511
2025-11-29 14:58:47,591 - INFO - 训练结束，最新模型已保存到 model.pth
2025-11-29 14:58:47,592 - INFO - 第1021局
2025-11-29 14:58:48,529 - INFO - 1赢了
2025-11-29 14:58:48,529 - INFO - 第1022局
2025-11-29 14:58:49,838 - INFO - 1赢了
2025-11-29 14:58:49,838 - INFO - 第1023局
2025-11-29 14:58:51,497 - INFO - 2赢了
2025-11-29 14:58:51,497 - INFO - 第1024局
2025-11-29 14:58:52,766 - INFO - 2赢了
2025-11-29 14:58:52,767 - INFO - 第1025局
2025-11-29 14:58:53,633 - INFO - 2赢了
2025-11-29 14:58:53,633 - INFO - 第1026局
2025-11-29 14:58:54,973 - INFO - 2赢了
2025-11-29 14:58:54,973 - INFO - 第1027局
2025-11-29 14:58:55,813 - INFO - 2赢了
2025-11-29 14:58:55,813 - INFO - 第1028局
2025-11-29 14:58:57,149 - INFO - 2赢了
2025-11-29 14:58:57,149 - INFO - 第1029局
2025-11-29 14:58:58,791 - INFO - 2赢了
2025-11-29 14:58:58,791 - INFO - 第1030局
2025-11-29 14:59:00,147 - INFO - 2赢了
2025-11-29 14:59:00,161 - INFO - Epoch: 0, Loss: 1.1077, Policy: 1.0862, Value: 0.0540
2025-11-29 14:59:00,697 - INFO - Epoch: 100, Loss: 1.0481, Policy: 1.0254, Value: 0.0567
2025-11-29 14:59:01,179 - INFO - Epoch: 200, Loss: 1.1406, Policy: 1.1193, Value: 0.0532
2025-11-29 14:59:01,649 - INFO - Epoch: 300, Loss: 1.1350, Policy: 1.1165, Value: 0.0462
2025-11-29 14:59:02,118 - INFO - Epoch: 400, Loss: 1.2517, Policy: 1.2272, Value: 0.0611
2025-11-29 14:59:02,575 - INFO - Epoch: 500, Loss: 1.0510, Policy: 1.0234, Value: 0.0691
2025-11-29 14:59:03,045 - INFO - Epoch: 600, Loss: 1.1460, Policy: 1.1291, Value: 0.0424
2025-11-29 14:59:03,534 - INFO - Epoch: 700, Loss: 1.1567, Policy: 1.1282, Value: 0.0711
2025-11-29 14:59:04,027 - INFO - Epoch: 800, Loss: 1.0977, Policy: 1.0770, Value: 0.0518
2025-11-29 14:59:04,031 - INFO - 训练结束，最新模型已保存到 model.pth
2025-11-29 14:59:04,032 - INFO - 第1031局
2025-11-29 14:59:05,070 - INFO - 2赢了
2025-11-29 14:59:05,071 - INFO - 第1032局
2025-11-29 14:59:06,341 - INFO - 2赢了
2025-11-29 14:59:06,341 - INFO - 第1033局
2025-11-29 14:59:07,889 - INFO - 2赢了
2025-11-29 14:59:07,889 - INFO - 第1034局
2025-11-29 14:59:09,488 - INFO - 2赢了
2025-11-29 14:59:09,488 - INFO - 第1035局
2025-11-29 14:59:10,843 - INFO - 2赢了
2025-11-29 14:59:10,843 - INFO - 第1036局
2025-11-29 14:59:12,990 - INFO - 2赢了
2025-11-29 14:59:12,990 - INFO - 第1037局
2025-11-29 14:59:14,615 - INFO - 2赢了
2025-11-29 14:59:14,615 - INFO - 第1038局
2025-11-29 14:59:16,044 - INFO - 2赢了
2025-11-29 14:59:16,045 - INFO - 第1039局
2025-11-29 14:59:17,675 - INFO - 2赢了
2025-11-29 14:59:17,675 - INFO - 第1040局
2025-11-29 14:59:19,040 - INFO - 2赢了
2025-11-29 14:59:19,049 - INFO - Epoch: 0, Loss: 1.0464, Policy: 1.0228, Value: 0.0588
2025-11-29 14:59:19,593 - INFO - Epoch: 100, Loss: 1.0658, Policy: 1.0473, Value: 0.0462
2025-11-29 14:59:20,142 - INFO - Epoch: 200, Loss: 1.2536, Policy: 1.2305, Value: 0.0578
2025-11-29 14:59:20,691 - INFO - Epoch: 300, Loss: 1.1666, Policy: 1.1439, Value: 0.0566
2025-11-29 14:59:21,236 - INFO - Epoch: 400, Loss: 1.1061, Policy: 1.0840, Value: 0.0554
2025-11-29 14:59:21,721 - INFO - Epoch: 500, Loss: 1.1187, Policy: 1.0971, Value: 0.0538
2025-11-29 14:59:22,223 - INFO - Epoch: 600, Loss: 1.0344, Policy: 1.0140, Value: 0.0512
2025-11-29 14:59:22,721 - INFO - Epoch: 700, Loss: 1.2070, Policy: 1.1867, Value: 0.0509
2025-11-29 14:59:23,204 - INFO - Epoch: 800, Loss: 1.1981, Policy: 1.1779, Value: 0.0505
2025-11-29 14:59:23,208 - INFO - 训练结束，最新模型已保存到 model.pth
2025-11-29 14:59:23,209 - INFO - 第1041局
2025-11-29 14:59:24,267 - INFO - 2赢了
2025-11-29 14:59:24,267 - INFO - 第1042局
2025-11-29 14:59:25,643 - INFO - 2赢了
2025-11-29 14:59:25,643 - INFO - 第1043局
2025-11-29 14:59:26,806 - INFO - 2赢了
2025-11-29 14:59:26,807 - INFO - 第1044局
2025-11-29 14:59:27,836 - INFO - 2赢了
2025-11-29 14:59:27,836 - INFO - 第1045局
2025-11-29 14:59:28,747 - INFO - 1赢了
2025-11-29 14:59:28,747 - INFO - 第1046局
2025-11-29 14:59:29,913 - INFO - 2赢了
2025-11-29 14:59:29,913 - INFO - 第1047局
2025-11-29 14:59:31,186 - INFO - 2赢了
2025-11-29 14:59:31,186 - INFO - 第1048局
2025-11-29 14:59:32,480 - INFO - 2赢了
2025-11-29 14:59:32,480 - INFO - 第1049局
2025-11-29 14:59:33,567 - INFO - 1赢了
2025-11-29 14:59:33,567 - INFO - 第1050局
2025-11-29 14:59:34,782 - INFO - 2赢了
2025-11-29 14:59:34,793 - INFO - Epoch: 0, Loss: 0.9772, Policy: 0.9618, Value: 0.0384
2025-11-29 14:59:35,274 - INFO - Epoch: 100, Loss: 1.1426, Policy: 1.1247, Value: 0.0448
2025-11-29 14:59:35,742 - INFO - Epoch: 200, Loss: 1.0695, Policy: 1.0497, Value: 0.0495
2025-11-29 14:59:36,196 - INFO - Epoch: 300, Loss: 1.1064, Policy: 1.0868, Value: 0.0490
2025-11-29 14:59:36,652 - INFO - Epoch: 400, Loss: 1.1433, Policy: 1.1214, Value: 0.0549
2025-11-29 14:59:37,100 - INFO - Epoch: 500, Loss: 1.0757, Policy: 1.0453, Value: 0.0759
2025-11-29 14:59:37,566 - INFO - Epoch: 600, Loss: 1.2153, Policy: 1.1958, Value: 0.0489
2025-11-29 14:59:38,017 - INFO - Epoch: 700, Loss: 1.1734, Policy: 1.1487, Value: 0.0617
2025-11-29 14:59:38,457 - INFO - Epoch: 800, Loss: 1.2180, Policy: 1.1855, Value: 0.0812
2025-11-29 14:59:38,460 - INFO - 训练结束，最新模型已保存到 model.pth
2025-11-29 14:59:38,461 - INFO - 第1051局
2025-11-29 14:59:39,814 - INFO - 2赢了
2025-11-29 14:59:39,814 - INFO - 第1052局
2025-11-29 14:59:41,203 - INFO - 2赢了
2025-11-29 14:59:41,203 - INFO - 第1053局
2025-11-29 14:59:42,158 - INFO - 2赢了
2025-11-29 14:59:42,158 - INFO - 第1054局
2025-11-29 14:59:42,913 - INFO - 2赢了
2025-11-29 14:59:42,914 - INFO - 第1055局
2025-11-29 14:59:44,457 - INFO - 2赢了
2025-11-29 14:59:44,457 - INFO - 第1056局
2025-11-29 14:59:46,217 - INFO - 1赢了
2025-11-29 14:59:46,217 - INFO - 第1057局
2025-11-29 14:59:47,511 - INFO - 2赢了
2025-11-29 14:59:47,511 - INFO - 第1058局
2025-11-29 14:59:48,385 - INFO - 1赢了
2025-11-29 14:59:48,385 - INFO - 第1059局
2025-11-29 14:59:49,602 - INFO - 1赢了
2025-11-29 14:59:49,602 - INFO - 第1060局
2025-11-29 14:59:50,971 - INFO - 2赢了
2025-11-29 14:59:50,983 - INFO - Epoch: 0, Loss: 1.1006, Policy: 1.0874, Value: 0.0331
2025-11-29 14:59:51,483 - INFO - Epoch: 100, Loss: 1.1478, Policy: 1.1339, Value: 0.0347
2025-11-29 14:59:51,943 - INFO - Epoch: 200, Loss: 0.9776, Policy: 0.9535, Value: 0.0602
2025-11-29 14:59:52,413 - INFO - Epoch: 300, Loss: 1.2373, Policy: 1.2087, Value: 0.0714
2025-11-29 14:59:52,875 - INFO - Epoch: 400, Loss: 1.1438, Policy: 1.1202, Value: 0.0591
2025-11-29 14:59:53,353 - INFO - Epoch: 500, Loss: 1.2721, Policy: 1.2359, Value: 0.0905
2025-11-29 14:59:53,808 - INFO - Epoch: 600, Loss: 1.1899, Policy: 1.1685, Value: 0.0535
2025-11-29 14:59:54,258 - INFO - Epoch: 700, Loss: 1.0453, Policy: 1.0272, Value: 0.0452
2025-11-29 14:59:54,711 - INFO - Epoch: 800, Loss: 1.1331, Policy: 1.1051, Value: 0.0701
2025-11-29 14:59:54,714 - INFO - 训练结束，最新模型已保存到 model.pth
2025-11-29 14:59:54,715 - INFO - 第1061局
2025-11-29 14:59:55,849 - INFO - 2赢了
2025-11-29 14:59:55,849 - INFO - 第1062局
2025-11-29 14:59:56,846 - INFO - 2赢了
2025-11-29 14:59:56,846 - INFO - 第1063局
2025-11-29 14:59:58,982 - INFO - 2赢了
2025-11-29 14:59:58,982 - INFO - 第1064局
2025-11-29 14:59:59,943 - INFO - 1赢了
2025-11-29 14:59:59,943 - INFO - 第1065局
2025-11-29 15:00:00,710 - INFO - 2赢了
2025-11-29 15:00:00,710 - INFO - 第1066局
2025-11-29 15:00:01,735 - INFO - 1赢了
2025-11-29 15:00:01,735 - INFO - 第1067局
2025-11-29 15:00:03,257 - INFO - 1赢了
2025-11-29 15:00:03,257 - INFO - 第1068局
2025-11-29 15:00:04,133 - INFO - 1赢了
2025-11-29 15:00:04,133 - INFO - 第1069局
2025-11-29 15:00:05,383 - INFO - 2赢了
2025-11-29 15:00:05,383 - INFO - 第1070局
2025-11-29 15:00:06,418 - INFO - 2赢了
2025-11-29 15:00:06,427 - INFO - Epoch: 0, Loss: 1.2355, Policy: 1.2027, Value: 0.0819
2025-11-29 15:00:06,930 - INFO - Epoch: 100, Loss: 1.1179, Policy: 1.0988, Value: 0.0477
2025-11-29 15:00:07,397 - INFO - Epoch: 200, Loss: 1.0769, Policy: 1.0584, Value: 0.0464
2025-11-29 15:00:07,829 - INFO - Epoch: 300, Loss: 1.2046, Policy: 1.1867, Value: 0.0448
2025-11-29 15:00:08,268 - INFO - Epoch: 400, Loss: 1.0278, Policy: 1.0052, Value: 0.0563
2025-11-29 15:00:08,707 - INFO - Epoch: 500, Loss: 1.0788, Policy: 1.0529, Value: 0.0647
2025-11-29 15:00:09,141 - INFO - Epoch: 600, Loss: 1.0321, Policy: 1.0071, Value: 0.0626
2025-11-29 15:00:09,612 - INFO - Epoch: 700, Loss: 1.0228, Policy: 0.9931, Value: 0.0744
2025-11-29 15:00:10,075 - INFO - Epoch: 800, Loss: 1.0999, Policy: 1.0831, Value: 0.0421
2025-11-29 15:00:10,078 - INFO - 训练结束，最新模型已保存到 model.pth
2025-11-29 15:00:10,079 - INFO - 第1071局
2025-11-29 15:00:11,275 - INFO - 2赢了
2025-11-29 15:00:11,275 - INFO - 第1072局
2025-11-29 15:00:11,965 - INFO - 2赢了
2025-11-29 15:00:11,965 - INFO - 第1073局
2025-11-29 15:00:13,234 - INFO - 2赢了
2025-11-29 15:00:13,234 - INFO - 第1074局
2025-11-29 15:00:14,345 - INFO - 1赢了
2025-11-29 15:00:14,346 - INFO - 第1075局
2025-11-29 15:00:15,701 - INFO - 2赢了
2025-11-29 15:00:15,701 - INFO - 第1076局
2025-11-29 15:00:16,473 - INFO - 2赢了
2025-11-29 15:00:16,473 - INFO - 第1077局
2025-11-29 15:00:18,925 - INFO - 1赢了
2025-11-29 15:00:18,925 - INFO - 第1078局
2025-11-29 15:00:19,750 - INFO - 2赢了
2025-11-29 15:00:19,750 - INFO - 第1079局
2025-11-29 15:00:20,540 - INFO - 1赢了
2025-11-29 15:00:20,540 - INFO - 第1080局
2025-11-29 15:00:22,047 - INFO - 2赢了
2025-11-29 15:00:22,059 - INFO - Epoch: 0, Loss: 1.0052, Policy: 0.9859, Value: 0.0482
2025-11-29 15:00:22,555 - INFO - Epoch: 100, Loss: 1.1338, Policy: 1.1014, Value: 0.0811
2025-11-29 15:00:23,002 - INFO - Epoch: 200, Loss: 1.1823, Policy: 1.1629, Value: 0.0483
2025-11-29 15:00:23,449 - INFO - Epoch: 300, Loss: 1.0244, Policy: 1.0097, Value: 0.0365
2025-11-29 15:00:23,901 - INFO - Epoch: 400, Loss: 1.0258, Policy: 1.0057, Value: 0.0503
2025-11-29 15:00:24,361 - INFO - Epoch: 500, Loss: 1.1833, Policy: 1.1623, Value: 0.0524
2025-11-29 15:00:24,800 - INFO - Epoch: 600, Loss: 0.8861, Policy: 0.8738, Value: 0.0310
2025-11-29 15:00:25,239 - INFO - Epoch: 700, Loss: 1.1604, Policy: 1.1435, Value: 0.0424
2025-11-29 15:00:25,699 - INFO - Epoch: 800, Loss: 1.0323, Policy: 1.0109, Value: 0.0537
2025-11-29 15:00:25,702 - INFO - 训练结束，最新模型已保存到 model.pth
2025-11-29 15:00:25,703 - INFO - 第1081局
2025-11-29 15:00:26,820 - INFO - 2赢了
2025-11-29 15:00:26,821 - INFO - 第1082局
2025-11-29 15:00:27,984 - INFO - 2赢了
2025-11-29 15:00:27,984 - INFO - 第1083局
2025-11-29 15:00:28,860 - INFO - 2赢了
2025-11-29 15:00:28,860 - INFO - 第1084局
2025-11-29 15:00:30,072 - INFO - 2赢了
2025-11-29 15:00:30,072 - INFO - 第1085局
2025-11-29 15:00:30,792 - INFO - 2赢了
2025-11-29 15:00:30,792 - INFO - 第1086局
2025-11-29 15:00:32,032 - INFO - 2赢了
2025-11-29 15:00:32,032 - INFO - 第1087局
2025-11-29 15:00:33,215 - INFO - 2赢了
2025-11-29 15:00:33,215 - INFO - 第1088局
2025-11-29 15:00:34,139 - INFO - 2赢了
2025-11-29 15:00:34,139 - INFO - 第1089局
2025-11-29 15:00:35,261 - INFO - 1赢了
2025-11-29 15:00:35,261 - INFO - 第1090局
2025-11-29 15:00:36,568 - INFO - 2赢了
2025-11-29 15:00:36,578 - INFO - Epoch: 0, Loss: 1.1193, Policy: 1.1017, Value: 0.0439
2025-11-29 15:00:37,090 - INFO - Epoch: 100, Loss: 1.0829, Policy: 1.0575, Value: 0.0635
2025-11-29 15:00:37,549 - INFO - Epoch: 200, Loss: 1.1668, Policy: 1.1376, Value: 0.0729
2025-11-29 15:00:38,012 - INFO - Epoch: 300, Loss: 1.2204, Policy: 1.1938, Value: 0.0665
2025-11-29 15:00:38,491 - INFO - Epoch: 400, Loss: 1.0792, Policy: 1.0603, Value: 0.0471
2025-11-29 15:00:38,932 - INFO - Epoch: 500, Loss: 0.9978, Policy: 0.9748, Value: 0.0574
2025-11-29 15:00:39,382 - INFO - Epoch: 600, Loss: 1.0614, Policy: 1.0398, Value: 0.0541
2025-11-29 15:00:39,855 - INFO - Epoch: 700, Loss: 1.0814, Policy: 1.0524, Value: 0.0724
2025-11-29 15:00:40,312 - INFO - Epoch: 800, Loss: 0.9923, Policy: 0.9754, Value: 0.0425
2025-11-29 15:00:40,316 - INFO - 训练结束，最新模型已保存到 model.pth
2025-11-29 15:00:40,317 - INFO - 第1091局
2025-11-29 15:00:41,256 - INFO - 2赢了
2025-11-29 15:00:41,257 - INFO - 第1092局
2025-11-29 15:00:41,934 - INFO - 2赢了
2025-11-29 15:00:41,934 - INFO - 第1093局
2025-11-29 15:00:43,296 - INFO - 2赢了
2025-11-29 15:00:43,296 - INFO - 第1094局
2025-11-29 15:00:44,475 - INFO - 1赢了
2025-11-29 15:00:44,475 - INFO - 第1095局
2025-11-29 15:00:45,512 - INFO - 2赢了
2025-11-29 15:00:45,512 - INFO - 第1096局
2025-11-29 15:00:46,378 - INFO - 1赢了
2025-11-29 15:00:46,378 - INFO - 第1097局
2025-11-29 15:00:47,654 - INFO - 2赢了
2025-11-29 15:00:47,654 - INFO - 第1098局
2025-11-29 15:00:48,466 - INFO - 1赢了
2025-11-29 15:00:48,466 - INFO - 第1099局
2025-11-29 15:00:49,733 - INFO - 1赢了
2025-11-29 15:00:49,733 - INFO - 第1100局
2025-11-29 15:00:50,566 - INFO - 2赢了
2025-11-29 15:00:50,578 - INFO - Epoch: 0, Loss: 1.1667, Policy: 1.1415, Value: 0.0631
2025-11-29 15:00:51,065 - INFO - Epoch: 100, Loss: 1.1533, Policy: 1.1263, Value: 0.0677
2025-11-29 15:00:52,454 - INFO - Epoch: 200, Loss: 1.0591, Policy: 1.0374, Value: 0.0542
2025-11-29 15:00:52,965 - INFO - Epoch: 300, Loss: 1.0013, Policy: 0.9711, Value: 0.0755
2025-11-29 15:00:53,423 - INFO - Epoch: 400, Loss: 1.0914, Policy: 1.0653, Value: 0.0653
2025-11-29 15:00:53,881 - INFO - Epoch: 500, Loss: 1.1673, Policy: 1.1433, Value: 0.0601
2025-11-29 15:00:54,361 - INFO - Epoch: 600, Loss: 1.3224, Policy: 1.2950, Value: 0.0685
2025-11-29 15:00:54,813 - INFO - Epoch: 700, Loss: 1.0647, Policy: 1.0437, Value: 0.0526
2025-11-29 15:00:55,286 - INFO - Epoch: 800, Loss: 1.1441, Policy: 1.1248, Value: 0.0482
2025-11-29 15:00:55,290 - INFO - 训练结束，最新模型已保存到 model.pth
2025-11-29 15:00:55,291 - INFO - 第1101局
2025-11-29 15:00:56,495 - INFO - 2赢了
2025-11-29 15:00:56,495 - INFO - 第1102局
2025-11-29 15:00:57,081 - INFO - 2赢了
2025-11-29 15:00:57,081 - INFO - 第1103局
2025-11-29 15:00:58,365 - INFO - 2赢了
2025-11-29 15:00:58,365 - INFO - 第1104局
2025-11-29 15:00:59,757 - INFO - 2赢了
2025-11-29 15:00:59,757 - INFO - 第1105局
2025-11-29 15:01:01,051 - INFO - 2赢了
2025-11-29 15:01:01,051 - INFO - 第1106局
2025-11-29 15:01:02,396 - INFO - 2赢了
2025-11-29 15:01:02,396 - INFO - 第1107局
2025-11-29 15:01:03,958 - INFO - 2赢了
2025-11-29 15:01:03,958 - INFO - 第1108局
2025-11-29 15:01:05,282 - INFO - 2赢了
2025-11-29 15:01:05,283 - INFO - 第1109局
2025-11-29 15:01:06,605 - INFO - 2赢了
2025-11-29 15:01:06,605 - INFO - 第1110局
2025-11-29 15:01:08,008 - INFO - 2赢了
2025-11-29 15:01:08,017 - INFO - Epoch: 0, Loss: 1.0555, Policy: 1.0367, Value: 0.0470
2025-11-29 15:01:08,500 - INFO - Epoch: 100, Loss: 1.1942, Policy: 1.1750, Value: 0.0482
2025-11-29 15:01:08,956 - INFO - Epoch: 200, Loss: 1.1986, Policy: 1.1787, Value: 0.0499
2025-11-29 15:01:09,434 - INFO - Epoch: 300, Loss: 0.9816, Policy: 0.9650, Value: 0.0415
2025-11-29 15:01:09,910 - INFO - Epoch: 400, Loss: 1.1721, Policy: 1.1572, Value: 0.0374
2025-11-29 15:01:10,383 - INFO - Epoch: 500, Loss: 1.0940, Policy: 1.0683, Value: 0.0642
2025-11-29 15:01:10,843 - INFO - Epoch: 600, Loss: 1.0579, Policy: 1.0388, Value: 0.0478
2025-11-29 15:01:11,299 - INFO - Epoch: 700, Loss: 1.1272, Policy: 1.0999, Value: 0.0684
2025-11-29 15:01:11,752 - INFO - Epoch: 800, Loss: 1.1559, Policy: 1.1309, Value: 0.0626
2025-11-29 15:01:11,755 - INFO - 训练结束，最新模型已保存到 model.pth
2025-11-29 15:01:11,756 - INFO - 第1111局
2025-11-29 15:01:12,567 - INFO - 2赢了
2025-11-29 15:01:12,568 - INFO - 第1112局
2025-11-29 15:01:13,233 - INFO - 2赢了
2025-11-29 15:01:13,233 - INFO - 第1113局
2025-11-29 15:01:14,116 - INFO - 2赢了
2025-11-29 15:01:14,116 - INFO - 第1114局
2025-11-29 15:01:15,463 - INFO - 2赢了
2025-11-29 15:01:15,463 - INFO - 第1115局
2025-11-29 15:01:16,818 - INFO - 2赢了
2025-11-29 15:01:16,818 - INFO - 第1116局
2025-11-29 15:01:17,753 - INFO - 2赢了
2025-11-29 15:01:17,753 - INFO - 第1117局
2025-11-29 15:01:18,995 - INFO - 2赢了
2025-11-29 15:01:18,995 - INFO - 第1118局
2025-11-29 15:01:20,240 - INFO - 2赢了
2025-11-29 15:01:20,240 - INFO - 第1119局
2025-11-29 15:01:21,234 - INFO - 1赢了
2025-11-29 15:01:21,234 - INFO - 第1120局
2025-11-29 15:01:22,167 - INFO - 1赢了
2025-11-29 15:01:22,181 - INFO - Epoch: 0, Loss: 1.0831, Policy: 1.0580, Value: 0.0626
2025-11-29 15:01:22,682 - INFO - Epoch: 100, Loss: 1.0949, Policy: 1.0660, Value: 0.0723
2025-11-29 15:01:23,129 - INFO - Epoch: 200, Loss: 0.9441, Policy: 0.9283, Value: 0.0394
2025-11-29 15:01:23,578 - INFO - Epoch: 300, Loss: 1.1609, Policy: 1.1434, Value: 0.0437
2025-11-29 15:01:24,033 - INFO - Epoch: 400, Loss: 1.0875, Policy: 1.0684, Value: 0.0477
2025-11-29 15:01:24,504 - INFO - Epoch: 500, Loss: 1.2216, Policy: 1.2062, Value: 0.0386
2025-11-29 15:01:25,877 - INFO - Epoch: 600, Loss: 1.1651, Policy: 1.1451, Value: 0.0500
2025-11-29 15:01:26,343 - INFO - Epoch: 700, Loss: 1.0400, Policy: 1.0154, Value: 0.0615
2025-11-29 15:01:26,811 - INFO - Epoch: 800, Loss: 1.2111, Policy: 1.1911, Value: 0.0500
2025-11-29 15:01:26,815 - INFO - 训练结束，最新模型已保存到 model.pth
2025-11-29 15:01:26,816 - INFO - 第1121局
2025-11-29 15:01:28,026 - INFO - 2赢了
2025-11-29 15:01:28,026 - INFO - 第1122局
2025-11-29 15:01:28,784 - INFO - 2赢了
2025-11-29 15:01:28,784 - INFO - 第1123局
2025-11-29 15:01:30,014 - INFO - 2赢了
2025-11-29 15:01:30,014 - INFO - 第1124局
2025-11-29 15:01:30,817 - INFO - 1赢了
2025-11-29 15:01:30,817 - INFO - 第1125局
2025-11-29 15:01:31,573 - INFO - 2赢了
2025-11-29 15:01:31,573 - INFO - 第1126局
2025-11-29 15:01:32,342 - INFO - 2赢了
2025-11-29 15:01:32,342 - INFO - 第1127局
2025-11-29 15:01:33,670 - INFO - 1赢了
2025-11-29 15:01:33,670 - INFO - 第1128局
2025-11-29 15:01:35,041 - INFO - 1赢了
2025-11-29 15:01:35,041 - INFO - 第1129局
2025-11-29 15:01:35,960 - INFO - 2赢了
2025-11-29 15:01:35,961 - INFO - 第1130局
2025-11-29 15:01:37,290 - INFO - 2赢了
2025-11-29 15:01:37,300 - INFO - Epoch: 0, Loss: 0.9875, Policy: 0.9704, Value: 0.0426
2025-11-29 15:01:37,805 - INFO - Epoch: 100, Loss: 1.1499, Policy: 1.1254, Value: 0.0612
2025-11-29 15:01:38,269 - INFO - Epoch: 200, Loss: 1.1999, Policy: 1.1808, Value: 0.0478
2025-11-29 15:01:38,722 - INFO - Epoch: 300, Loss: 0.9898, Policy: 0.9722, Value: 0.0441
2025-11-29 15:01:39,184 - INFO - Epoch: 400, Loss: 1.1053, Policy: 1.0867, Value: 0.0466
2025-11-29 15:01:39,643 - INFO - Epoch: 500, Loss: 1.0139, Policy: 0.9996, Value: 0.0355
2025-11-29 15:01:40,106 - INFO - Epoch: 600, Loss: 1.0838, Policy: 1.0601, Value: 0.0592
2025-11-29 15:01:40,550 - INFO - Epoch: 700, Loss: 1.1032, Policy: 1.0737, Value: 0.0737
2025-11-29 15:01:40,998 - INFO - Epoch: 800, Loss: 1.0953, Policy: 1.0835, Value: 0.0294
2025-11-29 15:01:41,001 - INFO - 训练结束，最新模型已保存到 model.pth
2025-11-29 15:01:41,002 - INFO - 第1131局
2025-11-29 15:01:42,074 - INFO - 2赢了
2025-11-29 15:01:42,074 - INFO - 第1132局
2025-11-29 15:01:43,221 - INFO - 2赢了
2025-11-29 15:01:43,221 - INFO - 第1133局
2025-11-29 15:01:43,982 - INFO - 1赢了
2025-11-29 15:01:43,982 - INFO - 第1134局
2025-11-29 15:01:45,122 - INFO - 2赢了
2025-11-29 15:01:45,122 - INFO - 第1135局
2025-11-29 15:01:46,278 - INFO - 2赢了
2025-11-29 15:01:46,278 - INFO - 第1136局
2025-11-29 15:01:47,571 - INFO - 2赢了
2025-11-29 15:01:47,571 - INFO - 第1137局
2025-11-29 15:01:48,788 - INFO - 2赢了
2025-11-29 15:01:48,788 - INFO - 第1138局
2025-11-29 15:01:50,145 - INFO - 2赢了
2025-11-29 15:01:50,145 - INFO - 第1139局
2025-11-29 15:01:51,355 - INFO - 2赢了
2025-11-29 15:01:51,355 - INFO - 第1140局
2025-11-29 15:01:52,479 - INFO - 2赢了
2025-11-29 15:01:52,495 - INFO - Epoch: 0, Loss: 1.0276, Policy: 1.0056, Value: 0.0549
2025-11-29 15:01:53,019 - INFO - Epoch: 100, Loss: 1.0528, Policy: 1.0198, Value: 0.0824
2025-11-29 15:01:53,496 - INFO - Epoch: 200, Loss: 1.1638, Policy: 1.1402, Value: 0.0590
2025-11-29 15:01:53,949 - INFO - Epoch: 300, Loss: 1.1712, Policy: 1.1469, Value: 0.0607
2025-11-29 15:01:54,445 - INFO - Epoch: 400, Loss: 1.1496, Policy: 1.1324, Value: 0.0430
2025-11-29 15:01:54,915 - INFO - Epoch: 500, Loss: 1.1009, Policy: 1.0774, Value: 0.0587
2025-11-29 15:01:55,394 - INFO - Epoch: 600, Loss: 1.1386, Policy: 1.1179, Value: 0.0517
2025-11-29 15:01:55,875 - INFO - Epoch: 700, Loss: 1.0598, Policy: 1.0444, Value: 0.0385
2025-11-29 15:01:56,334 - INFO - Epoch: 800, Loss: 1.1083, Policy: 1.0872, Value: 0.0529
2025-11-29 15:01:56,338 - INFO - 训练结束，最新模型已保存到 model.pth
2025-11-29 15:01:56,339 - INFO - 第1141局
2025-11-29 15:01:57,471 - INFO - 2赢了
2025-11-29 15:01:57,471 - INFO - 第1142局
2025-11-29 15:01:59,573 - INFO - 2赢了
2025-11-29 15:01:59,573 - INFO - 第1143局
2025-11-29 15:02:00,786 - INFO - 2赢了
2025-11-29 15:02:00,786 - INFO - 第1144局
2025-11-29 15:02:01,425 - INFO - 2赢了
2025-11-29 15:02:01,425 - INFO - 第1145局
2025-11-29 15:02:02,564 - INFO - 2赢了
2025-11-29 15:02:02,564 - INFO - 第1146局
2025-11-29 15:02:03,331 - INFO - 2赢了
2025-11-29 15:02:03,331 - INFO - 第1147局
2025-11-29 15:02:04,322 - INFO - 1赢了
2025-11-29 15:02:04,322 - INFO - 第1148局
2025-11-29 15:02:05,257 - INFO - 1赢了
2025-11-29 15:02:05,257 - INFO - 第1149局
2025-11-29 15:02:06,237 - INFO - 1赢了
2025-11-29 15:02:06,237 - INFO - 第1150局
2025-11-29 15:02:07,404 - INFO - 2赢了
2025-11-29 15:02:07,416 - INFO - Epoch: 0, Loss: 1.1102, Policy: 1.0877, Value: 0.0561
2025-11-29 15:02:07,930 - INFO - Epoch: 100, Loss: 1.1681, Policy: 1.1418, Value: 0.0658
2025-11-29 15:02:08,425 - INFO - Epoch: 200, Loss: 0.9709, Policy: 0.9556, Value: 0.0382
2025-11-29 15:02:08,918 - INFO - Epoch: 300, Loss: 1.1138, Policy: 1.0960, Value: 0.0444
2025-11-29 15:02:09,407 - INFO - Epoch: 400, Loss: 1.0562, Policy: 1.0450, Value: 0.0280
2025-11-29 15:02:09,927 - INFO - Epoch: 500, Loss: 1.0616, Policy: 1.0443, Value: 0.0432
2025-11-29 15:02:10,437 - INFO - Epoch: 600, Loss: 1.1240, Policy: 1.1003, Value: 0.0593
2025-11-29 15:02:10,891 - INFO - Epoch: 700, Loss: 1.0663, Policy: 1.0477, Value: 0.0465
2025-11-29 15:02:11,345 - INFO - Epoch: 800, Loss: 1.1394, Policy: 1.1242, Value: 0.0382
2025-11-29 15:02:11,348 - INFO - 训练结束，最新模型已保存到 model.pth
2025-11-29 15:02:11,349 - INFO - 第1151局
2025-11-29 15:02:12,121 - INFO - 1赢了
2025-11-29 15:02:12,121 - INFO - 第1152局
2025-11-29 15:02:13,234 - INFO - 2赢了
2025-11-29 15:02:13,235 - INFO - 第1153局
2025-11-29 15:02:14,499 - INFO - 1赢了
2025-11-29 15:02:14,499 - INFO - 第1154局
2025-11-29 15:02:15,687 - INFO - 2赢了
2025-11-29 15:02:15,687 - INFO - 第1155局
2025-11-29 15:02:16,689 - INFO - 1赢了
2025-11-29 15:02:16,689 - INFO - 第1156局
2025-11-29 15:02:17,885 - INFO - 2赢了
2025-11-29 15:02:17,885 - INFO - 第1157局
2025-11-29 15:02:18,819 - INFO - 2赢了
2025-11-29 15:02:18,819 - INFO - 第1158局
2025-11-29 15:02:19,543 - INFO - 2赢了
2025-11-29 15:02:19,543 - INFO - 第1159局
2025-11-29 15:02:20,874 - INFO - 2赢了
2025-11-29 15:02:20,875 - INFO - 第1160局
2025-11-29 15:02:22,048 - INFO - 2赢了
2025-11-29 15:02:22,058 - INFO - Epoch: 0, Loss: 1.1279, Policy: 1.1156, Value: 0.0309
2025-11-29 15:02:22,562 - INFO - Epoch: 100, Loss: 1.0648, Policy: 1.0407, Value: 0.0602
2025-11-29 15:02:23,051 - INFO - Epoch: 200, Loss: 1.0264, Policy: 1.0075, Value: 0.0474
2025-11-29 15:02:23,531 - INFO - Epoch: 300, Loss: 1.1783, Policy: 1.1499, Value: 0.0710
2025-11-29 15:02:24,039 - INFO - Epoch: 400, Loss: 1.0650, Policy: 1.0377, Value: 0.0682
2025-11-29 15:02:24,582 - INFO - Epoch: 500, Loss: 1.1083, Policy: 1.0888, Value: 0.0488
2025-11-29 15:02:25,097 - INFO - Epoch: 600, Loss: 1.0491, Policy: 1.0252, Value: 0.0599
2025-11-29 15:02:25,626 - INFO - Epoch: 700, Loss: 1.1454, Policy: 1.1215, Value: 0.0599
2025-11-29 15:02:26,109 - INFO - Epoch: 800, Loss: 1.0845, Policy: 1.0657, Value: 0.0470
2025-11-29 15:02:26,113 - INFO - 训练结束，最新模型已保存到 model.pth
2025-11-29 15:02:26,114 - INFO - 第1161局
2025-11-29 15:02:27,400 - INFO - 2赢了
2025-11-29 15:02:27,400 - INFO - 第1162局
2025-11-29 15:02:28,235 - INFO - 1赢了
2025-11-29 15:02:28,235 - INFO - 第1163局
2025-11-29 15:02:29,399 - INFO - 2赢了
2025-11-29 15:02:29,399 - INFO - 第1164局
2025-11-29 15:02:30,237 - INFO - 2赢了
2025-11-29 15:02:30,237 - INFO - 第1165局
2025-11-29 15:02:31,067 - INFO - 1赢了
2025-11-29 15:02:31,067 - INFO - 第1166局
2025-11-29 15:02:33,302 - INFO - 2赢了
2025-11-29 15:02:33,302 - INFO - 第1167局
2025-11-29 15:02:34,084 - INFO - 2赢了
2025-11-29 15:02:34,084 - INFO - 第1168局
2025-11-29 15:02:35,126 - INFO - 1赢了
2025-11-29 15:02:35,126 - INFO - 第1169局
2025-11-29 15:02:35,982 - INFO - 2赢了
2025-11-29 15:02:35,983 - INFO - 第1170局
2025-11-29 15:02:37,163 - INFO - 2赢了
2025-11-29 15:02:37,172 - INFO - Epoch: 0, Loss: 1.0412, Policy: 1.0227, Value: 0.0462
2025-11-29 15:02:37,670 - INFO - Epoch: 100, Loss: 1.0519, Policy: 1.0355, Value: 0.0409
2025-11-29 15:02:38,108 - INFO - Epoch: 200, Loss: 1.1583, Policy: 1.1382, Value: 0.0503
2025-11-29 15:02:38,570 - INFO - Epoch: 300, Loss: 1.1609, Policy: 1.1421, Value: 0.0470
2025-11-29 15:02:39,055 - INFO - Epoch: 400, Loss: 1.0918, Policy: 1.0654, Value: 0.0660
2025-11-29 15:02:39,518 - INFO - Epoch: 500, Loss: 1.0989, Policy: 1.0831, Value: 0.0395
2025-11-29 15:02:39,977 - INFO - Epoch: 600, Loss: 1.0410, Policy: 1.0207, Value: 0.0508
2025-11-29 15:02:40,441 - INFO - Epoch: 700, Loss: 1.1168, Policy: 1.1003, Value: 0.0412
2025-11-29 15:02:40,915 - INFO - Epoch: 800, Loss: 1.0137, Policy: 0.9852, Value: 0.0712
2025-11-29 15:02:40,918 - INFO - 训练结束，最新模型已保存到 model.pth
2025-11-29 15:02:40,919 - INFO - 第1171局
2025-11-29 15:02:42,239 - INFO - 2赢了
2025-11-29 15:02:42,239 - INFO - 第1172局
2025-11-29 15:02:43,361 - INFO - 2赢了
2025-11-29 15:02:43,361 - INFO - 第1173局
2025-11-29 15:02:44,279 - INFO - 1赢了
2025-11-29 15:02:44,279 - INFO - 第1174局
2025-11-29 15:02:45,219 - INFO - 2赢了
2025-11-29 15:02:45,219 - INFO - 第1175局
2025-11-29 15:02:46,633 - INFO - 2赢了
2025-11-29 15:02:46,633 - INFO - 第1176局
2025-11-29 15:02:47,898 - INFO - 2赢了
2025-11-29 15:02:47,899 - INFO - 第1177局
2025-11-29 15:02:49,185 - INFO - 2赢了
2025-11-29 15:02:49,185 - INFO - 第1178局
2025-11-29 15:02:50,477 - INFO - 2赢了
2025-11-29 15:02:50,477 - INFO - 第1179局
2025-11-29 15:02:51,057 - INFO - 2赢了
2025-11-29 15:02:51,057 - INFO - 第1180局
2025-11-29 15:02:52,288 - INFO - 2赢了
2025-11-29 15:02:52,297 - INFO - Epoch: 0, Loss: 1.1638, Policy: 1.1352, Value: 0.0716
2025-11-29 15:02:52,775 - INFO - Epoch: 100, Loss: 1.2667, Policy: 1.2464, Value: 0.0509
2025-11-29 15:02:53,215 - INFO - Epoch: 200, Loss: 1.0914, Policy: 1.0663, Value: 0.0626
2025-11-29 15:02:53,654 - INFO - Epoch: 300, Loss: 1.2176, Policy: 1.1984, Value: 0.0479
2025-11-29 15:02:54,092 - INFO - Epoch: 400, Loss: 1.0169, Policy: 0.9988, Value: 0.0453
2025-11-29 15:02:54,558 - INFO - Epoch: 500, Loss: 1.1389, Policy: 1.1105, Value: 0.0710
2025-11-29 15:02:55,020 - INFO - Epoch: 600, Loss: 1.1568, Policy: 1.1379, Value: 0.0473
2025-11-29 15:02:55,495 - INFO - Epoch: 700, Loss: 1.1214, Policy: 1.1008, Value: 0.0516
2025-11-29 15:02:55,952 - INFO - Epoch: 800, Loss: 1.1043, Policy: 1.0820, Value: 0.0558
2025-11-29 15:02:55,955 - INFO - 训练结束，最新模型已保存到 model.pth
2025-11-29 15:02:55,956 - INFO - 第1181局
2025-11-29 15:02:56,880 - INFO - 2赢了
2025-11-29 15:02:56,880 - INFO - 第1182局
2025-11-29 15:02:57,566 - INFO - 2赢了
2025-11-29 15:02:57,566 - INFO - 第1183局
2025-11-29 15:02:58,759 - INFO - 2赢了
2025-11-29 15:02:58,759 - INFO - 第1184局
2025-11-29 15:02:59,687 - INFO - 1赢了
2025-11-29 15:02:59,687 - INFO - 第1185局
2025-11-29 15:03:00,877 - INFO - 2赢了
2025-11-29 15:03:00,878 - INFO - 第1186局
2025-11-29 15:03:02,076 - INFO - 2赢了
2025-11-29 15:03:02,076 - INFO - 第1187局
2025-11-29 15:03:03,273 - INFO - 2赢了
2025-11-29 15:03:03,273 - INFO - 第1188局
2025-11-29 15:03:04,370 - INFO - 2赢了
2025-11-29 15:03:04,370 - INFO - 第1189局
2025-11-29 15:03:06,622 - INFO - 1赢了
2025-11-29 15:03:06,623 - INFO - 第1190局
2025-11-29 15:03:07,868 - INFO - 2赢了
2025-11-29 15:03:07,879 - INFO - Epoch: 0, Loss: 1.1979, Policy: 1.1697, Value: 0.0705
2025-11-29 15:03:08,378 - INFO - Epoch: 100, Loss: 1.1449, Policy: 1.1176, Value: 0.0682
2025-11-29 15:03:08,829 - INFO - Epoch: 200, Loss: 1.2321, Policy: 1.2079, Value: 0.0606
2025-11-29 15:03:09,286 - INFO - Epoch: 300, Loss: 1.0609, Policy: 1.0324, Value: 0.0712
2025-11-29 15:03:09,741 - INFO - Epoch: 400, Loss: 1.1589, Policy: 1.1324, Value: 0.0663
2025-11-29 15:03:10,229 - INFO - Epoch: 500, Loss: 1.0855, Policy: 1.0629, Value: 0.0566
2025-11-29 15:03:10,674 - INFO - Epoch: 600, Loss: 1.0342, Policy: 1.0159, Value: 0.0458
2025-11-29 15:03:11,146 - INFO - Epoch: 700, Loss: 1.1802, Policy: 1.1532, Value: 0.0675
2025-11-29 15:03:11,630 - INFO - Epoch: 800, Loss: 1.2003, Policy: 1.1780, Value: 0.0558
2025-11-29 15:03:11,634 - INFO - 训练结束，最新模型已保存到 model.pth
2025-11-29 15:03:11,634 - INFO - 第1191局
2025-11-29 15:03:12,485 - INFO - 1赢了
2025-11-29 15:03:12,485 - INFO - 第1192局
2025-11-29 15:03:13,855 - INFO - 2赢了
2025-11-29 15:03:13,855 - INFO - 第1193局
2025-11-29 15:03:14,732 - INFO - 2赢了
2025-11-29 15:03:14,732 - INFO - 第1194局
2025-11-29 15:03:16,072 - INFO - 2赢了
2025-11-29 15:03:16,072 - INFO - 第1195局
2025-11-29 15:03:17,388 - INFO - 2赢了
2025-11-29 15:03:17,388 - INFO - 第1196局
2025-11-29 15:03:18,731 - INFO - 2赢了
2025-11-29 15:03:18,731 - INFO - 第1197局
2025-11-29 15:03:20,475 - INFO - 2赢了
2025-11-29 15:03:20,475 - INFO - 第1198局
2025-11-29 15:03:21,431 - INFO - 2赢了
2025-11-29 15:03:21,431 - INFO - 第1199局
2025-11-29 15:03:22,415 - INFO - 2赢了
2025-11-29 15:03:22,415 - INFO - 第1200局
2025-11-29 15:03:23,628 - INFO - 1赢了
2025-11-29 15:03:23,636 - INFO - Epoch: 0, Loss: 1.1018, Policy: 1.0752, Value: 0.0664
2025-11-29 15:03:24,134 - INFO - Epoch: 100, Loss: 1.0527, Policy: 1.0335, Value: 0.0482
2025-11-29 15:03:24,565 - INFO - Epoch: 200, Loss: 1.1160, Policy: 1.0949, Value: 0.0530
2025-11-29 15:03:24,999 - INFO - Epoch: 300, Loss: 1.0786, Policy: 1.0503, Value: 0.0708
2025-11-29 15:03:25,453 - INFO - Epoch: 400, Loss: 1.0913, Policy: 1.0701, Value: 0.0530
2025-11-29 15:03:25,901 - INFO - Epoch: 500, Loss: 1.1788, Policy: 1.1619, Value: 0.0423
2025-11-29 15:03:26,348 - INFO - Epoch: 600, Loss: 1.0440, Policy: 1.0188, Value: 0.0631
2025-11-29 15:03:26,830 - INFO - Epoch: 700, Loss: 1.1123, Policy: 1.1003, Value: 0.0301
2025-11-29 15:03:27,317 - INFO - Epoch: 800, Loss: 0.9213, Policy: 0.9046, Value: 0.0417
2025-11-29 15:03:27,321 - INFO - 训练结束，最新模型已保存到 model.pth
2025-11-29 15:03:27,323 - INFO - 保存模型快照: /home/ktfine/IAteamwork/AlphaZero_Five/models/model_game_1200.pth
