2025-11-29 15:48:07,150 - INFO - 第0局
2025-11-29 15:48:12,836 - INFO - 1赢了
2025-11-29 15:48:12,836 - INFO - 第1局
2025-11-29 15:48:18,430 - INFO - 2赢了
2025-11-29 15:48:18,430 - INFO - 第2局
2025-11-29 15:48:32,108 - INFO - 2赢了
2025-11-29 15:48:32,108 - INFO - 第3局
2025-11-29 15:48:41,006 - INFO - 2赢了
2025-11-29 15:48:41,006 - INFO - 第4局
2025-11-29 15:48:50,217 - INFO - 1赢了
2025-11-29 15:48:50,217 - INFO - 第5局
2025-11-29 15:48:55,044 - INFO - 2赢了
2025-11-29 15:48:55,044 - INFO - 第6局
2025-11-29 15:48:59,564 - INFO - 2赢了
2025-11-29 15:48:59,565 - INFO - 第7局
2025-11-29 15:49:03,585 - INFO - 2赢了
2025-11-29 15:49:03,585 - INFO - 第8局
2025-11-29 15:49:06,712 - INFO - 1赢了
2025-11-29 15:49:06,712 - INFO - 第9局
2025-11-29 15:49:23,482 - INFO - 1赢了
2025-11-29 15:49:23,482 - INFO - 第10局
2025-11-29 15:49:32,076 - INFO - 1赢了
2025-11-29 15:49:32,238 - INFO - Epoch: 0, Loss: 4.1384, Policy: 3.9112, Value: 0.5681
2025-11-29 15:49:32,834 - INFO - Epoch: 100, Loss: 2.5623, Policy: 2.5338, Value: 0.0715
2025-11-29 15:49:33,293 - INFO - Epoch: 200, Loss: 2.3243, Policy: 2.3135, Value: 0.0269
2025-11-29 15:49:33,741 - INFO - Epoch: 300, Loss: 2.2842, Policy: 2.2785, Value: 0.0143
2025-11-29 15:49:34,194 - INFO - Epoch: 400, Loss: 2.2429, Policy: 2.2381, Value: 0.0119
2025-11-29 15:49:34,634 - INFO - Epoch: 500, Loss: 2.2025, Policy: 2.1991, Value: 0.0084
2025-11-29 15:49:35,064 - INFO - Epoch: 600, Loss: 2.2199, Policy: 2.2163, Value: 0.0092
2025-11-29 15:49:35,522 - INFO - Epoch: 700, Loss: 2.1703, Policy: 2.1682, Value: 0.0053
2025-11-29 15:49:35,953 - INFO - Epoch: 800, Loss: 2.1923, Policy: 2.1892, Value: 0.0077
2025-11-29 15:49:36,392 - INFO - Epoch: 900, Loss: 2.1893, Policy: 2.1862, Value: 0.0077
2025-11-29 15:49:36,828 - INFO - Epoch: 1000, Loss: 2.1844, Policy: 2.1818, Value: 0.0064
2025-11-29 15:49:36,833 - INFO - 训练结束，最新模型已保存到 model.pth
2025-11-29 15:49:36,833 - INFO - 第11局
2025-11-29 15:49:40,939 - INFO - 1赢了
2025-11-29 15:49:40,940 - INFO - 第12局
2025-11-29 15:49:48,389 - INFO - 1赢了
2025-11-29 15:49:48,390 - INFO - 第13局
2025-11-29 15:49:52,220 - INFO - 2赢了
2025-11-29 15:49:52,221 - INFO - 第14局
2025-11-29 15:49:55,189 - INFO - 2赢了
2025-11-29 15:49:55,189 - INFO - 第15局
2025-11-29 15:49:58,407 - INFO - 1赢了
2025-11-29 15:49:58,407 - INFO - 第16局
2025-11-29 15:50:00,128 - INFO - 2赢了
2025-11-29 15:50:00,128 - INFO - 第17局
2025-11-29 15:50:01,747 - INFO - 1赢了
2025-11-29 15:50:01,748 - INFO - 第18局
2025-11-29 15:50:03,798 - INFO - 1赢了
2025-11-29 15:50:03,798 - INFO - 第19局
2025-11-29 15:50:06,072 - INFO - 1赢了
2025-11-29 15:50:06,072 - INFO - 第20局
2025-11-29 15:50:10,845 - INFO - 1赢了
2025-11-29 15:50:10,859 - INFO - Epoch: 0, Loss: 2.5313, Policy: 2.4613, Value: 0.1750
2025-11-29 15:50:11,429 - INFO - Epoch: 100, Loss: 2.1341, Policy: 2.1278, Value: 0.0157
2025-11-29 15:50:12,000 - INFO - Epoch: 200, Loss: 2.1073, Policy: 2.1017, Value: 0.0140
2025-11-29 15:50:12,591 - INFO - Epoch: 300, Loss: 2.1145, Policy: 2.1085, Value: 0.0149
2025-11-29 15:50:13,196 - INFO - Epoch: 400, Loss: 2.1588, Policy: 2.1535, Value: 0.0132
2025-11-29 15:50:13,775 - INFO - Epoch: 500, Loss: 2.0779, Policy: 2.0741, Value: 0.0095
2025-11-29 15:50:14,328 - INFO - Epoch: 600, Loss: 2.0149, Policy: 2.0111, Value: 0.0094
2025-11-29 15:50:14,920 - INFO - Epoch: 700, Loss: 2.0876, Policy: 2.0840, Value: 0.0090
2025-11-29 15:50:15,453 - INFO - Epoch: 800, Loss: 2.1695, Policy: 2.1676, Value: 0.0048
2025-11-29 15:50:15,938 - INFO - Epoch: 900, Loss: 1.9736, Policy: 1.9707, Value: 0.0074
2025-11-29 15:50:16,468 - INFO - Epoch: 1000, Loss: 2.1632, Policy: 2.1602, Value: 0.0074
2025-11-29 15:50:16,473 - INFO - 训练结束，最新模型已保存到 model.pth
2025-11-29 15:50:16,475 - INFO - 第21局
2025-11-29 15:50:18,455 - INFO - 2赢了
2025-11-29 15:50:18,455 - INFO - 第22局
2025-11-29 15:50:22,271 - INFO - 1赢了
2025-11-29 15:50:22,272 - INFO - 第23局
2025-11-29 15:50:24,204 - INFO - 2赢了
2025-11-29 15:50:24,204 - INFO - 第24局
2025-11-29 15:50:26,791 - INFO - 2赢了
2025-11-29 15:50:26,791 - INFO - 第25局
2025-11-29 15:50:29,123 - INFO - 2赢了
2025-11-29 15:50:29,123 - INFO - 第26局
2025-11-29 15:50:30,955 - INFO - 2赢了
2025-11-29 15:50:30,955 - INFO - 第27局
2025-11-29 15:50:46,805 - INFO - 2赢了
2025-11-29 15:50:46,805 - INFO - 第28局
2025-11-29 15:50:48,516 - INFO - 2赢了
2025-11-29 15:50:48,516 - INFO - 第29局
2025-11-29 15:50:49,996 - INFO - 1赢了
2025-11-29 15:50:49,996 - INFO - 第30局
2025-11-29 15:50:51,190 - INFO - 1赢了
2025-11-29 15:50:51,205 - INFO - Epoch: 0, Loss: 2.2070, Policy: 2.1823, Value: 0.0619
2025-11-29 15:50:51,769 - INFO - Epoch: 100, Loss: 2.0740, Policy: 2.0634, Value: 0.0267
2025-11-29 15:50:52,249 - INFO - Epoch: 200, Loss: 1.9574, Policy: 1.9510, Value: 0.0160
2025-11-29 15:50:52,735 - INFO - Epoch: 300, Loss: 2.2029, Policy: 2.1975, Value: 0.0135
2025-11-29 15:50:53,256 - INFO - Epoch: 400, Loss: 1.9265, Policy: 1.9216, Value: 0.0123
2025-11-29 15:50:53,767 - INFO - Epoch: 500, Loss: 1.9372, Policy: 1.9332, Value: 0.0100
2025-11-29 15:50:54,276 - INFO - Epoch: 600, Loss: 2.0011, Policy: 1.9962, Value: 0.0124
2025-11-29 15:50:54,800 - INFO - Epoch: 700, Loss: 1.9851, Policy: 1.9806, Value: 0.0113
2025-11-29 15:50:55,295 - INFO - Epoch: 800, Loss: 2.0637, Policy: 2.0590, Value: 0.0117
2025-11-29 15:50:55,795 - INFO - Epoch: 900, Loss: 1.9628, Policy: 1.9589, Value: 0.0097
2025-11-29 15:50:56,282 - INFO - Epoch: 1000, Loss: 1.7894, Policy: 1.7861, Value: 0.0082
2025-11-29 15:50:56,286 - INFO - 训练结束，最新模型已保存到 model.pth
2025-11-29 15:50:56,287 - INFO - 第31局
2025-11-29 15:50:57,314 - INFO - 1赢了
2025-11-29 15:50:57,314 - INFO - 第32局
2025-11-29 15:50:59,732 - INFO - 2赢了
2025-11-29 15:50:59,732 - INFO - 第33局
2025-11-29 15:51:01,573 - INFO - 1赢了
2025-11-29 15:51:01,573 - INFO - 第34局
2025-11-29 15:51:02,937 - INFO - 2赢了
2025-11-29 15:51:02,937 - INFO - 第35局
2025-11-29 15:51:06,749 - INFO - 2赢了
2025-11-29 15:51:06,750 - INFO - 第36局
2025-11-29 15:51:09,824 - INFO - 2赢了
2025-11-29 15:51:09,824 - INFO - 第37局
2025-11-29 15:51:12,679 - INFO - 2赢了
2025-11-29 15:51:12,679 - INFO - 第38局
2025-11-29 15:51:14,438 - INFO - 1赢了
2025-11-29 15:51:14,438 - INFO - 第39局
2025-11-29 15:51:16,283 - INFO - 1赢了
2025-11-29 15:51:16,283 - INFO - 第40局
2025-11-29 15:51:18,126 - INFO - 2赢了
2025-11-29 15:51:18,142 - INFO - Epoch: 0, Loss: 1.9787, Policy: 1.9669, Value: 0.0297
2025-11-29 15:51:18,690 - INFO - Epoch: 100, Loss: 2.0412, Policy: 2.0351, Value: 0.0152
2025-11-29 15:51:19,197 - INFO - Epoch: 200, Loss: 1.9950, Policy: 1.9902, Value: 0.0121
2025-11-29 15:51:19,691 - INFO - Epoch: 300, Loss: 2.0572, Policy: 2.0492, Value: 0.0200
2025-11-29 15:51:20,199 - INFO - Epoch: 400, Loss: 1.9938, Policy: 1.9872, Value: 0.0164
2025-11-29 15:51:20,741 - INFO - Epoch: 500, Loss: 1.9627, Policy: 1.9570, Value: 0.0143
2025-11-29 15:51:21,260 - INFO - Epoch: 600, Loss: 2.1375, Policy: 2.1297, Value: 0.0195
2025-11-29 15:51:21,800 - INFO - Epoch: 700, Loss: 2.0710, Policy: 2.0655, Value: 0.0138
2025-11-29 15:51:22,316 - INFO - Epoch: 800, Loss: 1.9432, Policy: 1.9390, Value: 0.0104
2025-11-29 15:51:22,850 - INFO - Epoch: 900, Loss: 1.9385, Policy: 1.9333, Value: 0.0131
2025-11-29 15:51:23,362 - INFO - Epoch: 1000, Loss: 1.8980, Policy: 1.8934, Value: 0.0115
2025-11-29 15:51:23,367 - INFO - 训练结束，最新模型已保存到 model.pth
2025-11-29 15:51:23,368 - INFO - 第41局
2025-11-29 15:51:25,145 - INFO - 1赢了
2025-11-29 15:51:25,146 - INFO - 第42局
2025-11-29 15:51:26,848 - INFO - 2赢了
2025-11-29 15:51:26,848 - INFO - 第43局
2025-11-29 15:51:28,960 - INFO - 1赢了
2025-11-29 15:51:28,960 - INFO - 第44局
2025-11-29 15:51:31,626 - INFO - 1赢了
2025-11-29 15:51:31,626 - INFO - 第45局
2025-11-29 15:51:33,661 - INFO - 2赢了
2025-11-29 15:51:33,662 - INFO - 第46局
2025-11-29 15:51:35,062 - INFO - 1赢了
2025-11-29 15:51:35,062 - INFO - 第47局
2025-11-29 15:51:40,779 - INFO - 1赢了
2025-11-29 15:51:40,779 - INFO - 第48局
2025-11-29 15:51:48,409 - INFO - 2赢了
2025-11-29 15:51:48,409 - INFO - 第49局
2025-11-29 15:51:50,149 - INFO - 2赢了
2025-11-29 15:51:50,149 - INFO - 第50局
2025-11-29 15:51:56,962 - INFO - 1赢了
2025-11-29 15:51:56,972 - INFO - Epoch: 0, Loss: 2.1034, Policy: 2.0817, Value: 0.0541
2025-11-29 15:51:57,568 - INFO - Epoch: 100, Loss: 2.0388, Policy: 2.0313, Value: 0.0188
2025-11-29 15:51:58,061 - INFO - Epoch: 200, Loss: 1.9481, Policy: 1.9415, Value: 0.0164
2025-11-29 15:51:58,567 - INFO - Epoch: 300, Loss: 2.0040, Policy: 1.9961, Value: 0.0198
2025-11-29 15:51:59,074 - INFO - Epoch: 400, Loss: 1.8820, Policy: 1.8774, Value: 0.0114
2025-11-29 15:51:59,606 - INFO - Epoch: 500, Loss: 1.8645, Policy: 1.8602, Value: 0.0108
2025-11-29 15:52:00,115 - INFO - Epoch: 600, Loss: 1.8783, Policy: 1.8726, Value: 0.0141
2025-11-29 15:52:00,671 - INFO - Epoch: 700, Loss: 1.9165, Policy: 1.9114, Value: 0.0127
2025-11-29 15:52:01,285 - INFO - Epoch: 800, Loss: 2.0444, Policy: 2.0394, Value: 0.0124
2025-11-29 15:52:01,810 - INFO - Epoch: 900, Loss: 2.0755, Policy: 2.0680, Value: 0.0186
2025-11-29 15:52:02,327 - INFO - Epoch: 1000, Loss: 2.0445, Policy: 2.0388, Value: 0.0142
2025-11-29 15:52:02,332 - INFO - 训练结束，最新模型已保存到 model.pth
2025-11-29 15:52:02,332 - INFO - 第51局
2025-11-29 15:52:09,457 - INFO - 2赢了
2025-11-29 15:52:09,458 - INFO - 第52局
2025-11-29 15:52:11,353 - INFO - 2赢了
2025-11-29 15:52:11,353 - INFO - 第53局
2025-11-29 15:52:12,317 - INFO - 2赢了
2025-11-29 15:52:12,317 - INFO - 第54局
2025-11-29 15:52:17,530 - INFO - 2赢了
2025-11-29 15:52:17,530 - INFO - 第55局
2025-11-29 15:52:18,866 - INFO - 2赢了
2025-11-29 15:52:18,866 - INFO - 第56局
2025-11-29 15:52:22,105 - INFO - 2赢了
2025-11-29 15:52:22,106 - INFO - 第57局
2025-11-29 15:52:25,577 - INFO - 2赢了
2025-11-29 15:52:25,578 - INFO - 第58局
2025-11-29 15:52:26,905 - INFO - 2赢了
2025-11-29 15:52:26,905 - INFO - 第59局
2025-11-29 15:52:27,935 - INFO - 2赢了
2025-11-29 15:52:27,935 - INFO - 第60局
2025-11-29 15:52:30,241 - INFO - 2赢了
2025-11-29 15:52:30,255 - INFO - Epoch: 0, Loss: 2.1412, Policy: 2.1197, Value: 0.0539
2025-11-29 15:52:30,845 - INFO - Epoch: 100, Loss: 1.9442, Policy: 1.9343, Value: 0.0248
2025-11-29 15:52:31,430 - INFO - Epoch: 200, Loss: 2.0528, Policy: 2.0436, Value: 0.0228
2025-11-29 15:52:32,026 - INFO - Epoch: 300, Loss: 2.0677, Policy: 2.0616, Value: 0.0151
2025-11-29 15:52:32,604 - INFO - Epoch: 400, Loss: 1.8405, Policy: 1.8323, Value: 0.0204
2025-11-29 15:52:33,211 - INFO - Epoch: 500, Loss: 1.8318, Policy: 1.8244, Value: 0.0184
2025-11-29 15:52:33,719 - INFO - Epoch: 600, Loss: 1.8757, Policy: 1.8703, Value: 0.0135
2025-11-29 15:52:34,217 - INFO - Epoch: 700, Loss: 1.9099, Policy: 1.9054, Value: 0.0111
2025-11-29 15:52:34,759 - INFO - Epoch: 800, Loss: 1.9696, Policy: 1.9638, Value: 0.0145
2025-11-29 15:52:35,296 - INFO - Epoch: 900, Loss: 2.0110, Policy: 2.0041, Value: 0.0173
2025-11-29 15:52:35,799 - INFO - Epoch: 1000, Loss: 1.9894, Policy: 1.9840, Value: 0.0136
2025-11-29 15:52:35,803 - INFO - 训练结束，最新模型已保存到 model.pth
2025-11-29 15:52:35,804 - INFO - 第61局
2025-11-29 15:52:38,213 - INFO - 2赢了
2025-11-29 15:52:38,213 - INFO - 第62局
2025-11-29 15:52:39,820 - INFO - 1赢了
2025-11-29 15:52:39,820 - INFO - 第63局
2025-11-29 15:52:41,118 - INFO - 1赢了
2025-11-29 15:52:41,118 - INFO - 第64局
2025-11-29 15:52:42,920 - INFO - 2赢了
2025-11-29 15:52:42,920 - INFO - 第65局
2025-11-29 15:52:44,607 - INFO - 2赢了
2025-11-29 15:52:44,607 - INFO - 第66局
2025-11-29 15:52:46,337 - INFO - 2赢了
2025-11-29 15:52:46,337 - INFO - 第67局
2025-11-29 15:52:48,898 - INFO - 2赢了
2025-11-29 15:52:48,899 - INFO - 第68局
2025-11-29 15:52:50,696 - INFO - 2赢了
2025-11-29 15:52:50,696 - INFO - 第69局
2025-11-29 15:52:52,145 - INFO - 2赢了
2025-11-29 15:52:52,145 - INFO - 第70局
2025-11-29 15:52:55,751 - INFO - 2赢了
2025-11-29 15:52:55,763 - INFO - Epoch: 0, Loss: 1.9438, Policy: 1.9288, Value: 0.0374
2025-11-29 15:52:56,312 - INFO - Epoch: 100, Loss: 1.9510, Policy: 1.9417, Value: 0.0233
2025-11-29 15:52:56,836 - INFO - Epoch: 200, Loss: 2.0432, Policy: 2.0357, Value: 0.0188
2025-11-29 15:52:57,360 - INFO - Epoch: 300, Loss: 1.9363, Policy: 1.9306, Value: 0.0141
2025-11-29 15:52:57,877 - INFO - Epoch: 400, Loss: 1.8126, Policy: 1.8060, Value: 0.0167
2025-11-29 15:52:58,392 - INFO - Epoch: 500, Loss: 1.7450, Policy: 1.7370, Value: 0.0200
2025-11-29 15:52:58,902 - INFO - Epoch: 600, Loss: 2.0288, Policy: 2.0233, Value: 0.0136
2025-11-29 15:52:59,373 - INFO - Epoch: 700, Loss: 1.9907, Policy: 1.9828, Value: 0.0199
2025-11-29 15:52:59,854 - INFO - Epoch: 800, Loss: 1.9268, Policy: 1.9209, Value: 0.0146
2025-11-29 15:53:00,329 - INFO - Epoch: 900, Loss: 1.8740, Policy: 1.8657, Value: 0.0208
2025-11-29 15:53:00,811 - INFO - Epoch: 1000, Loss: 1.8321, Policy: 1.8262, Value: 0.0149
2025-11-29 15:53:00,814 - INFO - 训练结束，最新模型已保存到 model.pth
2025-11-29 15:53:00,815 - INFO - 第71局
2025-11-29 15:53:02,009 - INFO - 2赢了
2025-11-29 15:53:02,009 - INFO - 第72局
2025-11-29 15:53:03,608 - INFO - 2赢了
2025-11-29 15:53:03,608 - INFO - 第73局
2025-11-29 15:53:06,832 - INFO - 2赢了
2025-11-29 15:53:06,832 - INFO - 第74局
2025-11-29 15:53:08,739 - INFO - 1赢了
2025-11-29 15:53:08,740 - INFO - 第75局
2025-11-29 15:53:10,477 - INFO - 1赢了
2025-11-29 15:53:10,477 - INFO - 第76局
2025-11-29 15:53:13,428 - INFO - 2赢了
2025-11-29 15:53:13,428 - INFO - 第77局
2025-11-29 15:53:14,503 - INFO - 2赢了
2025-11-29 15:53:14,503 - INFO - 第78局
2025-11-29 15:53:16,832 - INFO - 2赢了
2025-11-29 15:53:16,832 - INFO - 第79局
2025-11-29 15:53:19,170 - INFO - 2赢了
2025-11-29 15:53:19,170 - INFO - 第80局
2025-11-29 15:53:20,452 - INFO - 1赢了
2025-11-29 15:53:20,466 - INFO - Epoch: 0, Loss: 1.9885, Policy: 1.9695, Value: 0.0476
2025-11-29 15:53:21,020 - INFO - Epoch: 100, Loss: 1.9963, Policy: 1.9843, Value: 0.0301
2025-11-29 15:53:21,566 - INFO - Epoch: 200, Loss: 1.9965, Policy: 1.9866, Value: 0.0248
2025-11-29 15:53:22,102 - INFO - Epoch: 300, Loss: 1.9115, Policy: 1.9021, Value: 0.0237
2025-11-29 15:53:22,673 - INFO - Epoch: 400, Loss: 2.0127, Policy: 2.0039, Value: 0.0220
2025-11-29 15:53:23,235 - INFO - Epoch: 500, Loss: 1.8599, Policy: 1.8518, Value: 0.0202
2025-11-29 15:53:23,783 - INFO - Epoch: 600, Loss: 1.8861, Policy: 1.8793, Value: 0.0171
2025-11-29 15:53:24,288 - INFO - Epoch: 700, Loss: 1.9824, Policy: 1.9730, Value: 0.0235
2025-11-29 15:53:24,829 - INFO - Epoch: 800, Loss: 1.8258, Policy: 1.8160, Value: 0.0245
2025-11-29 15:53:25,320 - INFO - Epoch: 900, Loss: 1.8594, Policy: 1.8526, Value: 0.0170
2025-11-29 15:53:26,816 - INFO - Epoch: 1000, Loss: 2.0116, Policy: 2.0031, Value: 0.0211
2025-11-29 15:53:26,821 - INFO - 训练结束，最新模型已保存到 model.pth
2025-11-29 15:53:26,822 - INFO - 第81局
2025-11-29 15:53:28,182 - INFO - 2赢了
2025-11-29 15:53:28,182 - INFO - 第82局
2025-11-29 15:53:29,550 - INFO - 2赢了
2025-11-29 15:53:29,550 - INFO - 第83局
2025-11-29 15:53:32,135 - INFO - 2赢了
2025-11-29 15:53:32,135 - INFO - 第84局
2025-11-29 15:53:33,264 - INFO - 1赢了
2025-11-29 15:53:33,264 - INFO - 第85局
2025-11-29 15:53:35,869 - INFO - 1赢了
2025-11-29 15:53:35,870 - INFO - 第86局
2025-11-29 15:53:38,582 - INFO - 2赢了
2025-11-29 15:53:38,582 - INFO - 第87局
2025-11-29 15:53:40,739 - INFO - 2赢了
2025-11-29 15:53:40,739 - INFO - 第88局
2025-11-29 15:53:42,810 - INFO - 1赢了
2025-11-29 15:53:42,810 - INFO - 第89局
2025-11-29 15:53:44,615 - INFO - 1赢了
2025-11-29 15:53:44,615 - INFO - 第90局
2025-11-29 15:53:47,807 - INFO - 1赢了
2025-11-29 15:53:47,824 - INFO - Epoch: 0, Loss: 1.9793, Policy: 1.9639, Value: 0.0386
2025-11-29 15:53:48,347 - INFO - Epoch: 100, Loss: 1.9135, Policy: 1.9005, Value: 0.0325
2025-11-29 15:53:48,818 - INFO - Epoch: 200, Loss: 1.9267, Policy: 1.9145, Value: 0.0304
2025-11-29 15:53:49,305 - INFO - Epoch: 300, Loss: 1.7983, Policy: 1.7896, Value: 0.0216
2025-11-29 15:53:49,788 - INFO - Epoch: 400, Loss: 2.0085, Policy: 2.0011, Value: 0.0184
2025-11-29 15:53:50,274 - INFO - Epoch: 500, Loss: 1.7335, Policy: 1.7259, Value: 0.0190
2025-11-29 15:53:50,763 - INFO - Epoch: 600, Loss: 1.7890, Policy: 1.7799, Value: 0.0229
2025-11-29 15:53:51,256 - INFO - Epoch: 700, Loss: 1.8021, Policy: 1.7953, Value: 0.0169
2025-11-29 15:53:51,737 - INFO - Epoch: 800, Loss: 1.8037, Policy: 1.7961, Value: 0.0191
2025-11-29 15:53:52,209 - INFO - Epoch: 900, Loss: 1.7847, Policy: 1.7774, Value: 0.0180
2025-11-29 15:53:52,693 - INFO - Epoch: 1000, Loss: 1.9013, Policy: 1.8942, Value: 0.0177
2025-11-29 15:53:52,698 - INFO - 训练结束，最新模型已保存到 model.pth
2025-11-29 15:53:52,698 - INFO - 第91局
2025-11-29 15:53:55,125 - INFO - 2赢了
2025-11-29 15:53:55,125 - INFO - 第92局
2025-11-29 15:53:56,975 - INFO - 2赢了
2025-11-29 15:53:56,975 - INFO - 第93局
2025-11-29 15:53:59,480 - INFO - 2赢了
2025-11-29 15:53:59,481 - INFO - 第94局
2025-11-29 15:54:00,575 - INFO - 2赢了
2025-11-29 15:54:00,575 - INFO - 第95局
2025-11-29 15:54:01,678 - INFO - 2赢了
2025-11-29 15:54:01,678 - INFO - 第96局
2025-11-29 15:54:02,734 - INFO - 2赢了
2025-11-29 15:54:02,734 - INFO - 第97局
2025-11-29 15:54:03,776 - INFO - 2赢了
2025-11-29 15:54:03,776 - INFO - 第98局
2025-11-29 15:54:06,045 - INFO - 2赢了
2025-11-29 15:54:06,045 - INFO - 第99局
2025-11-29 15:54:08,631 - INFO - 1赢了
2025-11-29 15:54:08,631 - INFO - 第100局
2025-11-29 15:54:09,849 - INFO - 1赢了
2025-11-29 15:54:09,869 - INFO - Epoch: 0, Loss: 1.9139, Policy: 1.9093, Value: 0.0114
2025-11-29 15:54:10,445 - INFO - Epoch: 100, Loss: 1.8680, Policy: 1.8601, Value: 0.0199
2025-11-29 15:54:10,948 - INFO - Epoch: 200, Loss: 1.8968, Policy: 1.8879, Value: 0.0223
2025-11-29 15:54:11,422 - INFO - Epoch: 300, Loss: 1.8503, Policy: 1.8419, Value: 0.0211
2025-11-29 15:54:11,935 - INFO - Epoch: 400, Loss: 1.9526, Policy: 1.9423, Value: 0.0259
2025-11-29 15:54:12,414 - INFO - Epoch: 500, Loss: 1.8065, Policy: 1.8010, Value: 0.0139
2025-11-29 15:54:12,890 - INFO - Epoch: 600, Loss: 1.9499, Policy: 1.9424, Value: 0.0185
2025-11-29 15:54:13,378 - INFO - Epoch: 700, Loss: 1.8787, Policy: 1.8721, Value: 0.0164
2025-11-29 15:54:13,851 - INFO - Epoch: 800, Loss: 1.7602, Policy: 1.7537, Value: 0.0163
2025-11-29 15:54:14,340 - INFO - Epoch: 900, Loss: 1.8814, Policy: 1.8739, Value: 0.0187
2025-11-29 15:54:14,835 - INFO - Epoch: 1000, Loss: 1.7930, Policy: 1.7849, Value: 0.0204
2025-11-29 15:54:14,839 - INFO - 训练结束，最新模型已保存到 model.pth
2025-11-29 15:54:14,839 - INFO - 第101局
2025-11-29 15:54:19,842 - INFO - 1赢了
2025-11-29 15:54:19,842 - INFO - 第102局
2025-11-29 15:54:22,367 - INFO - 1赢了
2025-11-29 15:54:22,367 - INFO - 第103局
2025-11-29 15:54:23,164 - INFO - 2赢了
2025-11-29 15:54:23,165 - INFO - 第104局
2025-11-29 15:54:25,319 - INFO - 2赢了
2025-11-29 15:54:25,319 - INFO - 第105局
2025-11-29 15:54:27,420 - INFO - 1赢了
2025-11-29 15:54:27,420 - INFO - 第106局
2025-11-29 15:54:29,534 - INFO - 2赢了
2025-11-29 15:54:29,534 - INFO - 第107局
2025-11-29 15:54:30,816 - INFO - 2赢了
2025-11-29 15:54:30,816 - INFO - 第108局
2025-11-29 15:54:34,629 - INFO - 2赢了
2025-11-29 15:54:34,629 - INFO - 第109局
2025-11-29 15:54:37,192 - INFO - 2赢了
2025-11-29 15:54:37,192 - INFO - 第110局
2025-11-29 15:54:46,789 - INFO - 2赢了
2025-11-29 15:54:46,832 - INFO - Epoch: 0, Loss: 2.0335, Policy: 2.0246, Value: 0.0223
2025-11-29 15:54:47,437 - INFO - Epoch: 100, Loss: 1.9063, Policy: 1.8908, Value: 0.0387
2025-11-29 15:54:47,940 - INFO - Epoch: 200, Loss: 1.9205, Policy: 1.9089, Value: 0.0288
2025-11-29 15:54:48,441 - INFO - Epoch: 300, Loss: 1.8917, Policy: 1.8845, Value: 0.0180
2025-11-29 15:54:48,937 - INFO - Epoch: 400, Loss: 1.7107, Policy: 1.7009, Value: 0.0247
2025-11-29 15:54:49,418 - INFO - Epoch: 500, Loss: 1.8721, Policy: 1.8672, Value: 0.0124
2025-11-29 15:54:49,943 - INFO - Epoch: 600, Loss: 1.8950, Policy: 1.8895, Value: 0.0138
2025-11-29 15:54:50,421 - INFO - Epoch: 700, Loss: 2.0995, Policy: 2.0886, Value: 0.0271
2025-11-29 15:54:50,897 - INFO - Epoch: 800, Loss: 1.9146, Policy: 1.9079, Value: 0.0167
2025-11-29 15:54:51,409 - INFO - Epoch: 900, Loss: 1.9522, Policy: 1.9451, Value: 0.0177
2025-11-29 15:54:51,917 - INFO - Epoch: 1000, Loss: 1.9269, Policy: 1.9203, Value: 0.0165
2025-11-29 15:54:51,921 - INFO - 训练结束，最新模型已保存到 model.pth
2025-11-29 15:54:51,922 - INFO - 第111局
2025-11-29 15:54:53,298 - INFO - 1赢了
2025-11-29 15:54:53,298 - INFO - 第112局
2025-11-29 15:54:54,509 - INFO - 2赢了
2025-11-29 15:54:54,509 - INFO - 第113局
2025-11-29 15:54:55,598 - INFO - 1赢了
2025-11-29 15:54:55,598 - INFO - 第114局
2025-11-29 15:54:56,810 - INFO - 2赢了
2025-11-29 15:54:56,810 - INFO - 第115局
2025-11-29 15:55:05,853 - INFO - 1赢了
2025-11-29 15:55:05,853 - INFO - 第116局
2025-11-29 15:55:07,718 - INFO - 2赢了
2025-11-29 15:55:07,718 - INFO - 第117局
2025-11-29 15:55:09,450 - INFO - 2赢了
2025-11-29 15:55:09,450 - INFO - 第118局
2025-11-29 15:55:11,840 - INFO - 1赢了
2025-11-29 15:55:11,840 - INFO - 第119局
2025-11-29 15:55:13,364 - INFO - 2赢了
2025-11-29 15:55:13,364 - INFO - 第120局
2025-11-29 15:55:18,546 - INFO - 1赢了
2025-11-29 15:55:18,587 - INFO - Epoch: 0, Loss: 2.0479, Policy: 2.0317, Value: 0.0405
2025-11-29 15:55:19,192 - INFO - Epoch: 100, Loss: 1.8215, Policy: 1.8104, Value: 0.0279
2025-11-29 15:55:19,689 - INFO - Epoch: 200, Loss: 1.8862, Policy: 1.8776, Value: 0.0214
2025-11-29 15:55:20,176 - INFO - Epoch: 300, Loss: 1.9101, Policy: 1.8991, Value: 0.0274
2025-11-29 15:55:20,644 - INFO - Epoch: 400, Loss: 1.8943, Policy: 1.8838, Value: 0.0263
2025-11-29 15:55:21,137 - INFO - Epoch: 500, Loss: 1.7634, Policy: 1.7555, Value: 0.0198
2025-11-29 15:55:21,612 - INFO - Epoch: 600, Loss: 1.7375, Policy: 1.7288, Value: 0.0219
2025-11-29 15:55:22,090 - INFO - Epoch: 700, Loss: 1.9505, Policy: 1.9388, Value: 0.0293
2025-11-29 15:55:22,566 - INFO - Epoch: 800, Loss: 1.8464, Policy: 1.8256, Value: 0.0520
2025-11-29 15:55:23,052 - INFO - Epoch: 900, Loss: 1.8856, Policy: 1.8767, Value: 0.0223
2025-11-29 15:55:23,524 - INFO - Epoch: 1000, Loss: 2.0429, Policy: 2.0307, Value: 0.0306
2025-11-29 15:55:23,528 - INFO - 训练结束，最新模型已保存到 model.pth
2025-11-29 15:55:23,528 - INFO - 第121局
2025-11-29 15:55:25,001 - INFO - 2赢了
2025-11-29 15:55:25,001 - INFO - 第122局
2025-11-29 15:55:27,125 - INFO - 2赢了
2025-11-29 15:55:27,125 - INFO - 第123局
2025-11-29 15:55:28,705 - INFO - 1赢了
2025-11-29 15:55:28,705 - INFO - 第124局
2025-11-29 15:55:29,691 - INFO - 2赢了
2025-11-29 15:55:29,691 - INFO - 第125局
2025-11-29 15:55:31,256 - INFO - 2赢了
2025-11-29 15:55:31,256 - INFO - 第126局
2025-11-29 15:55:33,820 - INFO - 1赢了
2025-11-29 15:55:33,820 - INFO - 第127局
2025-11-29 15:55:34,843 - INFO - 2赢了
2025-11-29 15:55:34,843 - INFO - 第128局
2025-11-29 15:55:36,685 - INFO - 2赢了
2025-11-29 15:55:36,686 - INFO - 第129局
2025-11-29 15:55:41,757 - INFO - 2赢了
2025-11-29 15:55:41,757 - INFO - 第130局
2025-11-29 15:55:47,192 - INFO - 1赢了
2025-11-29 15:55:47,232 - INFO - Epoch: 0, Loss: 1.8459, Policy: 1.8364, Value: 0.0239
2025-11-29 15:55:47,856 - INFO - Epoch: 100, Loss: 1.7795, Policy: 1.7661, Value: 0.0335
2025-11-29 15:55:48,337 - INFO - Epoch: 200, Loss: 1.8796, Policy: 1.8668, Value: 0.0320
2025-11-29 15:55:48,815 - INFO - Epoch: 300, Loss: 1.9376, Policy: 1.9280, Value: 0.0241
2025-11-29 15:55:49,302 - INFO - Epoch: 400, Loss: 1.9448, Policy: 1.9322, Value: 0.0315
2025-11-29 15:55:49,775 - INFO - Epoch: 500, Loss: 1.9683, Policy: 1.9588, Value: 0.0237
2025-11-29 15:55:50,257 - INFO - Epoch: 600, Loss: 1.9997, Policy: 1.9915, Value: 0.0207
2025-11-29 15:55:50,751 - INFO - Epoch: 700, Loss: 1.8428, Policy: 1.8344, Value: 0.0211
2025-11-29 15:55:51,236 - INFO - Epoch: 800, Loss: 1.9327, Policy: 1.9239, Value: 0.0220
2025-11-29 15:55:51,714 - INFO - Epoch: 900, Loss: 1.9240, Policy: 1.9155, Value: 0.0213
2025-11-29 15:55:52,190 - INFO - Epoch: 1000, Loss: 1.8196, Policy: 1.8106, Value: 0.0227
2025-11-29 15:55:52,194 - INFO - 训练结束，最新模型已保存到 model.pth
2025-11-29 15:55:52,195 - INFO - 第131局
2025-11-29 15:55:53,506 - INFO - 2赢了
2025-11-29 15:55:53,506 - INFO - 第132局
2025-11-29 15:55:55,118 - INFO - 1赢了
2025-11-29 15:55:55,118 - INFO - 第133局
2025-11-29 15:55:57,206 - INFO - 1赢了
2025-11-29 15:55:57,206 - INFO - 第134局
2025-11-29 15:55:59,937 - INFO - 1赢了
2025-11-29 15:55:59,937 - INFO - 第135局
2025-11-29 15:56:01,190 - INFO - 2赢了
2025-11-29 15:56:01,190 - INFO - 第136局
2025-11-29 15:56:02,447 - INFO - 2赢了
2025-11-29 15:56:02,447 - INFO - 第137局
2025-11-29 15:56:03,667 - INFO - 1赢了
2025-11-29 15:56:03,667 - INFO - 第138局
2025-11-29 15:56:05,615 - INFO - 2赢了
2025-11-29 15:56:05,616 - INFO - 第139局
2025-11-29 15:56:18,160 - INFO - 1赢了
2025-11-29 15:56:18,161 - INFO - 第140局
2025-11-29 15:56:19,670 - INFO - 2赢了
2025-11-29 15:56:19,684 - INFO - Epoch: 0, Loss: 1.7671, Policy: 1.7574, Value: 0.0242
2025-11-29 15:56:20,282 - INFO - Epoch: 100, Loss: 1.9646, Policy: 1.9564, Value: 0.0204
2025-11-29 15:56:20,798 - INFO - Epoch: 200, Loss: 1.7257, Policy: 1.7157, Value: 0.0250
2025-11-29 15:56:21,308 - INFO - Epoch: 300, Loss: 1.9914, Policy: 1.9847, Value: 0.0167
2025-11-29 15:56:21,819 - INFO - Epoch: 400, Loss: 1.8182, Policy: 1.8111, Value: 0.0178
2025-11-29 15:56:22,336 - INFO - Epoch: 500, Loss: 1.7862, Policy: 1.7776, Value: 0.0214
2025-11-29 15:56:22,834 - INFO - Epoch: 600, Loss: 1.9402, Policy: 1.9284, Value: 0.0293
2025-11-29 15:56:23,333 - INFO - Epoch: 700, Loss: 1.9082, Policy: 1.8997, Value: 0.0211
2025-11-29 15:56:23,822 - INFO - Epoch: 800, Loss: 1.8858, Policy: 1.8748, Value: 0.0277
2025-11-29 15:56:24,301 - INFO - Epoch: 900, Loss: 1.8108, Policy: 1.7999, Value: 0.0273
2025-11-29 15:56:24,773 - INFO - Epoch: 1000, Loss: 1.8185, Policy: 1.8114, Value: 0.0179
2025-11-29 15:56:24,777 - INFO - 训练结束，最新模型已保存到 model.pth
2025-11-29 15:56:24,777 - INFO - 第141局
2025-11-29 15:56:26,759 - INFO - 2赢了
2025-11-29 15:56:26,759 - INFO - 第142局
2025-11-29 15:56:28,287 - INFO - 2赢了
2025-11-29 15:56:28,287 - INFO - 第143局
2025-11-29 15:56:30,565 - INFO - 1赢了
2025-11-29 15:56:30,565 - INFO - 第144局
2025-11-29 15:56:32,449 - INFO - 2赢了
2025-11-29 15:56:32,449 - INFO - 第145局
2025-11-29 15:56:33,963 - INFO - 1赢了
2025-11-29 15:56:33,963 - INFO - 第146局
2025-11-29 15:56:36,192 - INFO - 2赢了
2025-11-29 15:56:36,192 - INFO - 第147局
2025-11-29 15:56:38,811 - INFO - 2赢了
2025-11-29 15:56:38,811 - INFO - 第148局
2025-11-29 15:56:40,329 - INFO - 1赢了
2025-11-29 15:56:40,329 - INFO - 第149局
2025-11-29 15:56:42,708 - INFO - 1赢了
2025-11-29 15:56:42,708 - INFO - 第150局
2025-11-29 15:56:47,419 - INFO - 1赢了
2025-11-29 15:56:47,439 - INFO - Epoch: 0, Loss: 1.8648, Policy: 1.8481, Value: 0.0417
2025-11-29 15:56:48,057 - INFO - Epoch: 100, Loss: 1.8992, Policy: 1.8909, Value: 0.0208
2025-11-29 15:56:48,571 - INFO - Epoch: 200, Loss: 1.9412, Policy: 1.9316, Value: 0.0242
2025-11-29 15:56:49,068 - INFO - Epoch: 300, Loss: 2.0026, Policy: 1.9935, Value: 0.0227
2025-11-29 15:56:49,556 - INFO - Epoch: 400, Loss: 1.8186, Policy: 1.8071, Value: 0.0288
2025-11-29 15:56:50,016 - INFO - Epoch: 500, Loss: 1.9354, Policy: 1.9248, Value: 0.0263
2025-11-29 15:56:50,474 - INFO - Epoch: 600, Loss: 1.9793, Policy: 1.9705, Value: 0.0219
2025-11-29 15:56:50,924 - INFO - Epoch: 700, Loss: 1.7733, Policy: 1.7659, Value: 0.0183
2025-11-29 15:56:51,399 - INFO - Epoch: 800, Loss: 1.8361, Policy: 1.8238, Value: 0.0307
2025-11-29 15:56:51,852 - INFO - Epoch: 900, Loss: 1.8833, Policy: 1.8758, Value: 0.0187
2025-11-29 15:56:52,307 - INFO - Epoch: 1000, Loss: 1.8416, Policy: 1.8342, Value: 0.0185
2025-11-29 15:56:52,311 - INFO - 训练结束，最新模型已保存到 model.pth
2025-11-29 15:56:52,312 - INFO - 第151局
2025-11-29 15:56:55,363 - INFO - 2赢了
2025-11-29 15:56:55,363 - INFO - 第152局
2025-11-29 15:56:57,126 - INFO - 2赢了
2025-11-29 15:56:57,126 - INFO - 第153局
2025-11-29 15:57:00,172 - INFO - 1赢了
2025-11-29 15:57:00,172 - INFO - 第154局
2025-11-29 15:57:02,743 - INFO - 2赢了
2025-11-29 15:57:02,743 - INFO - 第155局
2025-11-29 15:57:05,172 - INFO - 2赢了
2025-11-29 15:57:05,172 - INFO - 第156局
2025-11-29 15:57:06,380 - INFO - 1赢了
2025-11-29 15:57:06,380 - INFO - 第157局
2025-11-29 15:57:07,947 - INFO - 1赢了
2025-11-29 15:57:07,947 - INFO - 第158局
2025-11-29 15:57:08,995 - INFO - 2赢了
2025-11-29 15:57:08,995 - INFO - 第159局
2025-11-29 15:57:11,218 - INFO - 1赢了
2025-11-29 15:57:11,219 - INFO - 第160局
2025-11-29 15:57:13,481 - INFO - 2赢了
2025-11-29 15:57:13,501 - INFO - Epoch: 0, Loss: 1.8651, Policy: 1.8558, Value: 0.0234
2025-11-29 15:57:14,083 - INFO - Epoch: 100, Loss: 1.9241, Policy: 1.9183, Value: 0.0146
2025-11-29 15:57:14,567 - INFO - Epoch: 200, Loss: 1.8377, Policy: 1.8308, Value: 0.0172
2025-11-29 15:57:15,072 - INFO - Epoch: 300, Loss: 1.8599, Policy: 1.8489, Value: 0.0276
2025-11-29 15:57:15,566 - INFO - Epoch: 400, Loss: 1.9867, Policy: 1.9762, Value: 0.0263
2025-11-29 15:57:16,066 - INFO - Epoch: 500, Loss: 1.7517, Policy: 1.7452, Value: 0.0162
2025-11-29 15:57:16,561 - INFO - Epoch: 600, Loss: 2.0243, Policy: 2.0122, Value: 0.0302
2025-11-29 15:57:17,041 - INFO - Epoch: 700, Loss: 1.6620, Policy: 1.6543, Value: 0.0190
2025-11-29 15:57:17,519 - INFO - Epoch: 800, Loss: 1.7867, Policy: 1.7780, Value: 0.0216
2025-11-29 15:57:18,039 - INFO - Epoch: 900, Loss: 1.8365, Policy: 1.8258, Value: 0.0268
2025-11-29 15:57:18,537 - INFO - Epoch: 1000, Loss: 1.8466, Policy: 1.8343, Value: 0.0308
2025-11-29 15:57:18,540 - INFO - 训练结束，最新模型已保存到 model.pth
2025-11-29 15:57:18,541 - INFO - 第161局
2025-11-29 15:57:19,644 - INFO - 2赢了
2025-11-29 15:57:19,644 - INFO - 第162局
2025-11-29 15:57:21,350 - INFO - 1赢了
2025-11-29 15:57:21,350 - INFO - 第163局
2025-11-29 15:57:23,491 - INFO - 2赢了
2025-11-29 15:57:23,491 - INFO - 第164局
2025-11-29 15:57:25,789 - INFO - 2赢了
2025-11-29 15:57:25,789 - INFO - 第165局
2025-11-29 15:57:26,681 - INFO - 2赢了
2025-11-29 15:57:26,681 - INFO - 第166局
2025-11-29 15:57:32,088 - INFO - 1赢了
2025-11-29 15:57:32,088 - INFO - 第167局
2025-11-29 15:57:40,290 - INFO - 2赢了
2025-11-29 15:57:40,290 - INFO - 第168局
2025-11-29 15:57:43,491 - INFO - 1赢了
2025-11-29 15:57:43,491 - INFO - 第169局
2025-11-29 15:57:44,937 - INFO - 1赢了
2025-11-29 15:57:44,937 - INFO - 第170局
2025-11-29 15:57:46,788 - INFO - 2赢了
2025-11-29 15:57:46,802 - INFO - Epoch: 0, Loss: 1.8628, Policy: 1.8515, Value: 0.0283
2025-11-29 15:57:47,342 - INFO - Epoch: 100, Loss: 1.7622, Policy: 1.7507, Value: 0.0287
2025-11-29 15:57:47,792 - INFO - Epoch: 200, Loss: 2.0064, Policy: 1.9952, Value: 0.0281
2025-11-29 15:57:48,264 - INFO - Epoch: 300, Loss: 1.8475, Policy: 1.8391, Value: 0.0211
2025-11-29 15:57:48,715 - INFO - Epoch: 400, Loss: 1.8927, Policy: 1.8841, Value: 0.0217
2025-11-29 15:57:49,191 - INFO - Epoch: 500, Loss: 1.8204, Policy: 1.8112, Value: 0.0230
2025-11-29 15:57:49,632 - INFO - Epoch: 600, Loss: 1.9219, Policy: 1.9105, Value: 0.0286
2025-11-29 15:57:50,088 - INFO - Epoch: 700, Loss: 2.0168, Policy: 2.0069, Value: 0.0248
2025-11-29 15:57:50,578 - INFO - Epoch: 800, Loss: 1.9114, Policy: 1.8983, Value: 0.0327
2025-11-29 15:57:51,079 - INFO - Epoch: 900, Loss: 1.9178, Policy: 1.9081, Value: 0.0242
2025-11-29 15:57:51,568 - INFO - Epoch: 1000, Loss: 1.8051, Policy: 1.7963, Value: 0.0220
2025-11-29 15:57:51,572 - INFO - 训练结束，最新模型已保存到 model.pth
2025-11-29 15:57:51,573 - INFO - 第171局
2025-11-29 15:57:53,412 - INFO - 2赢了
2025-11-29 15:57:53,412 - INFO - 第172局
2025-11-29 15:57:55,840 - INFO - 2赢了
2025-11-29 15:57:55,840 - INFO - 第173局
2025-11-29 15:57:57,482 - INFO - 2赢了
2025-11-29 15:57:57,482 - INFO - 第174局
2025-11-29 15:57:59,447 - INFO - 1赢了
2025-11-29 15:57:59,448 - INFO - 第175局
2025-11-29 15:58:01,500 - INFO - 2赢了
2025-11-29 15:58:01,500 - INFO - 第176局
2025-11-29 15:58:04,333 - INFO - 1赢了
2025-11-29 15:58:04,333 - INFO - 第177局
2025-11-29 15:58:05,736 - INFO - 1赢了
2025-11-29 15:58:05,736 - INFO - 第178局
2025-11-29 15:58:08,871 - INFO - 2赢了
2025-11-29 15:58:08,871 - INFO - 第179局
2025-11-29 15:58:10,995 - INFO - 2赢了
2025-11-29 15:58:10,995 - INFO - 第180局
2025-11-29 15:58:12,128 - INFO - 1赢了
2025-11-29 15:58:12,140 - INFO - Epoch: 0, Loss: 1.9568, Policy: 1.9470, Value: 0.0243
2025-11-29 15:58:12,751 - INFO - Epoch: 100, Loss: 1.8361, Policy: 1.8268, Value: 0.0232
2025-11-29 15:58:13,280 - INFO - Epoch: 200, Loss: 1.7618, Policy: 1.7548, Value: 0.0175
2025-11-29 15:58:13,829 - INFO - Epoch: 300, Loss: 1.9863, Policy: 1.9803, Value: 0.0149
2025-11-29 15:58:14,371 - INFO - Epoch: 400, Loss: 1.8589, Policy: 1.8480, Value: 0.0272
2025-11-29 15:58:14,901 - INFO - Epoch: 500, Loss: 1.9581, Policy: 1.9476, Value: 0.0262
2025-11-29 15:58:15,439 - INFO - Epoch: 600, Loss: 1.9626, Policy: 1.9497, Value: 0.0322
2025-11-29 15:58:15,979 - INFO - Epoch: 700, Loss: 1.9717, Policy: 1.9644, Value: 0.0183
2025-11-29 15:58:16,582 - INFO - Epoch: 800, Loss: 1.7398, Policy: 1.7302, Value: 0.0239
2025-11-29 15:58:17,162 - INFO - Epoch: 900, Loss: 1.7920, Policy: 1.7834, Value: 0.0216
2025-11-29 15:58:17,732 - INFO - Epoch: 1000, Loss: 1.8469, Policy: 1.8357, Value: 0.0278
2025-11-29 15:58:17,735 - INFO - 训练结束，最新模型已保存到 model.pth
2025-11-29 15:58:17,736 - INFO - 第181局
2025-11-29 15:58:20,156 - INFO - 2赢了
2025-11-29 15:58:20,156 - INFO - 第182局
2025-11-29 15:58:21,328 - INFO - 1赢了
2025-11-29 15:58:21,328 - INFO - 第183局
2025-11-29 15:58:22,673 - INFO - 2赢了
2025-11-29 15:58:22,673 - INFO - 第184局
2025-11-29 15:58:24,395 - INFO - 1赢了
2025-11-29 15:58:24,395 - INFO - 第185局
2025-11-29 15:58:26,320 - INFO - 2赢了
2025-11-29 15:58:26,320 - INFO - 第186局
2025-11-29 15:58:27,480 - INFO - 2赢了
2025-11-29 15:58:27,480 - INFO - 第187局
2025-11-29 15:58:31,026 - INFO - 1赢了
2025-11-29 15:58:31,026 - INFO - 第188局
2025-11-29 15:58:32,238 - INFO - 2赢了
2025-11-29 15:58:32,238 - INFO - 第189局
2025-11-29 15:58:33,934 - INFO - 1赢了
2025-11-29 15:58:33,934 - INFO - 第190局
2025-11-29 15:58:35,873 - INFO - 1赢了
2025-11-29 15:58:35,890 - INFO - Epoch: 0, Loss: 1.9967, Policy: 1.9711, Value: 0.0640
2025-11-29 15:58:36,492 - INFO - Epoch: 100, Loss: 1.8405, Policy: 1.8307, Value: 0.0244
2025-11-29 15:58:37,009 - INFO - Epoch: 200, Loss: 1.7057, Policy: 1.6968, Value: 0.0223
2025-11-29 15:58:37,529 - INFO - Epoch: 300, Loss: 1.8753, Policy: 1.8641, Value: 0.0281
2025-11-29 15:58:38,030 - INFO - Epoch: 400, Loss: 1.9256, Policy: 1.9111, Value: 0.0364
2025-11-29 15:58:38,544 - INFO - Epoch: 500, Loss: 1.8550, Policy: 1.8440, Value: 0.0274
2025-11-29 15:58:39,068 - INFO - Epoch: 600, Loss: 1.8100, Policy: 1.8005, Value: 0.0239
2025-11-29 15:58:40,645 - INFO - Epoch: 700, Loss: 1.8491, Policy: 1.8360, Value: 0.0329
2025-11-29 15:58:41,156 - INFO - Epoch: 800, Loss: 1.8492, Policy: 1.8380, Value: 0.0280
2025-11-29 15:58:41,666 - INFO - Epoch: 900, Loss: 1.9257, Policy: 1.9140, Value: 0.0291
2025-11-29 15:58:42,166 - INFO - Epoch: 1000, Loss: 1.8915, Policy: 1.8840, Value: 0.0188
2025-11-29 15:58:42,170 - INFO - 训练结束，最新模型已保存到 model.pth
2025-11-29 15:58:42,171 - INFO - 第191局
2025-11-29 15:58:44,003 - INFO - 1赢了
2025-11-29 15:58:44,003 - INFO - 第192局
2025-11-29 15:58:45,362 - INFO - 2赢了
2025-11-29 15:58:45,362 - INFO - 第193局
2025-11-29 15:58:46,930 - INFO - 2赢了
2025-11-29 15:58:46,930 - INFO - 第194局
2025-11-29 15:58:49,229 - INFO - 2赢了
2025-11-29 15:58:49,229 - INFO - 第195局
2025-11-29 15:58:54,007 - INFO - 2赢了
2025-11-29 15:58:54,007 - INFO - 第196局
2025-11-29 15:59:00,334 - INFO - 1赢了
2025-11-29 15:59:00,334 - INFO - 第197局
2025-11-29 15:59:01,868 - INFO - 1赢了
2025-11-29 15:59:01,868 - INFO - 第198局
2025-11-29 15:59:03,978 - INFO - 2赢了
2025-11-29 15:59:03,978 - INFO - 第199局
2025-11-29 15:59:05,485 - INFO - 1赢了
2025-11-29 15:59:05,486 - INFO - 第200局
2025-11-29 15:59:07,503 - INFO - 2赢了
2025-11-29 15:59:07,520 - INFO - Epoch: 0, Loss: 1.8346, Policy: 1.8246, Value: 0.0250
2025-11-29 15:59:08,142 - INFO - Epoch: 100, Loss: 1.8444, Policy: 1.8335, Value: 0.0272
2025-11-29 15:59:08,705 - INFO - Epoch: 200, Loss: 1.8701, Policy: 1.8624, Value: 0.0192
2025-11-29 15:59:09,278 - INFO - Epoch: 300, Loss: 1.8710, Policy: 1.8629, Value: 0.0202
2025-11-29 15:59:09,839 - INFO - Epoch: 400, Loss: 1.9503, Policy: 1.9388, Value: 0.0288
2025-11-29 15:59:10,388 - INFO - Epoch: 500, Loss: 1.9873, Policy: 1.9753, Value: 0.0300
2025-11-29 15:59:10,946 - INFO - Epoch: 600, Loss: 1.8142, Policy: 1.8039, Value: 0.0258
2025-11-29 15:59:11,486 - INFO - Epoch: 700, Loss: 1.8410, Policy: 1.8324, Value: 0.0217
2025-11-29 15:59:12,047 - INFO - Epoch: 800, Loss: 1.7918, Policy: 1.7827, Value: 0.0228
2025-11-29 15:59:12,588 - INFO - Epoch: 900, Loss: 1.8604, Policy: 1.8432, Value: 0.0430
2025-11-29 15:59:13,896 - INFO - Epoch: 1000, Loss: 1.8971, Policy: 1.8871, Value: 0.0250
2025-11-29 15:59:13,900 - INFO - 训练结束，最新模型已保存到 model.pth
2025-11-29 15:59:13,901 - INFO - 第201局
2025-11-29 15:59:15,672 - INFO - 1赢了
2025-11-29 15:59:15,672 - INFO - 第202局
2025-11-29 15:59:16,613 - INFO - 2赢了
2025-11-29 15:59:16,613 - INFO - 第203局
2025-11-29 15:59:18,243 - INFO - 1赢了
2025-11-29 15:59:18,243 - INFO - 第204局
2025-11-29 15:59:19,388 - INFO - 2赢了
2025-11-29 15:59:19,388 - INFO - 第205局
2025-11-29 15:59:21,244 - INFO - 2赢了
2025-11-29 15:59:21,244 - INFO - 第206局
2025-11-29 15:59:22,271 - INFO - 2赢了
2025-11-29 15:59:22,271 - INFO - 第207局
2025-11-29 15:59:23,200 - INFO - 2赢了
2025-11-29 15:59:23,200 - INFO - 第208局
2025-11-29 15:59:25,283 - INFO - 2赢了
2025-11-29 15:59:25,283 - INFO - 第209局
2025-11-29 15:59:26,230 - INFO - 2赢了
2025-11-29 15:59:26,230 - INFO - 第210局
2025-11-29 15:59:28,786 - INFO - 2赢了
2025-11-29 15:59:28,806 - INFO - Epoch: 0, Loss: 1.8766, Policy: 1.8600, Value: 0.0415
2025-11-29 15:59:29,354 - INFO - Epoch: 100, Loss: 1.7996, Policy: 1.7777, Value: 0.0549
2025-11-29 15:59:29,910 - INFO - Epoch: 200, Loss: 1.8864, Policy: 1.8744, Value: 0.0299
2025-11-29 15:59:30,468 - INFO - Epoch: 300, Loss: 1.8699, Policy: 1.8571, Value: 0.0319
2025-11-29 15:59:31,023 - INFO - Epoch: 400, Loss: 1.8627, Policy: 1.8500, Value: 0.0318
2025-11-29 15:59:31,604 - INFO - Epoch: 500, Loss: 1.9345, Policy: 1.9195, Value: 0.0376
2025-11-29 15:59:32,178 - INFO - Epoch: 600, Loss: 1.8727, Policy: 1.8632, Value: 0.0236
2025-11-29 15:59:32,748 - INFO - Epoch: 700, Loss: 2.0357, Policy: 2.0257, Value: 0.0249
2025-11-29 15:59:33,319 - INFO - Epoch: 800, Loss: 1.8573, Policy: 1.8469, Value: 0.0261
2025-11-29 15:59:33,894 - INFO - Epoch: 900, Loss: 2.0237, Policy: 2.0104, Value: 0.0332
2025-11-29 15:59:34,455 - INFO - Epoch: 1000, Loss: 1.9464, Policy: 1.9361, Value: 0.0256
2025-11-29 15:59:34,458 - INFO - 训练结束，最新模型已保存到 model.pth
2025-11-29 15:59:34,459 - INFO - 第211局
2025-11-29 15:59:36,508 - INFO - 2赢了
2025-11-29 15:59:36,509 - INFO - 第212局
2025-11-29 15:59:37,820 - INFO - 1赢了
2025-11-29 15:59:37,820 - INFO - 第213局
2025-11-29 15:59:39,327 - INFO - 2赢了
2025-11-29 15:59:39,328 - INFO - 第214局
2025-11-29 15:59:40,140 - INFO - 2赢了
2025-11-29 15:59:40,140 - INFO - 第215局
2025-11-29 15:59:42,213 - INFO - 2赢了
2025-11-29 15:59:42,213 - INFO - 第216局
2025-11-29 15:59:44,271 - INFO - 1赢了
2025-11-29 15:59:44,271 - INFO - 第217局
2025-11-29 15:59:47,249 - INFO - 2赢了
2025-11-29 15:59:47,249 - INFO - 第218局
2025-11-29 15:59:49,908 - INFO - 2赢了
2025-11-29 15:59:49,908 - INFO - 第219局
2025-11-29 15:59:50,929 - INFO - 2赢了
2025-11-29 15:59:50,929 - INFO - 第220局
2025-11-29 15:59:53,193 - INFO - 1赢了
2025-11-29 15:59:53,205 - INFO - Epoch: 0, Loss: 1.8362, Policy: 1.8260, Value: 0.0256
2025-11-29 15:59:53,825 - INFO - Epoch: 100, Loss: 1.7498, Policy: 1.7384, Value: 0.0284
2025-11-29 15:59:54,366 - INFO - Epoch: 200, Loss: 1.9431, Policy: 1.9323, Value: 0.0268
2025-11-29 15:59:54,894 - INFO - Epoch: 300, Loss: 1.8708, Policy: 1.8627, Value: 0.0203
2025-11-29 15:59:55,444 - INFO - Epoch: 400, Loss: 1.9637, Policy: 1.9508, Value: 0.0322
2025-11-29 15:59:56,023 - INFO - Epoch: 500, Loss: 1.8367, Policy: 1.8289, Value: 0.0196
2025-11-29 15:59:56,581 - INFO - Epoch: 600, Loss: 1.8655, Policy: 1.8564, Value: 0.0227
2025-11-29 15:59:57,167 - INFO - Epoch: 700, Loss: 1.9523, Policy: 1.9447, Value: 0.0189
2025-11-29 15:59:57,732 - INFO - Epoch: 800, Loss: 1.8828, Policy: 1.8732, Value: 0.0239
2025-11-29 15:59:58,280 - INFO - Epoch: 900, Loss: 1.8324, Policy: 1.8213, Value: 0.0277
2025-11-29 15:59:58,841 - INFO - Epoch: 1000, Loss: 1.8244, Policy: 1.8131, Value: 0.0283
2025-11-29 15:59:58,845 - INFO - 训练结束，最新模型已保存到 model.pth
2025-11-29 15:59:58,847 - INFO - 第221局
2025-11-29 16:00:00,615 - INFO - 2赢了
2025-11-29 16:00:00,615 - INFO - 第222局
2025-11-29 16:00:01,463 - INFO - 2赢了
2025-11-29 16:00:01,464 - INFO - 第223局
2025-11-29 16:00:03,299 - INFO - 2赢了
2025-11-29 16:00:03,299 - INFO - 第224局
2025-11-29 16:00:04,740 - INFO - 1赢了
2025-11-29 16:00:04,740 - INFO - 第225局
2025-11-29 16:00:06,607 - INFO - 2赢了
2025-11-29 16:00:06,607 - INFO - 第226局
2025-11-29 16:00:07,970 - INFO - 2赢了
2025-11-29 16:00:07,971 - INFO - 第227局
2025-11-29 16:00:09,788 - INFO - 2赢了
2025-11-29 16:00:09,788 - INFO - 第228局
2025-11-29 16:00:11,646 - INFO - 2赢了
2025-11-29 16:00:11,646 - INFO - 第229局
2025-11-29 16:00:12,494 - INFO - 2赢了
2025-11-29 16:00:12,495 - INFO - 第230局
2025-11-29 16:00:16,152 - INFO - 2赢了
2025-11-29 16:00:16,171 - INFO - Epoch: 0, Loss: 1.9306, Policy: 1.9114, Value: 0.0480
2025-11-29 16:00:16,698 - INFO - Epoch: 100, Loss: 1.8690, Policy: 1.8614, Value: 0.0190
2025-11-29 16:00:17,204 - INFO - Epoch: 200, Loss: 1.8279, Policy: 1.8168, Value: 0.0276
2025-11-29 16:00:17,721 - INFO - Epoch: 300, Loss: 1.8913, Policy: 1.8814, Value: 0.0247
2025-11-29 16:00:18,226 - INFO - Epoch: 400, Loss: 1.8751, Policy: 1.8621, Value: 0.0325
2025-11-29 16:00:18,744 - INFO - Epoch: 500, Loss: 1.8330, Policy: 1.8222, Value: 0.0270
2025-11-29 16:00:20,188 - INFO - Epoch: 600, Loss: 1.8859, Policy: 1.8771, Value: 0.0219
2025-11-29 16:00:20,692 - INFO - Epoch: 700, Loss: 2.0761, Policy: 2.0627, Value: 0.0335
2025-11-29 16:00:21,202 - INFO - Epoch: 800, Loss: 1.8694, Policy: 1.8617, Value: 0.0193
2025-11-29 16:00:21,713 - INFO - Epoch: 900, Loss: 1.9480, Policy: 1.9387, Value: 0.0231
2025-11-29 16:00:22,213 - INFO - Epoch: 1000, Loss: 1.8013, Policy: 1.7915, Value: 0.0245
2025-11-29 16:00:22,217 - INFO - 训练结束，最新模型已保存到 model.pth
2025-11-29 16:00:22,218 - INFO - 第231局
2025-11-29 16:00:23,777 - INFO - 2赢了
2025-11-29 16:00:23,777 - INFO - 第232局
2025-11-29 16:00:30,616 - INFO - 2赢了
2025-11-29 16:00:30,616 - INFO - 第233局
2025-11-29 16:00:32,251 - INFO - 2赢了
2025-11-29 16:00:32,251 - INFO - 第234局
2025-11-29 16:00:33,113 - INFO - 2赢了
2025-11-29 16:00:33,113 - INFO - 第235局
2025-11-29 16:00:35,032 - INFO - 2赢了
2025-11-29 16:00:35,032 - INFO - 第236局
2025-11-29 16:00:36,677 - INFO - 2赢了
2025-11-29 16:00:36,677 - INFO - 第237局
2025-11-29 16:00:37,507 - INFO - 2赢了
2025-11-29 16:00:37,508 - INFO - 第238局
2025-11-29 16:00:39,563 - INFO - 2赢了
2025-11-29 16:00:39,563 - INFO - 第239局
2025-11-29 16:00:41,728 - INFO - 2赢了
2025-11-29 16:00:41,728 - INFO - 第240局
2025-11-29 16:00:43,614 - INFO - 2赢了
2025-11-29 16:00:43,629 - INFO - Epoch: 0, Loss: 1.8667, Policy: 1.8548, Value: 0.0298
2025-11-29 16:00:44,244 - INFO - Epoch: 100, Loss: 2.0330, Policy: 2.0222, Value: 0.0271
2025-11-29 16:00:44,774 - INFO - Epoch: 200, Loss: 1.8682, Policy: 1.8550, Value: 0.0329
2025-11-29 16:00:45,270 - INFO - Epoch: 300, Loss: 1.8644, Policy: 1.8540, Value: 0.0261
2025-11-29 16:00:45,784 - INFO - Epoch: 400, Loss: 1.8382, Policy: 1.8124, Value: 0.0643
2025-11-29 16:00:46,306 - INFO - Epoch: 500, Loss: 1.8417, Policy: 1.8323, Value: 0.0234
2025-11-29 16:00:46,836 - INFO - Epoch: 600, Loss: 1.9129, Policy: 1.8823, Value: 0.0763
2025-11-29 16:00:47,336 - INFO - Epoch: 700, Loss: 1.8889, Policy: 1.8786, Value: 0.0257
2025-11-29 16:00:47,834 - INFO - Epoch: 800, Loss: 1.8098, Policy: 1.8012, Value: 0.0215
2025-11-29 16:00:48,354 - INFO - Epoch: 900, Loss: 1.8116, Policy: 1.8021, Value: 0.0238
2025-11-29 16:00:48,892 - INFO - Epoch: 1000, Loss: 1.8735, Policy: 1.8645, Value: 0.0227
2025-11-29 16:00:48,895 - INFO - 训练结束，最新模型已保存到 model.pth
2025-11-29 16:00:48,896 - INFO - 第241局
2025-11-29 16:00:50,945 - INFO - 2赢了
2025-11-29 16:00:50,946 - INFO - 第242局
2025-11-29 16:00:55,868 - INFO - 2赢了
2025-11-29 16:00:55,868 - INFO - 第243局
2025-11-29 16:00:57,325 - INFO - 2赢了
2025-11-29 16:00:57,326 - INFO - 第244局
2025-11-29 16:00:59,351 - INFO - 2赢了
2025-11-29 16:00:59,351 - INFO - 第245局
2025-11-29 16:01:00,586 - INFO - 2赢了
2025-11-29 16:01:00,586 - INFO - 第246局
2025-11-29 16:01:07,540 - INFO - 2赢了
2025-11-29 16:01:07,540 - INFO - 第247局
2025-11-29 16:01:09,486 - INFO - 1赢了
2025-11-29 16:01:09,486 - INFO - 第248局
2025-11-29 16:01:10,936 - INFO - 1赢了
2025-11-29 16:01:10,936 - INFO - 第249局
2025-11-29 16:01:13,008 - INFO - 2赢了
2025-11-29 16:01:13,008 - INFO - 第250局
2025-11-29 16:01:15,349 - INFO - 2赢了
2025-11-29 16:01:15,361 - INFO - Epoch: 0, Loss: 1.9222, Policy: 1.9128, Value: 0.0234
2025-11-29 16:01:15,914 - INFO - Epoch: 100, Loss: 1.8088, Policy: 1.7999, Value: 0.0223
2025-11-29 16:01:16,450 - INFO - Epoch: 200, Loss: 1.8658, Policy: 1.8542, Value: 0.0290
2025-11-29 16:01:16,962 - INFO - Epoch: 300, Loss: 1.9144, Policy: 1.9046, Value: 0.0243
2025-11-29 16:01:17,481 - INFO - Epoch: 400, Loss: 1.7102, Policy: 1.7007, Value: 0.0236
2025-11-29 16:01:18,042 - INFO - Epoch: 500, Loss: 1.7899, Policy: 1.7830, Value: 0.0172
2025-11-29 16:01:18,571 - INFO - Epoch: 600, Loss: 1.9064, Policy: 1.8970, Value: 0.0237
2025-11-29 16:01:19,088 - INFO - Epoch: 700, Loss: 1.9368, Policy: 1.9230, Value: 0.0345
2025-11-29 16:01:19,628 - INFO - Epoch: 800, Loss: 1.9831, Policy: 1.9727, Value: 0.0261
2025-11-29 16:01:20,221 - INFO - Epoch: 900, Loss: 1.8741, Policy: 1.8644, Value: 0.0244
2025-11-29 16:01:20,803 - INFO - Epoch: 1000, Loss: 1.8164, Policy: 1.8052, Value: 0.0281
2025-11-29 16:01:20,807 - INFO - 训练结束，最新模型已保存到 model.pth
2025-11-29 16:01:20,808 - INFO - 第251局
2025-11-29 16:01:22,533 - INFO - 2赢了
2025-11-29 16:01:22,533 - INFO - 第252局
2025-11-29 16:01:24,635 - INFO - 2赢了
2025-11-29 16:01:24,635 - INFO - 第253局
2025-11-29 16:01:27,470 - INFO - 2赢了
2025-11-29 16:01:27,470 - INFO - 第254局
2025-11-29 16:01:30,092 - INFO - 2赢了
2025-11-29 16:01:30,092 - INFO - 第255局
2025-11-29 16:01:30,978 - INFO - 2赢了
2025-11-29 16:01:30,978 - INFO - 第256局
2025-11-29 16:01:32,262 - INFO - 1赢了
2025-11-29 16:01:32,262 - INFO - 第257局
2025-11-29 16:01:34,404 - INFO - 2赢了
2025-11-29 16:01:34,404 - INFO - 第258局
2025-11-29 16:01:35,448 - INFO - 2赢了
2025-11-29 16:01:35,448 - INFO - 第259局
2025-11-29 16:01:37,051 - INFO - 2赢了
2025-11-29 16:01:37,051 - INFO - 第260局
2025-11-29 16:01:38,420 - INFO - 1赢了
2025-11-29 16:01:38,435 - INFO - Epoch: 0, Loss: 1.9436, Policy: 1.9355, Value: 0.0204
2025-11-29 16:01:39,016 - INFO - Epoch: 100, Loss: 1.9130, Policy: 1.9033, Value: 0.0240
2025-11-29 16:01:39,497 - INFO - Epoch: 200, Loss: 1.8621, Policy: 1.8462, Value: 0.0398
2025-11-29 16:01:39,978 - INFO - Epoch: 300, Loss: 1.8685, Policy: 1.8530, Value: 0.0389
2025-11-29 16:01:40,472 - INFO - Epoch: 400, Loss: 2.0073, Policy: 1.9995, Value: 0.0196
2025-11-29 16:01:40,963 - INFO - Epoch: 500, Loss: 1.8201, Policy: 1.8107, Value: 0.0235
2025-11-29 16:01:41,446 - INFO - Epoch: 600, Loss: 1.7491, Policy: 1.7405, Value: 0.0216
2025-11-29 16:01:41,916 - INFO - Epoch: 700, Loss: 1.7423, Policy: 1.7332, Value: 0.0229
2025-11-29 16:01:42,410 - INFO - Epoch: 800, Loss: 1.7648, Policy: 1.7563, Value: 0.0213
2025-11-29 16:01:42,924 - INFO - Epoch: 900, Loss: 1.8675, Policy: 1.8543, Value: 0.0330
2025-11-29 16:01:43,468 - INFO - Epoch: 1000, Loss: 1.9172, Policy: 1.9104, Value: 0.0170
2025-11-29 16:01:43,471 - INFO - 训练结束，最新模型已保存到 model.pth
2025-11-29 16:01:43,472 - INFO - 第261局
2025-11-29 16:01:46,417 - INFO - 2赢了
2025-11-29 16:01:46,417 - INFO - 第262局
2025-11-29 16:01:49,938 - INFO - 2赢了
2025-11-29 16:01:49,938 - INFO - 第263局
2025-11-29 16:01:51,416 - INFO - 2赢了
2025-11-29 16:01:51,416 - INFO - 第264局
2025-11-29 16:01:58,100 - INFO - 2赢了
2025-11-29 16:01:58,100 - INFO - 第265局
2025-11-29 16:01:59,039 - INFO - 2赢了
2025-11-29 16:01:59,039 - INFO - 第266局
2025-11-29 16:02:00,701 - INFO - 1赢了
2025-11-29 16:02:00,701 - INFO - 第267局
2025-11-29 16:02:04,243 - INFO - 2赢了
2025-11-29 16:02:04,244 - INFO - 第268局
2025-11-29 16:02:07,429 - INFO - 2赢了
2025-11-29 16:02:07,429 - INFO - 第269局
2025-11-29 16:02:08,952 - INFO - 1赢了
2025-11-29 16:02:08,952 - INFO - 第270局
2025-11-29 16:02:10,595 - INFO - 2赢了
2025-11-29 16:02:10,608 - INFO - Epoch: 0, Loss: 1.8263, Policy: 1.8164, Value: 0.0247
2025-11-29 16:02:11,265 - INFO - Epoch: 100, Loss: 2.0302, Policy: 2.0147, Value: 0.0387
2025-11-29 16:02:11,803 - INFO - Epoch: 200, Loss: 1.7962, Policy: 1.7885, Value: 0.0193
2025-11-29 16:02:12,363 - INFO - Epoch: 300, Loss: 1.8623, Policy: 1.8500, Value: 0.0307
2025-11-29 16:02:12,906 - INFO - Epoch: 400, Loss: 1.8655, Policy: 1.8539, Value: 0.0289
2025-11-29 16:02:13,450 - INFO - Epoch: 500, Loss: 1.9936, Policy: 1.9860, Value: 0.0192
2025-11-29 16:02:13,983 - INFO - Epoch: 600, Loss: 1.7966, Policy: 1.7880, Value: 0.0216
2025-11-29 16:02:14,529 - INFO - Epoch: 700, Loss: 1.7620, Policy: 1.7548, Value: 0.0179
2025-11-29 16:02:15,096 - INFO - Epoch: 800, Loss: 1.9162, Policy: 1.9071, Value: 0.0229
2025-11-29 16:02:15,655 - INFO - Epoch: 900, Loss: 1.8840, Policy: 1.8751, Value: 0.0223
2025-11-29 16:02:16,236 - INFO - Epoch: 1000, Loss: 1.8416, Policy: 1.8353, Value: 0.0155
2025-11-29 16:02:16,241 - INFO - 训练结束，最新模型已保存到 model.pth
2025-11-29 16:02:16,242 - INFO - 第271局
2025-11-29 16:02:18,509 - INFO - 2赢了
2025-11-29 16:02:18,509 - INFO - 第272局
2025-11-29 16:02:20,075 - INFO - 1赢了
2025-11-29 16:02:20,075 - INFO - 第273局
2025-11-29 16:02:25,167 - INFO - 1赢了
2025-11-29 16:02:25,168 - INFO - 第274局
2025-11-29 16:02:26,354 - INFO - 2赢了
2025-11-29 16:02:26,354 - INFO - 第275局
2025-11-29 16:02:28,710 - INFO - 2赢了
2025-11-29 16:02:28,710 - INFO - 第276局
2025-11-29 16:02:30,330 - INFO - 1赢了
2025-11-29 16:02:30,330 - INFO - 第277局
2025-11-29 16:02:32,351 - INFO - 2赢了
2025-11-29 16:02:32,351 - INFO - 第278局
2025-11-29 16:02:37,142 - INFO - 2赢了
2025-11-29 16:02:37,142 - INFO - 第279局
2025-11-29 16:02:39,567 - INFO - 2赢了
2025-11-29 16:02:39,567 - INFO - 第280局
2025-11-29 16:02:41,526 - INFO - 2赢了
2025-11-29 16:02:41,538 - INFO - Epoch: 0, Loss: 1.7369, Policy: 1.7243, Value: 0.0315
2025-11-29 16:02:42,145 - INFO - Epoch: 100, Loss: 1.8808, Policy: 1.8714, Value: 0.0234
2025-11-29 16:02:42,631 - INFO - Epoch: 200, Loss: 1.9361, Policy: 1.9129, Value: 0.0579
2025-11-29 16:02:43,101 - INFO - Epoch: 300, Loss: 1.8911, Policy: 1.8835, Value: 0.0190
2025-11-29 16:02:43,570 - INFO - Epoch: 400, Loss: 1.8051, Policy: 1.7981, Value: 0.0176
2025-11-29 16:02:44,041 - INFO - Epoch: 500, Loss: 1.8613, Policy: 1.8485, Value: 0.0321
2025-11-29 16:02:44,507 - INFO - Epoch: 600, Loss: 1.8910, Policy: 1.8816, Value: 0.0235
2025-11-29 16:02:45,001 - INFO - Epoch: 700, Loss: 1.8968, Policy: 1.8855, Value: 0.0282
2025-11-29 16:02:45,495 - INFO - Epoch: 800, Loss: 1.9346, Policy: 1.9232, Value: 0.0284
2025-11-29 16:02:45,968 - INFO - Epoch: 900, Loss: 1.8033, Policy: 1.7949, Value: 0.0210
2025-11-29 16:02:46,423 - INFO - Epoch: 1000, Loss: 1.9665, Policy: 1.9520, Value: 0.0364
2025-11-29 16:02:46,426 - INFO - 训练结束，最新模型已保存到 model.pth
2025-11-29 16:02:46,427 - INFO - 第281局
2025-11-29 16:02:48,091 - INFO - 1赢了
2025-11-29 16:02:48,091 - INFO - 第282局
2025-11-29 16:02:51,482 - INFO - 1赢了
2025-11-29 16:02:51,482 - INFO - 第283局
2025-11-29 16:02:55,292 - INFO - 2赢了
2025-11-29 16:02:55,292 - INFO - 第284局
2025-11-29 16:02:56,764 - INFO - 1赢了
2025-11-29 16:02:56,764 - INFO - 第285局
2025-11-29 16:03:00,365 - INFO - 2赢了
2025-11-29 16:03:00,365 - INFO - 第286局
2025-11-29 16:03:03,372 - INFO - 2赢了
2025-11-29 16:03:03,372 - INFO - 第287局
2025-11-29 16:03:04,705 - INFO - 2赢了
2025-11-29 16:03:04,706 - INFO - 第288局
2025-11-29 16:03:09,126 - INFO - 2赢了
2025-11-29 16:03:09,126 - INFO - 第289局
2025-11-29 16:03:12,383 - INFO - 2赢了
2025-11-29 16:03:12,383 - INFO - 第290局
2025-11-29 16:03:14,932 - INFO - 1赢了
2025-11-29 16:03:14,946 - INFO - Epoch: 0, Loss: 2.1986, Policy: 2.1867, Value: 0.0299
2025-11-29 16:03:15,566 - INFO - Epoch: 100, Loss: 1.9330, Policy: 1.9221, Value: 0.0273
2025-11-29 16:03:16,045 - INFO - Epoch: 200, Loss: 1.9296, Policy: 1.9179, Value: 0.0292
2025-11-29 16:03:16,526 - INFO - Epoch: 300, Loss: 1.9369, Policy: 1.9296, Value: 0.0184
2025-11-29 16:03:17,010 - INFO - Epoch: 400, Loss: 1.8215, Policy: 1.8114, Value: 0.0252
2025-11-29 16:03:17,484 - INFO - Epoch: 500, Loss: 1.8141, Policy: 1.8047, Value: 0.0236
2025-11-29 16:03:17,954 - INFO - Epoch: 600, Loss: 1.8288, Policy: 1.8192, Value: 0.0239
2025-11-29 16:03:18,436 - INFO - Epoch: 700, Loss: 1.7662, Policy: 1.7573, Value: 0.0223
2025-11-29 16:03:18,903 - INFO - Epoch: 800, Loss: 1.8998, Policy: 1.8902, Value: 0.0241
2025-11-29 16:03:19,372 - INFO - Epoch: 900, Loss: 1.8969, Policy: 1.8870, Value: 0.0249
2025-11-29 16:03:19,844 - INFO - Epoch: 1000, Loss: 1.8167, Policy: 1.8059, Value: 0.0269
2025-11-29 16:03:19,847 - INFO - 训练结束，最新模型已保存到 model.pth
2025-11-29 16:03:19,848 - INFO - 第291局
2025-11-29 16:03:21,633 - INFO - 2赢了
2025-11-29 16:03:21,633 - INFO - 第292局
2025-11-29 16:03:24,804 - INFO - 2赢了
2025-11-29 16:03:24,804 - INFO - 第293局
2025-11-29 16:03:26,227 - INFO - 1赢了
2025-11-29 16:03:26,227 - INFO - 第294局
2025-11-29 16:03:27,196 - INFO - 2赢了
2025-11-29 16:03:27,196 - INFO - 第295局
2025-11-29 16:03:30,656 - INFO - 2赢了
2025-11-29 16:03:30,656 - INFO - 第296局
2025-11-29 16:03:32,267 - INFO - 2赢了
2025-11-29 16:03:32,268 - INFO - 第297局
2025-11-29 16:03:33,166 - INFO - 2赢了
2025-11-29 16:03:33,167 - INFO - 第298局
2025-11-29 16:03:34,909 - INFO - 2赢了
2025-11-29 16:03:34,909 - INFO - 第299局
2025-11-29 16:03:37,115 - INFO - 2赢了
2025-11-29 16:03:37,116 - INFO - 第300局
2025-11-29 16:03:39,620 - INFO - 1赢了
2025-11-29 16:03:39,639 - INFO - Epoch: 0, Loss: 1.9435, Policy: 1.9318, Value: 0.0291
2025-11-29 16:03:40,154 - INFO - Epoch: 100, Loss: 2.0089, Policy: 1.9792, Value: 0.0743
2025-11-29 16:03:41,746 - INFO - Epoch: 200, Loss: 1.8471, Policy: 1.8389, Value: 0.0204
2025-11-29 16:03:42,253 - INFO - Epoch: 300, Loss: 1.7965, Policy: 1.7899, Value: 0.0165
2025-11-29 16:03:42,761 - INFO - Epoch: 400, Loss: 1.9821, Policy: 1.9717, Value: 0.0261
2025-11-29 16:03:43,288 - INFO - Epoch: 500, Loss: 1.7483, Policy: 1.7378, Value: 0.0263
2025-11-29 16:03:43,793 - INFO - Epoch: 600, Loss: 1.8074, Policy: 1.8008, Value: 0.0165
2025-11-29 16:03:44,303 - INFO - Epoch: 700, Loss: 1.8087, Policy: 1.7974, Value: 0.0282
2025-11-29 16:03:44,809 - INFO - Epoch: 800, Loss: 1.7969, Policy: 1.7883, Value: 0.0213
2025-11-29 16:03:45,332 - INFO - Epoch: 900, Loss: 1.8113, Policy: 1.8030, Value: 0.0207
2025-11-29 16:03:45,844 - INFO - Epoch: 1000, Loss: 1.8136, Policy: 1.8060, Value: 0.0192
2025-11-29 16:03:45,847 - INFO - 训练结束，最新模型已保存到 model.pth
2025-11-29 16:03:45,849 - INFO - 保存模型快照: /home/ktfine/IAteamwork/AlphaZero_Five/models/model_game_300.pth
2025-11-29 16:03:45,849 - INFO - 缓存区数据量: 2839
2025-11-29 16:03:46,137 - INFO - 第301局
2025-11-29 16:03:51,361 - INFO - 2赢了
2025-11-29 16:03:51,361 - INFO - 第302局
2025-11-29 16:03:52,630 - INFO - 2赢了
2025-11-29 16:03:52,630 - INFO - 第303局
2025-11-29 16:03:54,116 - INFO - 1赢了
2025-11-29 16:03:54,116 - INFO - 第304局
2025-11-29 16:03:56,070 - INFO - 2赢了
2025-11-29 16:03:56,070 - INFO - 第305局
2025-11-29 16:03:58,405 - INFO - 2赢了
2025-11-29 16:03:58,406 - INFO - 第306局
2025-11-29 16:04:02,144 - INFO - 2赢了
2025-11-29 16:04:02,145 - INFO - 第307局
2025-11-29 16:04:03,492 - INFO - 2赢了
2025-11-29 16:04:03,492 - INFO - 第308局
2025-11-29 16:04:05,888 - INFO - 1赢了
2025-11-29 16:04:05,888 - INFO - 第309局
2025-11-29 16:04:15,489 - INFO - 1赢了
2025-11-29 16:04:15,490 - INFO - 第310局
2025-11-29 16:04:17,465 - INFO - 2赢了
2025-11-29 16:04:17,485 - INFO - Epoch: 0, Loss: 1.9482, Policy: 1.9368, Value: 0.0285
2025-11-29 16:04:18,127 - INFO - Epoch: 100, Loss: 1.9245, Policy: 1.8962, Value: 0.0707
2025-11-29 16:04:18,687 - INFO - Epoch: 200, Loss: 1.8812, Policy: 1.8714, Value: 0.0243
2025-11-29 16:04:19,231 - INFO - Epoch: 300, Loss: 1.8614, Policy: 1.8520, Value: 0.0233
2025-11-29 16:04:19,783 - INFO - Epoch: 400, Loss: 1.8817, Policy: 1.8694, Value: 0.0308
2025-11-29 16:04:20,332 - INFO - Epoch: 500, Loss: 1.8720, Policy: 1.8607, Value: 0.0285
2025-11-29 16:04:20,878 - INFO - Epoch: 600, Loss: 1.9303, Policy: 1.9197, Value: 0.0264
2025-11-29 16:04:21,454 - INFO - Epoch: 700, Loss: 1.9200, Policy: 1.9035, Value: 0.0411
2025-11-29 16:04:21,995 - INFO - Epoch: 800, Loss: 1.7975, Policy: 1.7875, Value: 0.0249
2025-11-29 16:04:22,527 - INFO - Epoch: 900, Loss: 1.9240, Policy: 1.9114, Value: 0.0314
2025-11-29 16:04:23,070 - INFO - Epoch: 1000, Loss: 1.8438, Policy: 1.8306, Value: 0.0329
2025-11-29 16:04:23,076 - INFO - 训练结束，最新模型已保存到 model.pth
2025-11-29 16:04:23,076 - INFO - 第311局
2025-11-29 16:04:24,558 - INFO - 2赢了
2025-11-29 16:04:24,558 - INFO - 第312局
2025-11-29 16:04:26,205 - INFO - 2赢了
2025-11-29 16:04:26,205 - INFO - 第313局
2025-11-29 16:04:27,722 - INFO - 2赢了
2025-11-29 16:04:27,722 - INFO - 第314局
2025-11-29 16:04:29,033 - INFO - 1赢了
2025-11-29 16:04:29,033 - INFO - 第315局
2025-11-29 16:04:31,660 - INFO - 2赢了
2025-11-29 16:04:31,660 - INFO - 第316局
2025-11-29 16:04:33,047 - INFO - 2赢了
2025-11-29 16:04:33,048 - INFO - 第317局
2025-11-29 16:04:34,976 - INFO - 2赢了
2025-11-29 16:04:34,976 - INFO - 第318局
2025-11-29 16:04:36,235 - INFO - 2赢了
2025-11-29 16:04:36,235 - INFO - 第319局
2025-11-29 16:04:37,290 - INFO - 2赢了
2025-11-29 16:04:37,291 - INFO - 第320局
2025-11-29 16:04:39,040 - INFO - 2赢了
2025-11-29 16:04:39,056 - INFO - Epoch: 0, Loss: 1.9642, Policy: 1.9513, Value: 0.0325
2025-11-29 16:04:39,651 - INFO - Epoch: 100, Loss: 1.8288, Policy: 1.8179, Value: 0.0273
2025-11-29 16:04:40,167 - INFO - Epoch: 200, Loss: 1.8877, Policy: 1.8797, Value: 0.0200
2025-11-29 16:04:40,673 - INFO - Epoch: 300, Loss: 1.9516, Policy: 1.9400, Value: 0.0291
2025-11-29 16:04:41,170 - INFO - Epoch: 400, Loss: 1.9295, Policy: 1.9243, Value: 0.0128
2025-11-29 16:04:41,667 - INFO - Epoch: 500, Loss: 1.8410, Policy: 1.8321, Value: 0.0224
2025-11-29 16:04:42,158 - INFO - Epoch: 600, Loss: 1.9716, Policy: 1.9588, Value: 0.0319
2025-11-29 16:04:42,651 - INFO - Epoch: 700, Loss: 1.7601, Policy: 1.7533, Value: 0.0172
2025-11-29 16:04:43,161 - INFO - Epoch: 800, Loss: 1.8370, Policy: 1.8277, Value: 0.0231
2025-11-29 16:04:43,644 - INFO - Epoch: 900, Loss: 1.8651, Policy: 1.8583, Value: 0.0170
2025-11-29 16:04:44,132 - INFO - Epoch: 1000, Loss: 1.9160, Policy: 1.9060, Value: 0.0248
2025-11-29 16:04:44,136 - INFO - 训练结束，最新模型已保存到 model.pth
2025-11-29 16:04:44,137 - INFO - 第321局
2025-11-29 16:04:46,236 - INFO - 2赢了
2025-11-29 16:04:46,237 - INFO - 第322局
2025-11-29 16:04:48,764 - INFO - 2赢了
2025-11-29 16:04:48,764 - INFO - 第323局
2025-11-29 16:04:51,429 - INFO - 1赢了
2025-11-29 16:04:51,429 - INFO - 第324局
2025-11-29 16:04:52,820 - INFO - 1赢了
2025-11-29 16:04:52,820 - INFO - 第325局
2025-11-29 16:04:53,862 - INFO - 2赢了
2025-11-29 16:04:53,862 - INFO - 第326局
2025-11-29 16:04:56,866 - INFO - 2赢了
2025-11-29 16:04:56,866 - INFO - 第327局
2025-11-29 16:04:58,028 - INFO - 1赢了
2025-11-29 16:04:58,029 - INFO - 第328局
2025-11-29 16:05:01,112 - INFO - 1赢了
2025-11-29 16:05:01,113 - INFO - 第329局
2025-11-29 16:05:03,171 - INFO - 2赢了
2025-11-29 16:05:03,171 - INFO - 第330局
2025-11-29 16:05:06,045 - INFO - 1赢了
2025-11-29 16:05:06,061 - INFO - Epoch: 0, Loss: 1.8923, Policy: 1.8829, Value: 0.0236
2025-11-29 16:05:06,653 - INFO - Epoch: 100, Loss: 1.9800, Policy: 1.9688, Value: 0.0280
2025-11-29 16:05:07,185 - INFO - Epoch: 200, Loss: 1.6947, Policy: 1.6860, Value: 0.0216
2025-11-29 16:05:07,758 - INFO - Epoch: 300, Loss: 1.9444, Policy: 1.9346, Value: 0.0244
2025-11-29 16:05:08,330 - INFO - Epoch: 400, Loss: 1.8422, Policy: 1.8322, Value: 0.0250
2025-11-29 16:05:08,922 - INFO - Epoch: 500, Loss: 2.1173, Policy: 2.1044, Value: 0.0323
2025-11-29 16:05:09,483 - INFO - Epoch: 600, Loss: 2.0020, Policy: 1.9922, Value: 0.0247
2025-11-29 16:05:10,049 - INFO - Epoch: 700, Loss: 1.9716, Policy: 1.9627, Value: 0.0223
2025-11-29 16:05:10,581 - INFO - Epoch: 800, Loss: 1.7514, Policy: 1.7457, Value: 0.0142
2025-11-29 16:05:11,107 - INFO - Epoch: 900, Loss: 1.9294, Policy: 1.9235, Value: 0.0147
2025-11-29 16:05:11,670 - INFO - Epoch: 1000, Loss: 1.9419, Policy: 1.9342, Value: 0.0194
2025-11-29 16:05:11,675 - INFO - 训练结束，最新模型已保存到 model.pth
2025-11-29 16:05:11,676 - INFO - 第331局
2025-11-29 16:05:13,257 - INFO - 1赢了
2025-11-29 16:05:13,257 - INFO - 第332局
2025-11-29 16:05:14,602 - INFO - 2赢了
2025-11-29 16:05:14,602 - INFO - 第333局
2025-11-29 16:05:15,419 - INFO - 2赢了
2025-11-29 16:05:15,420 - INFO - 第334局
2025-11-29 16:05:16,141 - INFO - 2赢了
2025-11-29 16:05:16,141 - INFO - 第335局
2025-11-29 16:05:19,722 - INFO - 1赢了
2025-11-29 16:05:19,722 - INFO - 第336局
2025-11-29 16:05:24,428 - INFO - 2赢了
2025-11-29 16:05:24,428 - INFO - 第337局
2025-11-29 16:05:27,464 - INFO - 2赢了
2025-11-29 16:05:27,464 - INFO - 第338局
2025-11-29 16:05:32,244 - INFO - 2赢了
2025-11-29 16:05:32,244 - INFO - 第339局
2025-11-29 16:05:33,298 - INFO - 2赢了
2025-11-29 16:05:33,298 - INFO - 第340局
2025-11-29 16:05:37,630 - INFO - 2赢了
2025-11-29 16:05:37,642 - INFO - Epoch: 0, Loss: 1.7795, Policy: 1.7704, Value: 0.0228
2025-11-29 16:05:38,235 - INFO - Epoch: 100, Loss: 1.8873, Policy: 1.8784, Value: 0.0221
2025-11-29 16:05:38,709 - INFO - Epoch: 200, Loss: 1.9508, Policy: 1.9390, Value: 0.0293
2025-11-29 16:05:39,186 - INFO - Epoch: 300, Loss: 1.7379, Policy: 1.7271, Value: 0.0272
2025-11-29 16:05:39,655 - INFO - Epoch: 400, Loss: 1.9381, Policy: 1.9320, Value: 0.0151
2025-11-29 16:05:40,155 - INFO - Epoch: 500, Loss: 1.9074, Policy: 1.8963, Value: 0.0279
2025-11-29 16:05:40,658 - INFO - Epoch: 600, Loss: 1.8117, Policy: 1.8046, Value: 0.0176
2025-11-29 16:05:41,204 - INFO - Epoch: 700, Loss: 1.9555, Policy: 1.9444, Value: 0.0275
2025-11-29 16:05:41,719 - INFO - Epoch: 800, Loss: 1.7829, Policy: 1.7788, Value: 0.0102
2025-11-29 16:05:42,227 - INFO - Epoch: 900, Loss: 1.8335, Policy: 1.8229, Value: 0.0263
2025-11-29 16:05:42,734 - INFO - Epoch: 1000, Loss: 1.9261, Policy: 1.9154, Value: 0.0267
2025-11-29 16:05:42,739 - INFO - 训练结束，最新模型已保存到 model.pth
2025-11-29 16:05:42,739 - INFO - 第341局
2025-11-29 16:05:44,809 - INFO - 1赢了
2025-11-29 16:05:44,809 - INFO - 第342局
2025-11-29 16:05:46,334 - INFO - 2赢了
2025-11-29 16:05:46,334 - INFO - 第343局
2025-11-29 16:05:47,155 - INFO - 2赢了
2025-11-29 16:05:47,155 - INFO - 第344局
2025-11-29 16:05:48,768 - INFO - 2赢了
2025-11-29 16:05:48,768 - INFO - 第345局
2025-11-29 16:05:51,009 - INFO - 2赢了
2025-11-29 16:05:51,009 - INFO - 第346局
2025-11-29 16:05:52,240 - INFO - 2赢了
2025-11-29 16:05:52,240 - INFO - 第347局
2025-11-29 16:05:56,069 - INFO - 1赢了
2025-11-29 16:05:56,069 - INFO - 第348局
2025-11-29 16:05:58,556 - INFO - 2赢了
2025-11-29 16:05:58,556 - INFO - 第349局
2025-11-29 16:05:59,782 - INFO - 1赢了
2025-11-29 16:05:59,782 - INFO - 第350局
2025-11-29 16:06:01,726 - INFO - 1赢了
2025-11-29 16:06:01,743 - INFO - Epoch: 0, Loss: 1.9196, Policy: 1.9071, Value: 0.0314
2025-11-29 16:06:02,311 - INFO - Epoch: 100, Loss: 1.7769, Policy: 1.7626, Value: 0.0358
2025-11-29 16:06:02,812 - INFO - Epoch: 200, Loss: 1.9421, Policy: 1.9338, Value: 0.0207
2025-11-29 16:06:03,332 - INFO - Epoch: 300, Loss: 1.7980, Policy: 1.7858, Value: 0.0306
2025-11-29 16:06:03,830 - INFO - Epoch: 400, Loss: 1.8607, Policy: 1.8520, Value: 0.0218
2025-11-29 16:06:04,312 - INFO - Epoch: 500, Loss: 1.9200, Policy: 1.9106, Value: 0.0237
2025-11-29 16:06:04,812 - INFO - Epoch: 600, Loss: 1.8994, Policy: 1.8896, Value: 0.0246
2025-11-29 16:06:05,293 - INFO - Epoch: 700, Loss: 1.8867, Policy: 1.8766, Value: 0.0254
2025-11-29 16:06:05,814 - INFO - Epoch: 800, Loss: 1.8502, Policy: 1.8406, Value: 0.0241
2025-11-29 16:06:06,319 - INFO - Epoch: 900, Loss: 1.8717, Policy: 1.8628, Value: 0.0223
2025-11-29 16:06:06,817 - INFO - Epoch: 1000, Loss: 1.8685, Policy: 1.8602, Value: 0.0207
2025-11-29 16:06:06,822 - INFO - 训练结束，最新模型已保存到 model.pth
2025-11-29 16:06:06,823 - INFO - 第351局
2025-11-29 16:06:08,933 - INFO - 2赢了
2025-11-29 16:06:08,933 - INFO - 第352局
2025-11-29 16:06:10,365 - INFO - 2赢了
2025-11-29 16:06:10,366 - INFO - 第353局
2025-11-29 16:06:12,176 - INFO - 1赢了
2025-11-29 16:06:12,176 - INFO - 第354局
2025-11-29 16:06:14,290 - INFO - 2赢了
2025-11-29 16:06:14,290 - INFO - 第355局
2025-11-29 16:06:15,776 - INFO - 2赢了
2025-11-29 16:06:15,776 - INFO - 第356局
2025-11-29 16:06:19,215 - INFO - 2赢了
2025-11-29 16:06:19,216 - INFO - 第357局
2025-11-29 16:06:20,765 - INFO - 1赢了
2025-11-29 16:06:20,765 - INFO - 第358局
2025-11-29 16:06:22,931 - INFO - 1赢了
2025-11-29 16:06:22,931 - INFO - 第359局
2025-11-29 16:06:24,417 - INFO - 2赢了
2025-11-29 16:06:24,418 - INFO - 第360局
2025-11-29 16:06:32,139 - INFO - 1赢了
2025-11-29 16:06:32,175 - INFO - Epoch: 0, Loss: 1.9135, Policy: 1.9024, Value: 0.0277
2025-11-29 16:06:32,835 - INFO - Epoch: 100, Loss: 1.9040, Policy: 1.8819, Value: 0.0552
2025-11-29 16:06:33,352 - INFO - Epoch: 200, Loss: 1.7780, Policy: 1.7674, Value: 0.0265
2025-11-29 16:06:33,875 - INFO - Epoch: 300, Loss: 2.0017, Policy: 1.9911, Value: 0.0266
2025-11-29 16:06:34,365 - INFO - Epoch: 400, Loss: 1.9925, Policy: 1.9793, Value: 0.0329
2025-11-29 16:06:34,889 - INFO - Epoch: 500, Loss: 1.9135, Policy: 1.9032, Value: 0.0258
2025-11-29 16:06:35,381 - INFO - Epoch: 600, Loss: 1.8656, Policy: 1.8554, Value: 0.0257
2025-11-29 16:06:35,867 - INFO - Epoch: 700, Loss: 1.8314, Policy: 1.8235, Value: 0.0198
2025-11-29 16:06:36,373 - INFO - Epoch: 800, Loss: 1.8698, Policy: 1.8589, Value: 0.0272
2025-11-29 16:06:36,858 - INFO - Epoch: 900, Loss: 1.8654, Policy: 1.8562, Value: 0.0230
2025-11-29 16:06:37,373 - INFO - Epoch: 1000, Loss: 1.9724, Policy: 1.9445, Value: 0.0697
2025-11-29 16:06:37,376 - INFO - 训练结束，最新模型已保存到 model.pth
2025-11-29 16:06:37,377 - INFO - 第361局
2025-11-29 16:06:39,546 - INFO - 2赢了
2025-11-29 16:06:39,546 - INFO - 第362局
2025-11-29 16:06:42,077 - INFO - 2赢了
2025-11-29 16:06:42,077 - INFO - 第363局
2025-11-29 16:06:43,633 - INFO - 2赢了
2025-11-29 16:06:43,633 - INFO - 第364局
2025-11-29 16:06:48,925 - INFO - 2赢了
2025-11-29 16:06:48,925 - INFO - 第365局
2025-11-29 16:06:50,607 - INFO - 2赢了
2025-11-29 16:06:50,607 - INFO - 第366局
2025-11-29 16:06:51,740 - INFO - 1赢了
2025-11-29 16:06:51,740 - INFO - 第367局
2025-11-29 16:06:52,700 - INFO - 2赢了
2025-11-29 16:06:52,700 - INFO - 第368局
2025-11-29 16:06:53,862 - INFO - 2赢了
2025-11-29 16:06:53,862 - INFO - 第369局
2025-11-29 16:06:56,114 - INFO - 2赢了
2025-11-29 16:06:56,114 - INFO - 第370局
2025-11-29 16:06:58,214 - INFO - 1赢了
2025-11-29 16:06:58,231 - INFO - Epoch: 0, Loss: 1.8364, Policy: 1.8272, Value: 0.0232
2025-11-29 16:06:58,838 - INFO - Epoch: 100, Loss: 1.8368, Policy: 1.8275, Value: 0.0233
2025-11-29 16:06:59,356 - INFO - Epoch: 200, Loss: 1.9344, Policy: 1.9212, Value: 0.0329
2025-11-29 16:06:59,853 - INFO - Epoch: 300, Loss: 1.9428, Policy: 1.9281, Value: 0.0367
2025-11-29 16:07:01,300 - INFO - Epoch: 400, Loss: 1.8475, Policy: 1.8403, Value: 0.0182
2025-11-29 16:07:01,806 - INFO - Epoch: 500, Loss: 1.8683, Policy: 1.8591, Value: 0.0231
2025-11-29 16:07:02,294 - INFO - Epoch: 600, Loss: 1.8742, Policy: 1.8629, Value: 0.0283
2025-11-29 16:07:02,784 - INFO - Epoch: 700, Loss: 1.9483, Policy: 1.9399, Value: 0.0210
2025-11-29 16:07:03,306 - INFO - Epoch: 800, Loss: 1.9403, Policy: 1.9254, Value: 0.0373
2025-11-29 16:07:03,808 - INFO - Epoch: 900, Loss: 1.7761, Policy: 1.7675, Value: 0.0217
2025-11-29 16:07:04,311 - INFO - Epoch: 1000, Loss: 1.9434, Policy: 1.9292, Value: 0.0355
2025-11-29 16:07:04,315 - INFO - 训练结束，最新模型已保存到 model.pth
2025-11-29 16:07:04,316 - INFO - 第371局
2025-11-29 16:07:06,206 - INFO - 2赢了
2025-11-29 16:07:06,207 - INFO - 第372局
2025-11-29 16:07:07,663 - INFO - 2赢了
2025-11-29 16:07:07,663 - INFO - 第373局
2025-11-29 16:07:09,238 - INFO - 2赢了
2025-11-29 16:07:09,238 - INFO - 第374局
2025-11-29 16:07:10,381 - INFO - 2赢了
2025-11-29 16:07:10,381 - INFO - 第375局
2025-11-29 16:07:13,238 - INFO - 2赢了
2025-11-29 16:07:13,238 - INFO - 第376局
2025-11-29 16:07:14,573 - INFO - 2赢了
2025-11-29 16:07:14,573 - INFO - 第377局
2025-11-29 16:07:17,467 - INFO - 2赢了
2025-11-29 16:07:17,467 - INFO - 第378局
2025-11-29 16:07:19,518 - INFO - 2赢了
2025-11-29 16:07:19,518 - INFO - 第379局
2025-11-29 16:07:20,406 - INFO - 2赢了
2025-11-29 16:07:20,406 - INFO - 第380局
2025-11-29 16:07:22,249 - INFO - 2赢了
2025-11-29 16:07:22,266 - INFO - Epoch: 0, Loss: 1.6777, Policy: 1.6568, Value: 0.0522
2025-11-29 16:07:22,849 - INFO - Epoch: 100, Loss: 1.8644, Policy: 1.8517, Value: 0.0317
2025-11-29 16:07:23,338 - INFO - Epoch: 200, Loss: 1.8560, Policy: 1.8490, Value: 0.0175
2025-11-29 16:07:23,838 - INFO - Epoch: 300, Loss: 1.9117, Policy: 1.8992, Value: 0.0313
2025-11-29 16:07:24,326 - INFO - Epoch: 400, Loss: 2.0696, Policy: 2.0589, Value: 0.0268
2025-11-29 16:07:24,842 - INFO - Epoch: 500, Loss: 1.7657, Policy: 1.7437, Value: 0.0550
2025-11-29 16:07:25,339 - INFO - Epoch: 600, Loss: 1.8950, Policy: 1.8834, Value: 0.0290
2025-11-29 16:07:25,832 - INFO - Epoch: 700, Loss: 1.8476, Policy: 1.8228, Value: 0.0620
2025-11-29 16:07:26,323 - INFO - Epoch: 800, Loss: 1.8438, Policy: 1.8337, Value: 0.0253
2025-11-29 16:07:26,813 - INFO - Epoch: 900, Loss: 1.8328, Policy: 1.8242, Value: 0.0215
2025-11-29 16:07:27,296 - INFO - Epoch: 1000, Loss: 1.9795, Policy: 1.9701, Value: 0.0234
2025-11-29 16:07:27,300 - INFO - 训练结束，最新模型已保存到 model.pth
2025-11-29 16:07:27,300 - INFO - 第381局
2025-11-29 16:07:30,173 - INFO - 2赢了
2025-11-29 16:07:30,173 - INFO - 第382局
2025-11-29 16:07:35,718 - INFO - 2赢了
2025-11-29 16:07:35,718 - INFO - 第383局
2025-11-29 16:07:37,267 - INFO - 1赢了
2025-11-29 16:07:37,267 - INFO - 第384局
2025-11-29 16:07:38,273 - INFO - 2赢了
2025-11-29 16:07:38,273 - INFO - 第385局
2025-11-29 16:07:40,220 - INFO - 2赢了
2025-11-29 16:07:40,220 - INFO - 第386局
2025-11-29 16:07:41,353 - INFO - 2赢了
2025-11-29 16:07:41,353 - INFO - 第387局
2025-11-29 16:07:46,643 - INFO - 2赢了
2025-11-29 16:07:46,643 - INFO - 第388局
2025-11-29 16:07:49,057 - INFO - 2赢了
2025-11-29 16:07:49,057 - INFO - 第389局
2025-11-29 16:07:51,171 - INFO - 2赢了
2025-11-29 16:07:51,171 - INFO - 第390局
2025-11-29 16:07:52,893 - INFO - 2赢了
2025-11-29 16:07:52,909 - INFO - Epoch: 0, Loss: 1.7395, Policy: 1.7297, Value: 0.0246
2025-11-29 16:07:53,466 - INFO - Epoch: 100, Loss: 1.6761, Policy: 1.6687, Value: 0.0186
2025-11-29 16:07:53,963 - INFO - Epoch: 200, Loss: 1.8967, Policy: 1.8828, Value: 0.0349
2025-11-29 16:07:54,479 - INFO - Epoch: 300, Loss: 1.9677, Policy: 1.9602, Value: 0.0188
2025-11-29 16:07:54,976 - INFO - Epoch: 400, Loss: 1.8807, Policy: 1.8707, Value: 0.0251
2025-11-29 16:07:55,473 - INFO - Epoch: 500, Loss: 1.8023, Policy: 1.7935, Value: 0.0220
2025-11-29 16:07:55,985 - INFO - Epoch: 600, Loss: 1.8171, Policy: 1.8086, Value: 0.0212
2025-11-29 16:07:56,487 - INFO - Epoch: 700, Loss: 1.7107, Policy: 1.7018, Value: 0.0221
2025-11-29 16:07:56,989 - INFO - Epoch: 800, Loss: 1.8391, Policy: 1.8286, Value: 0.0261
2025-11-29 16:07:57,479 - INFO - Epoch: 900, Loss: 1.8368, Policy: 1.8266, Value: 0.0254
2025-11-29 16:07:57,968 - INFO - Epoch: 1000, Loss: 1.9038, Policy: 1.8914, Value: 0.0312
2025-11-29 16:07:57,971 - INFO - 训练结束，最新模型已保存到 model.pth
2025-11-29 16:07:57,972 - INFO - 第391局
2025-11-29 16:07:59,413 - INFO - 2赢了
2025-11-29 16:07:59,414 - INFO - 第392局
2025-11-29 16:08:01,079 - INFO - 2赢了
2025-11-29 16:08:01,079 - INFO - 第393局
2025-11-29 16:08:02,605 - INFO - 2赢了
2025-11-29 16:08:02,605 - INFO - 第394局
2025-11-29 16:08:04,089 - INFO - 2赢了
2025-11-29 16:08:04,090 - INFO - 第395局
2025-11-29 16:08:05,228 - INFO - 2赢了
2025-11-29 16:08:05,228 - INFO - 第396局
2025-11-29 16:08:07,577 - INFO - 2赢了
2025-11-29 16:08:07,577 - INFO - 第397局
2025-11-29 16:08:09,689 - INFO - 2赢了
2025-11-29 16:08:09,689 - INFO - 第398局
2025-11-29 16:08:10,930 - INFO - 1赢了
2025-11-29 16:08:10,931 - INFO - 第399局
2025-11-29 16:08:12,542 - INFO - 2赢了
2025-11-29 16:08:12,542 - INFO - 第400局
2025-11-29 16:08:13,625 - INFO - 2赢了
2025-11-29 16:08:13,638 - INFO - Epoch: 0, Loss: 1.9331, Policy: 1.9249, Value: 0.0207
2025-11-29 16:08:14,220 - INFO - Epoch: 100, Loss: 1.7758, Policy: 1.7660, Value: 0.0243
2025-11-29 16:08:14,783 - INFO - Epoch: 200, Loss: 1.7630, Policy: 1.7556, Value: 0.0184
2025-11-29 16:08:15,294 - INFO - Epoch: 300, Loss: 1.7884, Policy: 1.7816, Value: 0.0170
2025-11-29 16:08:15,848 - INFO - Epoch: 400, Loss: 1.7954, Policy: 1.7798, Value: 0.0392
2025-11-29 16:08:16,361 - INFO - Epoch: 500, Loss: 1.9455, Policy: 1.9355, Value: 0.0249
2025-11-29 16:08:16,889 - INFO - Epoch: 600, Loss: 1.8932, Policy: 1.8832, Value: 0.0248
2025-11-29 16:08:17,414 - INFO - Epoch: 700, Loss: 1.9817, Policy: 1.9717, Value: 0.0251
2025-11-29 16:08:17,954 - INFO - Epoch: 800, Loss: 1.9473, Policy: 1.9273, Value: 0.0501
2025-11-29 16:08:18,478 - INFO - Epoch: 900, Loss: 1.9276, Policy: 1.9171, Value: 0.0261
2025-11-29 16:08:18,999 - INFO - Epoch: 1000, Loss: 1.8090, Policy: 1.8002, Value: 0.0222
2025-11-29 16:08:19,004 - INFO - 训练结束，最新模型已保存到 model.pth
2025-11-29 16:08:19,005 - INFO - 第401局
2025-11-29 16:08:21,158 - INFO - 2赢了
2025-11-29 16:08:21,158 - INFO - 第402局
2025-11-29 16:08:22,594 - INFO - 1赢了
2025-11-29 16:08:22,594 - INFO - 第403局
2025-11-29 16:08:25,257 - INFO - 2赢了
2025-11-29 16:08:25,262 - INFO - 第404局
2025-11-29 16:08:26,455 - INFO - 1赢了
2025-11-29 16:08:26,455 - INFO - 第405局
2025-11-29 16:08:29,166 - INFO - 2赢了
2025-11-29 16:08:29,166 - INFO - 第406局
2025-11-29 16:08:30,906 - INFO - 2赢了
2025-11-29 16:08:30,906 - INFO - 第407局
2025-11-29 16:08:32,032 - INFO - 2赢了
2025-11-29 16:08:32,032 - INFO - 第408局
2025-11-29 16:08:42,400 - INFO - 2赢了
2025-11-29 16:08:42,401 - INFO - 第409局
2025-11-29 16:08:43,588 - INFO - 2赢了
2025-11-29 16:08:43,588 - INFO - 第410局
2025-11-29 16:08:44,836 - INFO - 1赢了
2025-11-29 16:08:44,853 - INFO - Epoch: 0, Loss: 1.7931, Policy: 1.7827, Value: 0.0261
2025-11-29 16:08:45,427 - INFO - Epoch: 100, Loss: 1.7685, Policy: 1.7577, Value: 0.0271
2025-11-29 16:08:45,916 - INFO - Epoch: 200, Loss: 1.8833, Policy: 1.8748, Value: 0.0212
2025-11-29 16:08:46,417 - INFO - Epoch: 300, Loss: 1.7429, Policy: 1.7347, Value: 0.0206
2025-11-29 16:08:46,933 - INFO - Epoch: 400, Loss: 1.9275, Policy: 1.9159, Value: 0.0290
2025-11-29 16:08:47,458 - INFO - Epoch: 500, Loss: 1.8512, Policy: 1.8418, Value: 0.0234
2025-11-29 16:08:47,969 - INFO - Epoch: 600, Loss: 1.7609, Policy: 1.7511, Value: 0.0245
2025-11-29 16:08:48,491 - INFO - Epoch: 700, Loss: 1.7454, Policy: 1.7348, Value: 0.0264
2025-11-29 16:08:49,000 - INFO - Epoch: 800, Loss: 1.9974, Policy: 1.9797, Value: 0.0443
2025-11-29 16:08:49,514 - INFO - Epoch: 900, Loss: 1.8520, Policy: 1.8303, Value: 0.0543
2025-11-29 16:08:50,003 - INFO - Epoch: 1000, Loss: 1.6905, Policy: 1.6826, Value: 0.0197
2025-11-29 16:08:50,007 - INFO - 训练结束，最新模型已保存到 model.pth
2025-11-29 16:08:50,008 - INFO - 第411局
2025-11-29 16:08:52,034 - INFO - 1赢了
2025-11-29 16:08:52,034 - INFO - 第412局
2025-11-29 16:08:53,315 - INFO - 2赢了
2025-11-29 16:08:53,315 - INFO - 第413局
2025-11-29 16:08:55,122 - INFO - 2赢了
2025-11-29 16:08:55,123 - INFO - 第414局
2025-11-29 16:08:56,755 - INFO - 2赢了
2025-11-29 16:08:56,755 - INFO - 第415局
2025-11-29 16:08:58,623 - INFO - 2赢了
2025-11-29 16:08:58,623 - INFO - 第416局
2025-11-29 16:09:00,877 - INFO - 1赢了
2025-11-29 16:09:00,877 - INFO - 第417局
2025-11-29 16:09:02,381 - INFO - 2赢了
2025-11-29 16:09:02,381 - INFO - 第418局
2025-11-29 16:09:03,886 - INFO - 1赢了
2025-11-29 16:09:03,886 - INFO - 第419局
2025-11-29 16:09:05,109 - INFO - 2赢了
2025-11-29 16:09:05,109 - INFO - 第420局
2025-11-29 16:09:07,057 - INFO - 2赢了
2025-11-29 16:09:07,069 - INFO - Epoch: 0, Loss: 1.8947, Policy: 1.8793, Value: 0.0386
2025-11-29 16:09:07,701 - INFO - Epoch: 100, Loss: 1.8531, Policy: 1.8413, Value: 0.0295
2025-11-29 16:09:08,277 - INFO - Epoch: 200, Loss: 1.8986, Policy: 1.8874, Value: 0.0278
2025-11-29 16:09:08,805 - INFO - Epoch: 300, Loss: 1.9657, Policy: 1.9531, Value: 0.0316
2025-11-29 16:09:09,333 - INFO - Epoch: 400, Loss: 1.8130, Policy: 1.7994, Value: 0.0339
2025-11-29 16:09:09,859 - INFO - Epoch: 500, Loss: 1.9331, Policy: 1.9111, Value: 0.0548
2025-11-29 16:09:10,376 - INFO - Epoch: 600, Loss: 1.8790, Policy: 1.8719, Value: 0.0177
2025-11-29 16:09:10,898 - INFO - Epoch: 700, Loss: 1.8289, Policy: 1.8222, Value: 0.0169
2025-11-29 16:09:11,416 - INFO - Epoch: 800, Loss: 1.8530, Policy: 1.8432, Value: 0.0245
2025-11-29 16:09:11,948 - INFO - Epoch: 900, Loss: 1.8996, Policy: 1.8904, Value: 0.0229
2025-11-29 16:09:12,451 - INFO - Epoch: 1000, Loss: 1.7219, Policy: 1.7130, Value: 0.0222
2025-11-29 16:09:12,456 - INFO - 训练结束，最新模型已保存到 model.pth
2025-11-29 16:09:12,457 - INFO - 第421局
2025-11-29 16:09:14,617 - INFO - 2赢了
2025-11-29 16:09:14,617 - INFO - 第422局
2025-11-29 16:09:19,023 - INFO - 1赢了
2025-11-29 16:09:19,023 - INFO - 第423局
2025-11-29 16:09:20,712 - INFO - 2赢了
2025-11-29 16:09:20,713 - INFO - 第424局
2025-11-29 16:09:22,492 - INFO - 2赢了
2025-11-29 16:09:22,492 - INFO - 第425局
2025-11-29 16:09:26,241 - INFO - 2赢了
2025-11-29 16:09:26,242 - INFO - 第426局
2025-11-29 16:09:27,633 - INFO - 2赢了
2025-11-29 16:09:27,633 - INFO - 第427局
2025-11-29 16:09:28,553 - INFO - 2赢了
2025-11-29 16:09:28,553 - INFO - 第428局
2025-11-29 16:09:30,721 - INFO - 2赢了
2025-11-29 16:09:30,721 - INFO - 第429局
2025-11-29 16:09:33,370 - INFO - 2赢了
2025-11-29 16:09:33,370 - INFO - 第430局
2025-11-29 16:09:35,013 - INFO - 2赢了
2025-11-29 16:09:35,029 - INFO - Epoch: 0, Loss: 1.8775, Policy: 1.8702, Value: 0.0182
2025-11-29 16:09:35,630 - INFO - Epoch: 100, Loss: 1.9812, Policy: 1.9699, Value: 0.0284
2025-11-29 16:09:36,151 - INFO - Epoch: 200, Loss: 1.8486, Policy: 1.8400, Value: 0.0214
2025-11-29 16:09:36,662 - INFO - Epoch: 300, Loss: 1.8399, Policy: 1.8330, Value: 0.0172
2025-11-29 16:09:37,183 - INFO - Epoch: 400, Loss: 1.7678, Policy: 1.7546, Value: 0.0331
2025-11-29 16:09:37,690 - INFO - Epoch: 500, Loss: 1.8625, Policy: 1.8530, Value: 0.0238
2025-11-29 16:09:38,216 - INFO - Epoch: 600, Loss: 1.8908, Policy: 1.8827, Value: 0.0202
2025-11-29 16:09:38,727 - INFO - Epoch: 700, Loss: 1.8103, Policy: 1.8033, Value: 0.0177
2025-11-29 16:09:39,260 - INFO - Epoch: 800, Loss: 1.8665, Policy: 1.8599, Value: 0.0165
2025-11-29 16:09:39,792 - INFO - Epoch: 900, Loss: 1.9021, Policy: 1.8929, Value: 0.0231
2025-11-29 16:09:40,307 - INFO - Epoch: 1000, Loss: 1.8435, Policy: 1.8327, Value: 0.0271
2025-11-29 16:09:40,310 - INFO - 训练结束，最新模型已保存到 model.pth
2025-11-29 16:09:40,311 - INFO - 第431局
2025-11-29 16:09:42,228 - INFO - 2赢了
2025-11-29 16:09:42,229 - INFO - 第432局
2025-11-29 16:09:43,340 - INFO - 2赢了
2025-11-29 16:09:43,341 - INFO - 第433局
2025-11-29 16:09:44,729 - INFO - 2赢了
2025-11-29 16:09:44,729 - INFO - 第434局
2025-11-29 16:09:45,970 - INFO - 2赢了
2025-11-29 16:09:45,970 - INFO - 第435局
2025-11-29 16:09:50,809 - INFO - 2赢了
2025-11-29 16:09:50,809 - INFO - 第436局
2025-11-29 16:09:51,661 - INFO - 2赢了
2025-11-29 16:09:51,661 - INFO - 第437局
2025-11-29 16:09:53,962 - INFO - 2赢了
2025-11-29 16:09:53,962 - INFO - 第438局
2025-11-29 16:09:55,803 - INFO - 1赢了
2025-11-29 16:09:55,803 - INFO - 第439局
2025-11-29 16:09:56,979 - INFO - 1赢了
2025-11-29 16:09:56,979 - INFO - 第440局
2025-11-29 16:09:58,644 - INFO - 2赢了
2025-11-29 16:09:58,663 - INFO - Epoch: 0, Loss: 1.8543, Policy: 1.8472, Value: 0.0178
2025-11-29 16:09:59,263 - INFO - Epoch: 100, Loss: 1.8265, Policy: 1.8170, Value: 0.0236
2025-11-29 16:09:59,787 - INFO - Epoch: 200, Loss: 1.8076, Policy: 1.7971, Value: 0.0263
2025-11-29 16:10:00,299 - INFO - Epoch: 300, Loss: 1.8251, Policy: 1.8156, Value: 0.0239
2025-11-29 16:10:00,824 - INFO - Epoch: 400, Loss: 1.7496, Policy: 1.7388, Value: 0.0269
2025-11-29 16:10:01,327 - INFO - Epoch: 500, Loss: 1.7926, Policy: 1.7815, Value: 0.0276
2025-11-29 16:10:01,825 - INFO - Epoch: 600, Loss: 1.8083, Policy: 1.7993, Value: 0.0226
2025-11-29 16:10:02,336 - INFO - Epoch: 700, Loss: 1.8021, Policy: 1.7797, Value: 0.0561
2025-11-29 16:10:02,852 - INFO - Epoch: 800, Loss: 1.6834, Policy: 1.6766, Value: 0.0168
2025-11-29 16:10:03,366 - INFO - Epoch: 900, Loss: 1.8342, Policy: 1.8268, Value: 0.0187
2025-11-29 16:10:03,894 - INFO - Epoch: 1000, Loss: 1.8103, Policy: 1.7981, Value: 0.0305
2025-11-29 16:10:03,897 - INFO - 训练结束，最新模型已保存到 model.pth
2025-11-29 16:10:03,898 - INFO - 第441局
2025-11-29 16:10:05,252 - INFO - 2赢了
2025-11-29 16:10:05,252 - INFO - 第442局
2025-11-29 16:10:06,932 - INFO - 2赢了
2025-11-29 16:10:06,932 - INFO - 第443局
2025-11-29 16:10:08,327 - INFO - 2赢了
2025-11-29 16:10:08,327 - INFO - 第444局
2025-11-29 16:10:10,486 - INFO - 2赢了
2025-11-29 16:10:10,486 - INFO - 第445局
2025-11-29 16:10:12,310 - INFO - 2赢了
2025-11-29 16:10:12,310 - INFO - 第446局
2025-11-29 16:10:14,179 - INFO - 2赢了
2025-11-29 16:10:14,179 - INFO - 第447局
2025-11-29 16:10:16,154 - INFO - 1赢了
2025-11-29 16:10:16,154 - INFO - 第448局
2025-11-29 16:10:17,595 - INFO - 2赢了
2025-11-29 16:10:17,595 - INFO - 第449局
2025-11-29 16:10:22,287 - INFO - 2赢了
2025-11-29 16:10:22,287 - INFO - 第450局
2025-11-29 16:10:25,336 - INFO - 2赢了
2025-11-29 16:10:25,353 - INFO - Epoch: 0, Loss: 1.8285, Policy: 1.8195, Value: 0.0226
2025-11-29 16:10:26,030 - INFO - Epoch: 100, Loss: 1.9442, Policy: 1.9362, Value: 0.0198
2025-11-29 16:10:26,588 - INFO - Epoch: 200, Loss: 1.9599, Policy: 1.9509, Value: 0.0224
2025-11-29 16:10:27,143 - INFO - Epoch: 300, Loss: 1.9000, Policy: 1.8898, Value: 0.0256
2025-11-29 16:10:27,697 - INFO - Epoch: 400, Loss: 1.8593, Policy: 1.8496, Value: 0.0242
2025-11-29 16:10:28,265 - INFO - Epoch: 500, Loss: 1.7643, Policy: 1.7575, Value: 0.0170
2025-11-29 16:10:28,828 - INFO - Epoch: 600, Loss: 1.7178, Policy: 1.7093, Value: 0.0211
2025-11-29 16:10:29,387 - INFO - Epoch: 700, Loss: 2.0358, Policy: 2.0262, Value: 0.0240
2025-11-29 16:10:29,961 - INFO - Epoch: 800, Loss: 2.0260, Policy: 2.0174, Value: 0.0215
2025-11-29 16:10:30,516 - INFO - Epoch: 900, Loss: 1.7774, Policy: 1.7724, Value: 0.0125
2025-11-29 16:10:31,099 - INFO - Epoch: 1000, Loss: 1.9261, Policy: 1.9116, Value: 0.0363
2025-11-29 16:10:31,103 - INFO - 训练结束，最新模型已保存到 model.pth
2025-11-29 16:10:31,104 - INFO - 第451局
2025-11-29 16:10:35,534 - INFO - 2赢了
2025-11-29 16:10:35,534 - INFO - 第452局
2025-11-29 16:10:38,115 - INFO - 2赢了
2025-11-29 16:10:38,115 - INFO - 第453局
2025-11-29 16:10:40,749 - INFO - 1赢了
2025-11-29 16:10:40,749 - INFO - 第454局
2025-11-29 16:10:41,848 - INFO - 2赢了
2025-11-29 16:10:41,848 - INFO - 第455局
2025-11-29 16:10:43,458 - INFO - 2赢了
2025-11-29 16:10:43,459 - INFO - 第456局
2025-11-29 16:10:46,715 - INFO - 2赢了
2025-11-29 16:10:46,715 - INFO - 第457局
2025-11-29 16:10:48,084 - INFO - 1赢了
2025-11-29 16:10:48,084 - INFO - 第458局
2025-11-29 16:10:50,587 - INFO - 2赢了
2025-11-29 16:10:50,588 - INFO - 第459局
2025-11-29 16:10:51,410 - INFO - 2赢了
2025-11-29 16:10:51,410 - INFO - 第460局
2025-11-29 16:10:54,015 - INFO - 1赢了
2025-11-29 16:10:54,029 - INFO - Epoch: 0, Loss: 1.8892, Policy: 1.8791, Value: 0.0252
2025-11-29 16:10:54,596 - INFO - Epoch: 100, Loss: 1.8343, Policy: 1.8226, Value: 0.0292
2025-11-29 16:10:55,103 - INFO - Epoch: 200, Loss: 1.9537, Policy: 1.9421, Value: 0.0289
2025-11-29 16:10:55,608 - INFO - Epoch: 300, Loss: 1.7965, Policy: 1.7840, Value: 0.0315
2025-11-29 16:10:56,123 - INFO - Epoch: 400, Loss: 1.8601, Policy: 1.8494, Value: 0.0268
2025-11-29 16:10:56,628 - INFO - Epoch: 500, Loss: 1.8686, Policy: 1.8587, Value: 0.0248
2025-11-29 16:10:57,145 - INFO - Epoch: 600, Loss: 1.8999, Policy: 1.8882, Value: 0.0292
2025-11-29 16:10:57,682 - INFO - Epoch: 700, Loss: 1.8288, Policy: 1.8218, Value: 0.0173
2025-11-29 16:10:58,204 - INFO - Epoch: 800, Loss: 1.8574, Policy: 1.8491, Value: 0.0207
2025-11-29 16:10:58,733 - INFO - Epoch: 900, Loss: 1.9900, Policy: 1.9796, Value: 0.0260
2025-11-29 16:10:59,251 - INFO - Epoch: 1000, Loss: 1.8718, Policy: 1.8637, Value: 0.0204
2025-11-29 16:10:59,255 - INFO - 训练结束，最新模型已保存到 model.pth
2025-11-29 16:10:59,256 - INFO - 第461局
2025-11-29 16:11:00,237 - INFO - 1赢了
2025-11-29 16:11:00,237 - INFO - 第462局
2025-11-29 16:11:02,036 - INFO - 2赢了
2025-11-29 16:11:02,036 - INFO - 第463局
2025-11-29 16:11:03,589 - INFO - 2赢了
2025-11-29 16:11:03,589 - INFO - 第464局
2025-11-29 16:11:05,674 - INFO - 2赢了
2025-11-29 16:11:05,675 - INFO - 第465局
2025-11-29 16:11:08,107 - INFO - 1赢了
2025-11-29 16:11:08,107 - INFO - 第466局
2025-11-29 16:11:12,157 - INFO - 2赢了
2025-11-29 16:11:12,157 - INFO - 第467局
2025-11-29 16:11:13,885 - INFO - 2赢了
2025-11-29 16:11:13,885 - INFO - 第468局
2025-11-29 16:11:15,382 - INFO - 2赢了
2025-11-29 16:11:15,382 - INFO - 第469局
2025-11-29 16:11:17,819 - INFO - 2赢了
2025-11-29 16:11:17,820 - INFO - 第470局
2025-11-29 16:11:19,229 - INFO - 1赢了
2025-11-29 16:11:19,246 - INFO - Epoch: 0, Loss: 2.0572, Policy: 2.0383, Value: 0.0472
2025-11-29 16:11:19,831 - INFO - Epoch: 100, Loss: 1.6815, Policy: 1.6719, Value: 0.0238
2025-11-29 16:11:20,365 - INFO - Epoch: 200, Loss: 1.7933, Policy: 1.7806, Value: 0.0319
2025-11-29 16:11:20,903 - INFO - Epoch: 300, Loss: 1.8491, Policy: 1.8410, Value: 0.0203
2025-11-29 16:11:21,428 - INFO - Epoch: 400, Loss: 1.8773, Policy: 1.8705, Value: 0.0172
2025-11-29 16:11:21,970 - INFO - Epoch: 500, Loss: 1.8122, Policy: 1.8030, Value: 0.0231
2025-11-29 16:11:22,503 - INFO - Epoch: 600, Loss: 1.8773, Policy: 1.8656, Value: 0.0293
2025-11-29 16:11:23,041 - INFO - Epoch: 700, Loss: 1.7569, Policy: 1.7468, Value: 0.0252
2025-11-29 16:11:23,574 - INFO - Epoch: 800, Loss: 1.8369, Policy: 1.8317, Value: 0.0131
2025-11-29 16:11:24,110 - INFO - Epoch: 900, Loss: 1.8692, Policy: 1.8586, Value: 0.0265
2025-11-29 16:11:24,658 - INFO - Epoch: 1000, Loss: 1.7329, Policy: 1.7206, Value: 0.0306
2025-11-29 16:11:24,661 - INFO - 训练结束，最新模型已保存到 model.pth
2025-11-29 16:11:24,662 - INFO - 第471局
2025-11-29 16:11:27,236 - INFO - 1赢了
2025-11-29 16:11:27,236 - INFO - 第472局
2025-11-29 16:11:28,014 - INFO - 1赢了
2025-11-29 16:11:28,014 - INFO - 第473局
2025-11-29 16:11:29,220 - INFO - 2赢了
2025-11-29 16:11:29,220 - INFO - 第474局
2025-11-29 16:11:30,961 - INFO - 2赢了
2025-11-29 16:11:30,961 - INFO - 第475局
2025-11-29 16:11:32,205 - INFO - 2赢了
2025-11-29 16:11:32,205 - INFO - 第476局
2025-11-29 16:11:35,303 - INFO - 1赢了
2025-11-29 16:11:35,303 - INFO - 第477局
2025-11-29 16:11:38,041 - INFO - 1赢了
2025-11-29 16:11:38,041 - INFO - 第478局
2025-11-29 16:11:40,476 - INFO - 1赢了
2025-11-29 16:11:40,476 - INFO - 第479局
2025-11-29 16:11:42,736 - INFO - 2赢了
2025-11-29 16:11:42,736 - INFO - 第480局
2025-11-29 16:11:43,950 - INFO - 2赢了
2025-11-29 16:11:43,968 - INFO - Epoch: 0, Loss: 1.8135, Policy: 1.8033, Value: 0.0257
2025-11-29 16:11:44,559 - INFO - Epoch: 100, Loss: 1.6210, Policy: 1.6149, Value: 0.0152
2025-11-29 16:11:45,046 - INFO - Epoch: 200, Loss: 1.8201, Policy: 1.8058, Value: 0.0357
2025-11-29 16:11:45,538 - INFO - Epoch: 300, Loss: 1.8542, Policy: 1.8443, Value: 0.0248
2025-11-29 16:11:46,034 - INFO - Epoch: 400, Loss: 1.8716, Policy: 1.8552, Value: 0.0411
2025-11-29 16:11:46,536 - INFO - Epoch: 500, Loss: 1.9231, Policy: 1.9150, Value: 0.0202
2025-11-29 16:11:47,057 - INFO - Epoch: 600, Loss: 1.8783, Policy: 1.8669, Value: 0.0283
2025-11-29 16:11:47,566 - INFO - Epoch: 700, Loss: 2.0008, Policy: 1.9865, Value: 0.0357
2025-11-29 16:11:48,061 - INFO - Epoch: 800, Loss: 1.7960, Policy: 1.7858, Value: 0.0255
2025-11-29 16:11:48,560 - INFO - Epoch: 900, Loss: 1.9261, Policy: 1.9181, Value: 0.0202
2025-11-29 16:11:49,077 - INFO - Epoch: 1000, Loss: 1.9272, Policy: 1.9179, Value: 0.0233
2025-11-29 16:11:49,080 - INFO - 训练结束，最新模型已保存到 model.pth
2025-11-29 16:11:49,081 - INFO - 第481局
2025-11-29 16:11:50,433 - INFO - 2赢了
2025-11-29 16:11:50,433 - INFO - 第482局
2025-11-29 16:11:53,767 - INFO - 1赢了
2025-11-29 16:11:53,767 - INFO - 第483局
2025-11-29 16:11:54,837 - INFO - 2赢了
2025-11-29 16:11:54,837 - INFO - 第484局
2025-11-29 16:11:57,441 - INFO - 1赢了
2025-11-29 16:11:57,441 - INFO - 第485局
2025-11-29 16:12:02,005 - INFO - 1赢了
2025-11-29 16:12:02,005 - INFO - 第486局
2025-11-29 16:12:04,174 - INFO - 2赢了
2025-11-29 16:12:04,174 - INFO - 第487局
2025-11-29 16:12:05,643 - INFO - 2赢了
2025-11-29 16:12:05,643 - INFO - 第488局
2025-11-29 16:12:06,425 - INFO - 2赢了
2025-11-29 16:12:06,425 - INFO - 第489局
2025-11-29 16:12:08,445 - INFO - 2赢了
2025-11-29 16:12:08,445 - INFO - 第490局
2025-11-29 16:12:10,124 - INFO - 2赢了
2025-11-29 16:12:10,137 - INFO - Epoch: 0, Loss: 1.9888, Policy: 1.9768, Value: 0.0300
2025-11-29 16:12:10,739 - INFO - Epoch: 100, Loss: 1.7915, Policy: 1.7841, Value: 0.0183
2025-11-29 16:12:11,253 - INFO - Epoch: 200, Loss: 1.9559, Policy: 1.9421, Value: 0.0343
2025-11-29 16:12:11,765 - INFO - Epoch: 300, Loss: 1.9117, Policy: 1.9033, Value: 0.0210
2025-11-29 16:12:12,263 - INFO - Epoch: 400, Loss: 1.8563, Policy: 1.8417, Value: 0.0365
2025-11-29 16:12:12,754 - INFO - Epoch: 500, Loss: 1.8803, Policy: 1.8680, Value: 0.0310
2025-11-29 16:12:13,255 - INFO - Epoch: 600, Loss: 1.8275, Policy: 1.8123, Value: 0.0380
2025-11-29 16:12:13,780 - INFO - Epoch: 700, Loss: 1.8214, Policy: 1.8014, Value: 0.0500
2025-11-29 16:12:14,333 - INFO - Epoch: 800, Loss: 1.7109, Policy: 1.7046, Value: 0.0159
2025-11-29 16:12:14,841 - INFO - Epoch: 900, Loss: 1.8197, Policy: 1.8099, Value: 0.0246
2025-11-29 16:12:15,354 - INFO - Epoch: 1000, Loss: 1.8038, Policy: 1.7949, Value: 0.0222
2025-11-29 16:12:15,358 - INFO - 训练结束，最新模型已保存到 model.pth
2025-11-29 16:12:15,359 - INFO - 第491局
2025-11-29 16:12:20,243 - INFO - 1赢了
2025-11-29 16:12:20,243 - INFO - 第492局
2025-11-29 16:12:21,826 - INFO - 2赢了
2025-11-29 16:12:21,826 - INFO - 第493局
2025-11-29 16:12:23,826 - INFO - 1赢了
2025-11-29 16:12:23,826 - INFO - 第494局
2025-11-29 16:12:25,424 - INFO - 1赢了
2025-11-29 16:12:25,425 - INFO - 第495局
2025-11-29 16:12:27,073 - INFO - 2赢了
2025-11-29 16:12:27,073 - INFO - 第496局
2025-11-29 16:12:27,828 - INFO - 2赢了
2025-11-29 16:12:27,828 - INFO - 第497局
2025-11-29 16:12:29,428 - INFO - 1赢了
2025-11-29 16:12:29,428 - INFO - 第498局
2025-11-29 16:12:30,747 - INFO - 1赢了
2025-11-29 16:12:30,747 - INFO - 第499局
2025-11-29 16:12:32,103 - INFO - 2赢了
2025-11-29 16:12:32,103 - INFO - 第500局
2025-11-29 16:12:36,985 - INFO - 2赢了
2025-11-29 16:12:37,000 - INFO - Epoch: 0, Loss: 1.9389, Policy: 1.9311, Value: 0.0195
2025-11-29 16:12:37,611 - INFO - Epoch: 100, Loss: 1.8199, Policy: 1.8101, Value: 0.0246
2025-11-29 16:12:38,095 - INFO - Epoch: 200, Loss: 1.8709, Policy: 1.8610, Value: 0.0247
2025-11-29 16:12:38,617 - INFO - Epoch: 300, Loss: 1.9012, Policy: 1.8919, Value: 0.0233
2025-11-29 16:12:39,116 - INFO - Epoch: 400, Loss: 1.7927, Policy: 1.7797, Value: 0.0326
2025-11-29 16:12:39,623 - INFO - Epoch: 500, Loss: 1.9357, Policy: 1.9247, Value: 0.0274
2025-11-29 16:12:40,121 - INFO - Epoch: 600, Loss: 1.9153, Policy: 1.8989, Value: 0.0410
2025-11-29 16:12:40,626 - INFO - Epoch: 700, Loss: 1.8650, Policy: 1.8573, Value: 0.0193
2025-11-29 16:12:41,144 - INFO - Epoch: 800, Loss: 1.7541, Policy: 1.7440, Value: 0.0252
2025-11-29 16:12:41,655 - INFO - Epoch: 900, Loss: 1.8958, Policy: 1.8881, Value: 0.0192
2025-11-29 16:12:42,155 - INFO - Epoch: 1000, Loss: 1.8181, Policy: 1.8068, Value: 0.0283
2025-11-29 16:12:42,158 - INFO - 训练结束，最新模型已保存到 model.pth
2025-11-29 16:12:42,159 - INFO - 第501局
2025-11-29 16:12:43,166 - INFO - 1赢了
2025-11-29 16:12:43,166 - INFO - 第502局
2025-11-29 16:12:44,060 - INFO - 2赢了
2025-11-29 16:12:44,060 - INFO - 第503局
2025-11-29 16:12:45,263 - INFO - 1赢了
2025-11-29 16:12:45,264 - INFO - 第504局
2025-11-29 16:12:46,780 - INFO - 1赢了
2025-11-29 16:12:46,780 - INFO - 第505局
2025-11-29 16:12:48,823 - INFO - 2赢了
2025-11-29 16:12:48,824 - INFO - 第506局
2025-11-29 16:12:52,054 - INFO - 2赢了
2025-11-29 16:12:52,054 - INFO - 第507局
2025-11-29 16:12:59,542 - INFO - 2赢了
2025-11-29 16:12:59,542 - INFO - 第508局
2025-11-29 16:13:06,311 - INFO - 2赢了
2025-11-29 16:13:06,311 - INFO - 第509局
2025-11-29 16:13:07,283 - INFO - 2赢了
2025-11-29 16:13:07,283 - INFO - 第510局
2025-11-29 16:13:08,494 - INFO - 2赢了
2025-11-29 16:13:08,510 - INFO - Epoch: 0, Loss: 1.8890, Policy: 1.8790, Value: 0.0248
2025-11-29 16:13:09,099 - INFO - Epoch: 100, Loss: 2.0017, Policy: 1.9933, Value: 0.0209
2025-11-29 16:13:09,590 - INFO - Epoch: 200, Loss: 1.8715, Policy: 1.8615, Value: 0.0249
2025-11-29 16:13:10,082 - INFO - Epoch: 300, Loss: 1.7708, Policy: 1.7630, Value: 0.0196
2025-11-29 16:13:10,547 - INFO - Epoch: 400, Loss: 1.8531, Policy: 1.8384, Value: 0.0368
2025-11-29 16:13:11,022 - INFO - Epoch: 500, Loss: 1.8299, Policy: 1.8206, Value: 0.0233
2025-11-29 16:13:11,493 - INFO - Epoch: 600, Loss: 1.8049, Policy: 1.7935, Value: 0.0287
2025-11-29 16:13:11,966 - INFO - Epoch: 700, Loss: 1.8485, Policy: 1.8385, Value: 0.0252
2025-11-29 16:13:12,442 - INFO - Epoch: 800, Loss: 1.8600, Policy: 1.8524, Value: 0.0189
2025-11-29 16:13:12,937 - INFO - Epoch: 900, Loss: 1.9440, Policy: 1.9324, Value: 0.0290
2025-11-29 16:13:13,416 - INFO - Epoch: 1000, Loss: 1.8501, Policy: 1.8391, Value: 0.0273
2025-11-29 16:13:13,420 - INFO - 训练结束，最新模型已保存到 model.pth
2025-11-29 16:13:13,420 - INFO - 第511局
2025-11-29 16:13:14,918 - INFO - 2赢了
2025-11-29 16:13:14,918 - INFO - 第512局
2025-11-29 16:13:19,678 - INFO - 2赢了
2025-11-29 16:13:19,678 - INFO - 第513局
2025-11-29 16:13:20,570 - INFO - 2赢了
2025-11-29 16:13:20,570 - INFO - 第514局
2025-11-29 16:13:24,190 - INFO - 2赢了
2025-11-29 16:13:24,190 - INFO - 第515局
2025-11-29 16:13:28,446 - INFO - 2赢了
2025-11-29 16:13:28,446 - INFO - 第516局
2025-11-29 16:13:29,603 - INFO - 1赢了
2025-11-29 16:13:29,603 - INFO - 第517局
2025-11-29 16:13:32,672 - INFO - 2赢了
2025-11-29 16:13:32,672 - INFO - 第518局
2025-11-29 16:13:33,833 - INFO - 2赢了
2025-11-29 16:13:33,833 - INFO - 第519局
2025-11-29 16:13:35,617 - INFO - 1赢了
2025-11-29 16:13:35,617 - INFO - 第520局
2025-11-29 16:13:37,918 - INFO - 2赢了
2025-11-29 16:13:37,939 - INFO - Epoch: 0, Loss: 1.9489, Policy: 1.9372, Value: 0.0291
2025-11-29 16:13:38,524 - INFO - Epoch: 100, Loss: 1.8787, Policy: 1.8709, Value: 0.0195
2025-11-29 16:13:40,071 - INFO - Epoch: 200, Loss: 1.7758, Policy: 1.7669, Value: 0.0223
2025-11-29 16:13:40,597 - INFO - Epoch: 300, Loss: 1.7229, Policy: 1.7145, Value: 0.0212
2025-11-29 16:13:41,104 - INFO - Epoch: 400, Loss: 1.8382, Policy: 1.8271, Value: 0.0279
2025-11-29 16:13:41,611 - INFO - Epoch: 500, Loss: 1.9418, Policy: 1.9306, Value: 0.0280
2025-11-29 16:13:42,140 - INFO - Epoch: 600, Loss: 1.7423, Policy: 1.7341, Value: 0.0203
2025-11-29 16:13:42,654 - INFO - Epoch: 700, Loss: 1.8740, Policy: 1.8643, Value: 0.0243
2025-11-29 16:13:43,151 - INFO - Epoch: 800, Loss: 1.9350, Policy: 1.9124, Value: 0.0564
2025-11-29 16:13:43,666 - INFO - Epoch: 900, Loss: 1.6545, Policy: 1.6451, Value: 0.0235
2025-11-29 16:13:44,164 - INFO - Epoch: 1000, Loss: 1.9291, Policy: 1.9190, Value: 0.0251
2025-11-29 16:13:44,168 - INFO - 训练结束，最新模型已保存到 model.pth
2025-11-29 16:13:44,168 - INFO - 第521局
2025-11-29 16:13:48,034 - INFO - 1赢了
2025-11-29 16:13:48,035 - INFO - 第522局
2025-11-29 16:13:49,259 - INFO - 1赢了
2025-11-29 16:13:49,259 - INFO - 第523局
2025-11-29 16:13:50,959 - INFO - 1赢了
2025-11-29 16:13:50,960 - INFO - 第524局
2025-11-29 16:13:54,123 - INFO - 1赢了
2025-11-29 16:13:54,123 - INFO - 第525局
2025-11-29 16:13:56,830 - INFO - 2赢了
2025-11-29 16:13:56,830 - INFO - 第526局
2025-11-29 16:13:58,809 - INFO - 1赢了
2025-11-29 16:13:58,810 - INFO - 第527局
2025-11-29 16:14:06,724 - INFO - 2赢了
2025-11-29 16:14:06,724 - INFO - 第528局
2025-11-29 16:14:08,399 - INFO - 2赢了
2025-11-29 16:14:08,399 - INFO - 第529局
2025-11-29 16:14:09,555 - INFO - 2赢了
2025-11-29 16:14:09,555 - INFO - 第530局
2025-11-29 16:14:11,499 - INFO - 2赢了
2025-11-29 16:14:11,511 - INFO - Epoch: 0, Loss: 1.8391, Policy: 1.8308, Value: 0.0206
2025-11-29 16:14:13,075 - INFO - Epoch: 100, Loss: 1.9103, Policy: 1.9012, Value: 0.0230
2025-11-29 16:14:13,580 - INFO - Epoch: 200, Loss: 1.9481, Policy: 1.9373, Value: 0.0271
2025-11-29 16:14:14,102 - INFO - Epoch: 300, Loss: 1.7969, Policy: 1.7852, Value: 0.0291
2025-11-29 16:14:14,611 - INFO - Epoch: 400, Loss: 1.9120, Policy: 1.9024, Value: 0.0240
2025-11-29 16:14:15,167 - INFO - Epoch: 500, Loss: 1.8528, Policy: 1.8429, Value: 0.0249
2025-11-29 16:14:15,717 - INFO - Epoch: 600, Loss: 1.7990, Policy: 1.7922, Value: 0.0170
2025-11-29 16:14:16,210 - INFO - Epoch: 700, Loss: 1.8422, Policy: 1.8316, Value: 0.0264
2025-11-29 16:14:16,715 - INFO - Epoch: 800, Loss: 1.8008, Policy: 1.7889, Value: 0.0298
2025-11-29 16:14:17,217 - INFO - Epoch: 900, Loss: 1.8542, Policy: 1.8433, Value: 0.0271
2025-11-29 16:14:17,702 - INFO - Epoch: 1000, Loss: 1.9222, Policy: 1.9132, Value: 0.0225
2025-11-29 16:14:17,705 - INFO - 训练结束，最新模型已保存到 model.pth
2025-11-29 16:14:17,706 - INFO - 第531局
2025-11-29 16:14:19,667 - INFO - 2赢了
2025-11-29 16:14:19,667 - INFO - 第532局
2025-11-29 16:14:20,450 - INFO - 2赢了
2025-11-29 16:14:20,450 - INFO - 第533局
2025-11-29 16:14:25,190 - INFO - 2赢了
2025-11-29 16:14:25,191 - INFO - 第534局
2025-11-29 16:14:27,357 - INFO - 1赢了
2025-11-29 16:14:27,357 - INFO - 第535局
2025-11-29 16:14:28,297 - INFO - 2赢了
2025-11-29 16:14:28,297 - INFO - 第536局
2025-11-29 16:14:29,596 - INFO - 2赢了
2025-11-29 16:14:29,596 - INFO - 第537局
2025-11-29 16:14:31,060 - INFO - 2赢了
2025-11-29 16:14:31,060 - INFO - 第538局
2025-11-29 16:14:32,902 - INFO - 2赢了
2025-11-29 16:14:32,902 - INFO - 第539局
2025-11-29 16:14:34,549 - INFO - 2赢了
2025-11-29 16:14:34,549 - INFO - 第540局
2025-11-29 16:14:36,432 - INFO - 2赢了
2025-11-29 16:14:36,450 - INFO - Epoch: 0, Loss: 1.9858, Policy: 1.9774, Value: 0.0211
2025-11-29 16:14:37,023 - INFO - Epoch: 100, Loss: 1.8043, Policy: 1.7927, Value: 0.0289
2025-11-29 16:14:37,529 - INFO - Epoch: 200, Loss: 1.9345, Policy: 1.9243, Value: 0.0256
2025-11-29 16:14:38,024 - INFO - Epoch: 300, Loss: 1.9552, Policy: 1.9445, Value: 0.0268
2025-11-29 16:14:38,524 - INFO - Epoch: 400, Loss: 1.7338, Policy: 1.7249, Value: 0.0223
2025-11-29 16:14:39,026 - INFO - Epoch: 500, Loss: 1.9257, Policy: 1.9162, Value: 0.0237
2025-11-29 16:14:39,524 - INFO - Epoch: 600, Loss: 1.8087, Policy: 1.7986, Value: 0.0253
2025-11-29 16:14:40,047 - INFO - Epoch: 700, Loss: 1.9461, Policy: 1.9369, Value: 0.0230
2025-11-29 16:14:40,549 - INFO - Epoch: 800, Loss: 1.9050, Policy: 1.8832, Value: 0.0543
2025-11-29 16:14:41,048 - INFO - Epoch: 900, Loss: 1.7697, Policy: 1.7599, Value: 0.0247
2025-11-29 16:14:41,543 - INFO - Epoch: 1000, Loss: 1.8710, Policy: 1.8607, Value: 0.0257
2025-11-29 16:14:41,546 - INFO - 训练结束，最新模型已保存到 model.pth
2025-11-29 16:14:41,547 - INFO - 第541局
2025-11-29 16:14:42,889 - INFO - 1赢了
2025-11-29 16:14:42,889 - INFO - 第542局
2025-11-29 16:14:44,193 - INFO - 2赢了
2025-11-29 16:14:44,193 - INFO - 第543局
2025-11-29 16:14:47,526 - INFO - 1赢了
2025-11-29 16:14:47,527 - INFO - 第544局
2025-11-29 16:14:49,239 - INFO - 2赢了
2025-11-29 16:14:49,239 - INFO - 第545局
2025-11-29 16:14:50,662 - INFO - 1赢了
2025-11-29 16:14:50,662 - INFO - 第546局
2025-11-29 16:14:52,195 - INFO - 2赢了
2025-11-29 16:14:52,195 - INFO - 第547局
2025-11-29 16:14:53,814 - INFO - 2赢了
2025-11-29 16:14:53,814 - INFO - 第548局
2025-11-29 16:14:55,857 - INFO - 2赢了
2025-11-29 16:14:55,858 - INFO - 第549局
2025-11-29 16:14:58,435 - INFO - 2赢了
2025-11-29 16:14:58,435 - INFO - 第550局
2025-11-29 16:15:01,332 - INFO - 1赢了
2025-11-29 16:15:01,345 - INFO - Epoch: 0, Loss: 2.0518, Policy: 2.0380, Value: 0.0344
2025-11-29 16:15:01,929 - INFO - Epoch: 100, Loss: 1.7902, Policy: 1.7833, Value: 0.0174
2025-11-29 16:15:02,427 - INFO - Epoch: 200, Loss: 1.9203, Policy: 1.9092, Value: 0.0277
2025-11-29 16:15:02,917 - INFO - Epoch: 300, Loss: 2.0190, Policy: 2.0090, Value: 0.0251
2025-11-29 16:15:03,398 - INFO - Epoch: 400, Loss: 1.8306, Policy: 1.8168, Value: 0.0345
2025-11-29 16:15:03,905 - INFO - Epoch: 500, Loss: 1.7731, Policy: 1.7646, Value: 0.0213
2025-11-29 16:15:04,403 - INFO - Epoch: 600, Loss: 1.7774, Policy: 1.7649, Value: 0.0313
2025-11-29 16:15:04,905 - INFO - Epoch: 700, Loss: 1.9555, Policy: 1.9469, Value: 0.0217
2025-11-29 16:15:05,435 - INFO - Epoch: 800, Loss: 1.7485, Policy: 1.7368, Value: 0.0293
2025-11-29 16:15:05,949 - INFO - Epoch: 900, Loss: 1.8761, Policy: 1.8653, Value: 0.0269
2025-11-29 16:15:06,449 - INFO - Epoch: 1000, Loss: 1.8556, Policy: 1.8487, Value: 0.0171
2025-11-29 16:15:06,452 - INFO - 训练结束，最新模型已保存到 model.pth
2025-11-29 16:15:06,453 - INFO - 第551局
2025-11-29 16:15:08,216 - INFO - 2赢了
2025-11-29 16:15:08,216 - INFO - 第552局
2025-11-29 16:15:09,235 - INFO - 2赢了
2025-11-29 16:15:09,235 - INFO - 第553局
2025-11-29 16:15:10,900 - INFO - 2赢了
2025-11-29 16:15:10,900 - INFO - 第554局
2025-11-29 16:15:12,598 - INFO - 2赢了
2025-11-29 16:15:12,598 - INFO - 第555局
2025-11-29 16:15:14,161 - INFO - 2赢了
2025-11-29 16:15:14,161 - INFO - 第556局
2025-11-29 16:15:15,910 - INFO - 2赢了
2025-11-29 16:15:15,910 - INFO - 第557局
2025-11-29 16:15:16,778 - INFO - 2赢了
2025-11-29 16:15:16,778 - INFO - 第558局
2025-11-29 16:15:19,924 - INFO - 2赢了
2025-11-29 16:15:19,924 - INFO - 第559局
2025-11-29 16:15:21,861 - INFO - 1赢了
2025-11-29 16:15:21,862 - INFO - 第560局
2025-11-29 16:15:23,027 - INFO - 2赢了
2025-11-29 16:15:23,047 - INFO - Epoch: 0, Loss: 1.8879, Policy: 1.8794, Value: 0.0213
2025-11-29 16:15:23,636 - INFO - Epoch: 100, Loss: 1.6657, Policy: 1.6549, Value: 0.0268
2025-11-29 16:15:24,141 - INFO - Epoch: 200, Loss: 1.8315, Policy: 1.8213, Value: 0.0256
2025-11-29 16:15:24,652 - INFO - Epoch: 300, Loss: 1.7798, Policy: 1.7717, Value: 0.0203
2025-11-29 16:15:25,167 - INFO - Epoch: 400, Loss: 1.9603, Policy: 1.9517, Value: 0.0214
2025-11-29 16:15:25,687 - INFO - Epoch: 500, Loss: 1.9496, Policy: 1.9380, Value: 0.0290
2025-11-29 16:15:26,213 - INFO - Epoch: 600, Loss: 1.9010, Policy: 1.8874, Value: 0.0339
2025-11-29 16:15:26,728 - INFO - Epoch: 700, Loss: 1.8287, Policy: 1.8150, Value: 0.0341
2025-11-29 16:15:27,252 - INFO - Epoch: 800, Loss: 1.9870, Policy: 1.9794, Value: 0.0191
2025-11-29 16:15:27,786 - INFO - Epoch: 900, Loss: 1.9612, Policy: 1.9531, Value: 0.0203
2025-11-29 16:15:28,320 - INFO - Epoch: 1000, Loss: 1.8710, Policy: 1.8607, Value: 0.0257
2025-11-29 16:15:28,324 - INFO - 训练结束，最新模型已保存到 model.pth
2025-11-29 16:15:28,325 - INFO - 第561局
2025-11-29 16:15:30,261 - INFO - 2赢了
2025-11-29 16:15:30,262 - INFO - 第562局
2025-11-29 16:15:32,300 - INFO - 1赢了
2025-11-29 16:15:32,300 - INFO - 第563局
2025-11-29 16:15:39,484 - INFO - 2赢了
2025-11-29 16:15:39,484 - INFO - 第564局
2025-11-29 16:15:42,338 - INFO - 2赢了
2025-11-29 16:15:42,338 - INFO - 第565局
2025-11-29 16:15:44,668 - INFO - 2赢了
2025-11-29 16:15:44,668 - INFO - 第566局
2025-11-29 16:15:45,960 - INFO - 1赢了
2025-11-29 16:15:45,960 - INFO - 第567局
2025-11-29 16:15:47,757 - INFO - 1赢了
2025-11-29 16:15:47,757 - INFO - 第568局
2025-11-29 16:15:48,626 - INFO - 2赢了
2025-11-29 16:15:48,626 - INFO - 第569局
2025-11-29 16:15:50,862 - INFO - 2赢了
2025-11-29 16:15:50,862 - INFO - 第570局
2025-11-29 16:15:52,674 - INFO - 2赢了
2025-11-29 16:15:52,692 - INFO - Epoch: 0, Loss: 1.8730, Policy: 1.8615, Value: 0.0288
2025-11-29 16:15:53,283 - INFO - Epoch: 100, Loss: 1.8202, Policy: 1.8090, Value: 0.0280
2025-11-29 16:15:53,780 - INFO - Epoch: 200, Loss: 1.8962, Policy: 1.8811, Value: 0.0377
2025-11-29 16:15:54,278 - INFO - Epoch: 300, Loss: 1.8986, Policy: 1.8913, Value: 0.0182
2025-11-29 16:15:54,789 - INFO - Epoch: 400, Loss: 1.8491, Policy: 1.8414, Value: 0.0192
2025-11-29 16:15:55,276 - INFO - Epoch: 500, Loss: 1.8238, Policy: 1.8121, Value: 0.0292
2025-11-29 16:15:55,762 - INFO - Epoch: 600, Loss: 1.7997, Policy: 1.7906, Value: 0.0229
2025-11-29 16:15:56,277 - INFO - Epoch: 700, Loss: 1.9198, Policy: 1.9070, Value: 0.0321
2025-11-29 16:15:56,788 - INFO - Epoch: 800, Loss: 1.8260, Policy: 1.8159, Value: 0.0253
2025-11-29 16:15:57,328 - INFO - Epoch: 900, Loss: 1.8670, Policy: 1.8594, Value: 0.0190
2025-11-29 16:15:57,856 - INFO - Epoch: 1000, Loss: 1.8291, Policy: 1.8186, Value: 0.0264
2025-11-29 16:15:57,861 - INFO - 训练结束，最新模型已保存到 model.pth
2025-11-29 16:15:57,861 - INFO - 第571局
2025-11-29 16:15:59,122 - INFO - 1赢了
2025-11-29 16:15:59,122 - INFO - 第572局
2025-11-29 16:16:01,065 - INFO - 2赢了
2025-11-29 16:16:01,065 - INFO - 第573局
2025-11-29 16:16:02,953 - INFO - 2赢了
2025-11-29 16:16:02,953 - INFO - 第574局
2025-11-29 16:16:05,546 - INFO - 2赢了
2025-11-29 16:16:05,547 - INFO - 第575局
2025-11-29 16:16:06,767 - INFO - 1赢了
2025-11-29 16:16:06,767 - INFO - 第576局
2025-11-29 16:16:10,138 - INFO - 2赢了
2025-11-29 16:16:10,138 - INFO - 第577局
2025-11-29 16:16:12,413 - INFO - 2赢了
2025-11-29 16:16:12,413 - INFO - 第578局
2025-11-29 16:16:14,028 - INFO - 2赢了
2025-11-29 16:16:14,028 - INFO - 第579局
2025-11-29 16:16:16,070 - INFO - 2赢了
2025-11-29 16:16:16,070 - INFO - 第580局
2025-11-29 16:16:17,534 - INFO - 2赢了
2025-11-29 16:16:17,548 - INFO - Epoch: 0, Loss: 1.7756, Policy: 1.7660, Value: 0.0241
2025-11-29 16:16:18,168 - INFO - Epoch: 100, Loss: 1.9476, Policy: 1.9305, Value: 0.0427
2025-11-29 16:16:18,737 - INFO - Epoch: 200, Loss: 1.9722, Policy: 1.9619, Value: 0.0257
2025-11-29 16:16:19,313 - INFO - Epoch: 300, Loss: 1.8449, Policy: 1.8325, Value: 0.0311
2025-11-29 16:16:19,880 - INFO - Epoch: 400, Loss: 1.7713, Policy: 1.7613, Value: 0.0250
2025-11-29 16:16:20,451 - INFO - Epoch: 500, Loss: 1.9504, Policy: 1.9378, Value: 0.0313
2025-11-29 16:16:21,029 - INFO - Epoch: 600, Loss: 1.7292, Policy: 1.7197, Value: 0.0236
2025-11-29 16:16:21,621 - INFO - Epoch: 700, Loss: 1.8404, Policy: 1.8218, Value: 0.0464
2025-11-29 16:16:22,199 - INFO - Epoch: 800, Loss: 1.8645, Policy: 1.8530, Value: 0.0287
2025-11-29 16:16:22,791 - INFO - Epoch: 900, Loss: 1.9440, Policy: 1.9297, Value: 0.0357
2025-11-29 16:16:23,351 - INFO - Epoch: 1000, Loss: 1.8197, Policy: 1.8137, Value: 0.0150
2025-11-29 16:16:23,356 - INFO - 训练结束，最新模型已保存到 model.pth
2025-11-29 16:16:23,357 - INFO - 第581局
2025-11-29 16:16:24,793 - INFO - 2赢了
2025-11-29 16:16:24,793 - INFO - 第582局
2025-11-29 16:16:25,985 - INFO - 1赢了
2025-11-29 16:16:25,985 - INFO - 第583局
2025-11-29 16:16:27,603 - INFO - 1赢了
2025-11-29 16:16:27,603 - INFO - 第584局
2025-11-29 16:16:30,136 - INFO - 2赢了
2025-11-29 16:16:30,136 - INFO - 第585局
2025-11-29 16:16:31,864 - INFO - 2赢了
2025-11-29 16:16:31,864 - INFO - 第586局
2025-11-29 16:16:33,696 - INFO - 2赢了
2025-11-29 16:16:33,696 - INFO - 第587局
2025-11-29 16:16:34,656 - INFO - 2赢了
2025-11-29 16:16:34,656 - INFO - 第588局
2025-11-29 16:16:36,154 - INFO - 2赢了
2025-11-29 16:16:36,154 - INFO - 第589局
2025-11-29 16:16:37,896 - INFO - 2赢了
2025-11-29 16:16:37,896 - INFO - 第590局
2025-11-29 16:16:39,417 - INFO - 2赢了
2025-11-29 16:16:39,436 - INFO - Epoch: 0, Loss: 1.9636, Policy: 1.9514, Value: 0.0303
2025-11-29 16:16:40,013 - INFO - Epoch: 100, Loss: 1.7105, Policy: 1.7020, Value: 0.0214
2025-11-29 16:16:40,509 - INFO - Epoch: 200, Loss: 1.8615, Policy: 1.8508, Value: 0.0267
2025-11-29 16:16:41,025 - INFO - Epoch: 300, Loss: 1.8539, Policy: 1.8443, Value: 0.0240
2025-11-29 16:16:41,552 - INFO - Epoch: 400, Loss: 1.7768, Policy: 1.7695, Value: 0.0182
2025-11-29 16:16:42,059 - INFO - Epoch: 500, Loss: 1.8786, Policy: 1.8735, Value: 0.0127
2025-11-29 16:16:42,573 - INFO - Epoch: 600, Loss: 2.0006, Policy: 1.9920, Value: 0.0215
2025-11-29 16:16:43,077 - INFO - Epoch: 700, Loss: 1.7512, Policy: 1.7405, Value: 0.0268
2025-11-29 16:16:43,568 - INFO - Epoch: 800, Loss: 1.8172, Policy: 1.8073, Value: 0.0247
2025-11-29 16:16:44,071 - INFO - Epoch: 900, Loss: 1.7667, Policy: 1.7534, Value: 0.0334
2025-11-29 16:16:44,564 - INFO - Epoch: 1000, Loss: 1.7855, Policy: 1.7776, Value: 0.0197
2025-11-29 16:16:44,567 - INFO - 训练结束，最新模型已保存到 model.pth
2025-11-29 16:16:44,568 - INFO - 第591局
2025-11-29 16:16:47,986 - INFO - 2赢了
2025-11-29 16:16:47,986 - INFO - 第592局
2025-11-29 16:16:48,808 - INFO - 2赢了
2025-11-29 16:16:48,808 - INFO - 第593局
2025-11-29 16:16:51,196 - INFO - 2赢了
2025-11-29 16:16:51,196 - INFO - 第594局
2025-11-29 16:16:52,068 - INFO - 2赢了
2025-11-29 16:16:52,068 - INFO - 第595局
2025-11-29 16:16:55,038 - INFO - 2赢了
2025-11-29 16:16:55,038 - INFO - 第596局
2025-11-29 16:16:56,631 - INFO - 1赢了
2025-11-29 16:16:56,631 - INFO - 第597局
2025-11-29 16:16:57,753 - INFO - 1赢了
2025-11-29 16:16:57,754 - INFO - 第598局
2025-11-29 16:17:00,054 - INFO - 1赢了
2025-11-29 16:17:00,054 - INFO - 第599局
2025-11-29 16:17:01,804 - INFO - 2赢了
2025-11-29 16:17:01,804 - INFO - 第600局
2025-11-29 16:17:03,131 - INFO - 1赢了
2025-11-29 16:17:03,144 - INFO - Epoch: 0, Loss: 1.7540, Policy: 1.7425, Value: 0.0289
2025-11-29 16:17:03,785 - INFO - Epoch: 100, Loss: 1.8462, Policy: 1.8339, Value: 0.0309
2025-11-29 16:17:04,348 - INFO - Epoch: 200, Loss: 1.8343, Policy: 1.8223, Value: 0.0300
2025-11-29 16:17:04,862 - INFO - Epoch: 300, Loss: 2.0035, Policy: 1.9922, Value: 0.0284
2025-11-29 16:17:05,394 - INFO - Epoch: 400, Loss: 1.7449, Policy: 1.7357, Value: 0.0231
2025-11-29 16:17:05,988 - INFO - Epoch: 500, Loss: 2.0036, Policy: 1.9860, Value: 0.0440
2025-11-29 16:17:06,577 - INFO - Epoch: 600, Loss: 1.8790, Policy: 1.8695, Value: 0.0238
2025-11-29 16:17:07,158 - INFO - Epoch: 700, Loss: 1.7632, Policy: 1.7563, Value: 0.0172
2025-11-29 16:17:07,696 - INFO - Epoch: 800, Loss: 1.8676, Policy: 1.8568, Value: 0.0269
2025-11-29 16:17:08,259 - INFO - Epoch: 900, Loss: 1.8908, Policy: 1.8784, Value: 0.0310
2025-11-29 16:17:08,817 - INFO - Epoch: 1000, Loss: 1.8602, Policy: 1.8519, Value: 0.0207
2025-11-29 16:17:08,820 - INFO - 训练结束，最新模型已保存到 model.pth
2025-11-29 16:17:08,822 - INFO - 保存模型快照: /home/ktfine/IAteamwork/AlphaZero_Five/models/model_game_600.pth
2025-11-29 16:17:08,822 - INFO - 缓存区数据量: 5600
2025-11-29 16:17:09,329 - INFO - 第601局
2025-11-29 16:17:10,556 - INFO - 1赢了
2025-11-29 16:17:10,556 - INFO - 第602局
2025-11-29 16:17:12,275 - INFO - 2赢了
2025-11-29 16:17:12,275 - INFO - 第603局
2025-11-29 16:17:13,740 - INFO - 1赢了
2025-11-29 16:17:13,741 - INFO - 第604局
2025-11-29 16:17:17,374 - INFO - 2赢了
2025-11-29 16:17:17,374 - INFO - 第605局
2025-11-29 16:17:21,999 - INFO - 1赢了
2025-11-29 16:17:21,999 - INFO - 第606局
2025-11-29 16:17:24,590 - INFO - 2赢了
2025-11-29 16:17:24,590 - INFO - 第607局
2025-11-29 16:17:25,733 - INFO - 2赢了
2025-11-29 16:17:25,733 - INFO - 第608局
2025-11-29 16:17:29,588 - INFO - 2赢了
2025-11-29 16:17:29,588 - INFO - 第609局
2025-11-29 16:17:31,170 - INFO - 2赢了
2025-11-29 16:17:31,171 - INFO - 第610局
2025-11-29 16:17:32,439 - INFO - 2赢了
2025-11-29 16:17:32,457 - INFO - Epoch: 0, Loss: 1.8910, Policy: 1.8815, Value: 0.0238
2025-11-29 16:17:33,083 - INFO - Epoch: 100, Loss: 1.8852, Policy: 1.8744, Value: 0.0268
2025-11-29 16:17:33,610 - INFO - Epoch: 200, Loss: 1.9295, Policy: 1.9172, Value: 0.0308
2025-11-29 16:17:34,117 - INFO - Epoch: 300, Loss: 1.7737, Policy: 1.7646, Value: 0.0227
2025-11-29 16:17:34,631 - INFO - Epoch: 400, Loss: 1.8670, Policy: 1.8558, Value: 0.0279
2025-11-29 16:17:35,145 - INFO - Epoch: 500, Loss: 1.8225, Policy: 1.8000, Value: 0.0564
2025-11-29 16:17:35,655 - INFO - Epoch: 600, Loss: 1.9694, Policy: 1.9601, Value: 0.0232
2025-11-29 16:17:36,141 - INFO - Epoch: 700, Loss: 1.7766, Policy: 1.7644, Value: 0.0303
2025-11-29 16:17:36,600 - INFO - Epoch: 800, Loss: 1.8714, Policy: 1.8624, Value: 0.0224
2025-11-29 16:17:37,071 - INFO - Epoch: 900, Loss: 1.9415, Policy: 1.9291, Value: 0.0312
2025-11-29 16:17:37,555 - INFO - Epoch: 1000, Loss: 1.8754, Policy: 1.8601, Value: 0.0380
2025-11-29 16:17:37,558 - INFO - 训练结束，最新模型已保存到 model.pth
2025-11-29 16:17:37,559 - INFO - 第611局
2025-11-29 16:17:40,365 - INFO - 2赢了
2025-11-29 16:17:40,366 - INFO - 第612局
2025-11-29 16:17:42,022 - INFO - 2赢了
2025-11-29 16:17:42,022 - INFO - 第613局
2025-11-29 16:17:43,486 - INFO - 1赢了
2025-11-29 16:17:43,486 - INFO - 第614局
2025-11-29 16:17:45,282 - INFO - 2赢了
2025-11-29 16:17:45,282 - INFO - 第615局
2025-11-29 16:17:48,107 - INFO - 2赢了
2025-11-29 16:17:48,107 - INFO - 第616局
2025-11-29 16:17:49,297 - INFO - 1赢了
2025-11-29 16:17:49,297 - INFO - 第617局
2025-11-29 16:17:50,657 - INFO - 1赢了
2025-11-29 16:17:50,657 - INFO - 第618局
2025-11-29 16:17:52,389 - INFO - 2赢了
2025-11-29 16:17:52,389 - INFO - 第619局
2025-11-29 16:17:54,834 - INFO - 2赢了
2025-11-29 16:17:54,834 - INFO - 第620局
2025-11-29 16:17:56,051 - INFO - 2赢了
2025-11-29 16:17:56,070 - INFO - Epoch: 0, Loss: 1.8650, Policy: 1.8509, Value: 0.0353
2025-11-29 16:17:56,686 - INFO - Epoch: 100, Loss: 2.0464, Policy: 2.0377, Value: 0.0218
2025-11-29 16:17:57,213 - INFO - Epoch: 200, Loss: 1.8219, Policy: 1.7959, Value: 0.0649
2025-11-29 16:17:57,734 - INFO - Epoch: 300, Loss: 1.7959, Policy: 1.7900, Value: 0.0148
2025-11-29 16:17:58,244 - INFO - Epoch: 400, Loss: 1.8218, Policy: 1.8153, Value: 0.0162
2025-11-29 16:17:58,753 - INFO - Epoch: 500, Loss: 1.8985, Policy: 1.8878, Value: 0.0268
2025-11-29 16:17:59,262 - INFO - Epoch: 600, Loss: 1.9569, Policy: 1.9479, Value: 0.0226
2025-11-29 16:17:59,772 - INFO - Epoch: 700, Loss: 1.9693, Policy: 1.9543, Value: 0.0375
2025-11-29 16:18:01,327 - INFO - Epoch: 800, Loss: 1.7623, Policy: 1.7524, Value: 0.0248
2025-11-29 16:18:01,827 - INFO - Epoch: 900, Loss: 1.7702, Policy: 1.7627, Value: 0.0186
2025-11-29 16:18:02,332 - INFO - Epoch: 1000, Loss: 1.7673, Policy: 1.7592, Value: 0.0203
2025-11-29 16:18:02,336 - INFO - 训练结束，最新模型已保存到 model.pth
2025-11-29 16:18:02,337 - INFO - 第621局
2025-11-29 16:18:03,542 - INFO - 1赢了
2025-11-29 16:18:03,542 - INFO - 第622局
2025-11-29 16:18:04,820 - INFO - 1赢了
2025-11-29 16:18:04,821 - INFO - 第623局
2025-11-29 16:18:07,395 - INFO - 2赢了
2025-11-29 16:18:07,396 - INFO - 第624局
2025-11-29 16:18:08,835 - INFO - 1赢了
2025-11-29 16:18:08,836 - INFO - 第625局
2025-11-29 16:18:10,948 - INFO - 2赢了
2025-11-29 16:18:10,948 - INFO - 第626局
2025-11-29 16:18:11,771 - INFO - 1赢了
2025-11-29 16:18:11,771 - INFO - 第627局
2025-11-29 16:18:14,602 - INFO - 1赢了
2025-11-29 16:18:14,602 - INFO - 第628局
2025-11-29 16:18:17,818 - INFO - 2赢了
2025-11-29 16:18:17,818 - INFO - 第629局
2025-11-29 16:18:20,061 - INFO - 2赢了
2025-11-29 16:18:20,061 - INFO - 第630局
2025-11-29 16:18:22,374 - INFO - 2赢了
2025-11-29 16:18:22,392 - INFO - Epoch: 0, Loss: 1.8739, Policy: 1.8577, Value: 0.0404
2025-11-29 16:18:22,985 - INFO - Epoch: 100, Loss: 1.7649, Policy: 1.7533, Value: 0.0290
2025-11-29 16:18:23,504 - INFO - Epoch: 200, Loss: 1.7990, Policy: 1.7896, Value: 0.0236
2025-11-29 16:18:24,055 - INFO - Epoch: 300, Loss: 1.8606, Policy: 1.8508, Value: 0.0244
2025-11-29 16:18:24,584 - INFO - Epoch: 400, Loss: 1.8500, Policy: 1.8414, Value: 0.0215
2025-11-29 16:18:25,128 - INFO - Epoch: 500, Loss: 1.9887, Policy: 1.9756, Value: 0.0329
2025-11-29 16:18:25,625 - INFO - Epoch: 600, Loss: 1.7332, Policy: 1.7231, Value: 0.0254
2025-11-29 16:18:26,135 - INFO - Epoch: 700, Loss: 1.7996, Policy: 1.7903, Value: 0.0232
2025-11-29 16:18:26,634 - INFO - Epoch: 800, Loss: 1.8803, Policy: 1.8671, Value: 0.0330
2025-11-29 16:18:27,127 - INFO - Epoch: 900, Loss: 1.9411, Policy: 1.9224, Value: 0.0467
2025-11-29 16:18:27,624 - INFO - Epoch: 1000, Loss: 1.7956, Policy: 1.7841, Value: 0.0287
2025-11-29 16:18:27,628 - INFO - 训练结束，最新模型已保存到 model.pth
2025-11-29 16:18:27,628 - INFO - 第631局
2025-11-29 16:18:30,739 - INFO - 2赢了
2025-11-29 16:18:30,739 - INFO - 第632局
2025-11-29 16:18:31,536 - INFO - 2赢了
2025-11-29 16:18:31,536 - INFO - 第633局
2025-11-29 16:18:33,109 - INFO - 1赢了
2025-11-29 16:18:33,109 - INFO - 第634局
2025-11-29 16:18:34,554 - INFO - 2赢了
2025-11-29 16:18:34,554 - INFO - 第635局
2025-11-29 16:18:37,617 - INFO - 1赢了
2025-11-29 16:18:37,617 - INFO - 第636局
2025-11-29 16:18:39,137 - INFO - 2赢了
2025-11-29 16:18:39,137 - INFO - 第637局
2025-11-29 16:18:40,797 - INFO - 2赢了
2025-11-29 16:18:40,798 - INFO - 第638局
2025-11-29 16:18:42,887 - INFO - 1赢了
2025-11-29 16:18:42,887 - INFO - 第639局
2025-11-29 16:18:44,121 - INFO - 1赢了
2025-11-29 16:18:44,121 - INFO - 第640局
2025-11-29 16:18:46,106 - INFO - 2赢了
2025-11-29 16:18:46,127 - INFO - Epoch: 0, Loss: 1.7592, Policy: 1.7454, Value: 0.0347
2025-11-29 16:18:46,779 - INFO - Epoch: 100, Loss: 1.9190, Policy: 1.9125, Value: 0.0163
2025-11-29 16:18:47,364 - INFO - Epoch: 200, Loss: 1.7833, Policy: 1.7750, Value: 0.0206
2025-11-29 16:18:47,983 - INFO - Epoch: 300, Loss: 1.9388, Policy: 1.9288, Value: 0.0249
2025-11-29 16:18:48,579 - INFO - Epoch: 400, Loss: 1.8616, Policy: 1.8486, Value: 0.0325
2025-11-29 16:18:49,141 - INFO - Epoch: 500, Loss: 1.9235, Policy: 1.9104, Value: 0.0327
2025-11-29 16:18:49,686 - INFO - Epoch: 600, Loss: 1.8812, Policy: 1.8644, Value: 0.0421
2025-11-29 16:18:50,225 - INFO - Epoch: 700, Loss: 1.7875, Policy: 1.7778, Value: 0.0241
2025-11-29 16:18:50,772 - INFO - Epoch: 800, Loss: 1.9426, Policy: 1.9334, Value: 0.0229
2025-11-29 16:18:51,326 - INFO - Epoch: 900, Loss: 1.7703, Policy: 1.7554, Value: 0.0373
2025-11-29 16:18:51,838 - INFO - Epoch: 1000, Loss: 1.8051, Policy: 1.7963, Value: 0.0219
2025-11-29 16:18:51,841 - INFO - 训练结束，最新模型已保存到 model.pth
2025-11-29 16:18:51,842 - INFO - 第641局
2025-11-29 16:18:53,315 - INFO - 2赢了
2025-11-29 16:18:53,315 - INFO - 第642局
2025-11-29 16:18:56,168 - INFO - 2赢了
2025-11-29 16:18:56,168 - INFO - 第643局
2025-11-29 16:18:58,196 - INFO - 2赢了
2025-11-29 16:18:58,196 - INFO - 第644局
2025-11-29 16:19:00,123 - INFO - 2赢了
2025-11-29 16:19:00,123 - INFO - 第645局
2025-11-29 16:19:02,349 - INFO - 2赢了
2025-11-29 16:19:02,349 - INFO - 第646局
2025-11-29 16:19:07,248 - INFO - 1赢了
2025-11-29 16:19:07,249 - INFO - 第647局
2025-11-29 16:19:10,159 - INFO - 2赢了
2025-11-29 16:19:10,159 - INFO - 第648局
2025-11-29 16:19:11,580 - INFO - 1赢了
2025-11-29 16:19:11,581 - INFO - 第649局
2025-11-29 16:19:12,779 - INFO - 1赢了
2025-11-29 16:19:12,780 - INFO - 第650局
2025-11-29 16:19:15,663 - INFO - 2赢了
2025-11-29 16:19:15,682 - INFO - Epoch: 0, Loss: 1.8536, Policy: 1.8412, Value: 0.0311
2025-11-29 16:19:16,240 - INFO - Epoch: 100, Loss: 1.8095, Policy: 1.7955, Value: 0.0351
2025-11-29 16:19:16,715 - INFO - Epoch: 200, Loss: 1.8446, Policy: 1.8334, Value: 0.0280
2025-11-29 16:19:17,240 - INFO - Epoch: 300, Loss: 1.6701, Policy: 1.6614, Value: 0.0215
2025-11-29 16:19:17,770 - INFO - Epoch: 400, Loss: 1.7689, Policy: 1.7612, Value: 0.0193
2025-11-29 16:19:18,301 - INFO - Epoch: 500, Loss: 1.7793, Policy: 1.7685, Value: 0.0271
2025-11-29 16:19:18,810 - INFO - Epoch: 600, Loss: 1.8972, Policy: 1.8870, Value: 0.0254
2025-11-29 16:19:19,295 - INFO - Epoch: 700, Loss: 1.9305, Policy: 1.9228, Value: 0.0191
2025-11-29 16:19:19,783 - INFO - Epoch: 800, Loss: 1.9398, Policy: 1.9290, Value: 0.0269
2025-11-29 16:19:20,283 - INFO - Epoch: 900, Loss: 1.8700, Policy: 1.8602, Value: 0.0246
2025-11-29 16:19:20,760 - INFO - Epoch: 1000, Loss: 1.9036, Policy: 1.8963, Value: 0.0183
2025-11-29 16:19:20,763 - INFO - 训练结束，最新模型已保存到 model.pth
2025-11-29 16:19:20,764 - INFO - 第651局
2025-11-29 16:19:22,522 - INFO - 2赢了
2025-11-29 16:19:22,522 - INFO - 第652局
2025-11-29 16:19:24,115 - INFO - 2赢了
2025-11-29 16:19:24,115 - INFO - 第653局
2025-11-29 16:19:25,544 - INFO - 1赢了
2025-11-29 16:19:25,544 - INFO - 第654局
2025-11-29 16:19:27,064 - INFO - 2赢了
2025-11-29 16:19:27,064 - INFO - 第655局
2025-11-29 16:19:28,949 - INFO - 2赢了
2025-11-29 16:19:28,949 - INFO - 第656局
2025-11-29 16:19:30,039 - INFO - 2赢了
2025-11-29 16:19:30,039 - INFO - 第657局
2025-11-29 16:19:31,307 - INFO - 1赢了
2025-11-29 16:19:31,307 - INFO - 第658局
2025-11-29 16:19:33,172 - INFO - 2赢了
2025-11-29 16:19:33,173 - INFO - 第659局
2025-11-29 16:19:35,092 - INFO - 2赢了
2025-11-29 16:19:35,092 - INFO - 第660局
2025-11-29 16:19:36,800 - INFO - 1赢了
2025-11-29 16:19:36,818 - INFO - Epoch: 0, Loss: 1.8266, Policy: 1.8195, Value: 0.0179
2025-11-29 16:19:37,424 - INFO - Epoch: 100, Loss: 1.9194, Policy: 1.9068, Value: 0.0315
2025-11-29 16:19:37,977 - INFO - Epoch: 200, Loss: 1.8166, Policy: 1.8076, Value: 0.0225
2025-11-29 16:19:38,483 - INFO - Epoch: 300, Loss: 2.0214, Policy: 2.0102, Value: 0.0280
2025-11-29 16:19:39,016 - INFO - Epoch: 400, Loss: 1.7262, Policy: 1.7162, Value: 0.0250
2025-11-29 16:19:40,439 - INFO - Epoch: 500, Loss: 1.9576, Policy: 1.9462, Value: 0.0285
2025-11-29 16:19:40,943 - INFO - Epoch: 600, Loss: 1.7228, Policy: 1.7155, Value: 0.0184
2025-11-29 16:19:41,461 - INFO - Epoch: 700, Loss: 2.0155, Policy: 2.0010, Value: 0.0363
2025-11-29 16:19:41,966 - INFO - Epoch: 800, Loss: 1.8723, Policy: 1.8585, Value: 0.0344
2025-11-29 16:19:42,465 - INFO - Epoch: 900, Loss: 1.9466, Policy: 1.9370, Value: 0.0241
2025-11-29 16:19:42,976 - INFO - Epoch: 1000, Loss: 1.7412, Policy: 1.7304, Value: 0.0269
2025-11-29 16:19:42,979 - INFO - 训练结束，最新模型已保存到 model.pth
2025-11-29 16:19:42,980 - INFO - 第661局
2025-11-29 16:19:45,905 - INFO - 2赢了
2025-11-29 16:19:45,905 - INFO - 第662局
2025-11-29 16:19:47,169 - INFO - 1赢了
2025-11-29 16:19:47,169 - INFO - 第663局
2025-11-29 16:19:49,088 - INFO - 2赢了
2025-11-29 16:19:49,089 - INFO - 第664局
2025-11-29 16:19:51,075 - INFO - 2赢了
2025-11-29 16:19:51,075 - INFO - 第665局
2025-11-29 16:19:53,097 - INFO - 2赢了
2025-11-29 16:19:53,097 - INFO - 第666局
2025-11-29 16:19:55,549 - INFO - 1赢了
2025-11-29 16:19:55,549 - INFO - 第667局
2025-11-29 16:19:56,654 - INFO - 2赢了
2025-11-29 16:19:56,654 - INFO - 第668局
2025-11-29 16:19:59,194 - INFO - 1赢了
2025-11-29 16:19:59,194 - INFO - 第669局
2025-11-29 16:20:01,782 - INFO - 2赢了
2025-11-29 16:20:01,782 - INFO - 第670局
2025-11-29 16:20:03,414 - INFO - 2赢了
2025-11-29 16:20:03,433 - INFO - Epoch: 0, Loss: 1.7903, Policy: 1.7784, Value: 0.0297
2025-11-29 16:20:04,051 - INFO - Epoch: 100, Loss: 1.8828, Policy: 1.8706, Value: 0.0306
2025-11-29 16:20:04,553 - INFO - Epoch: 200, Loss: 1.8564, Policy: 1.8442, Value: 0.0306
2025-11-29 16:20:05,050 - INFO - Epoch: 300, Loss: 1.9115, Policy: 1.9035, Value: 0.0201
2025-11-29 16:20:05,547 - INFO - Epoch: 400, Loss: 1.9400, Policy: 1.9261, Value: 0.0348
2025-11-29 16:20:06,058 - INFO - Epoch: 500, Loss: 1.7677, Policy: 1.7556, Value: 0.0302
2025-11-29 16:20:06,569 - INFO - Epoch: 600, Loss: 1.7488, Policy: 1.7387, Value: 0.0253
2025-11-29 16:20:07,117 - INFO - Epoch: 700, Loss: 1.9741, Policy: 1.9613, Value: 0.0321
2025-11-29 16:20:07,642 - INFO - Epoch: 800, Loss: 1.8048, Policy: 1.7912, Value: 0.0340
2025-11-29 16:20:08,202 - INFO - Epoch: 900, Loss: 1.7659, Policy: 1.7541, Value: 0.0295
2025-11-29 16:20:08,776 - INFO - Epoch: 1000, Loss: 1.6423, Policy: 1.6321, Value: 0.0256
2025-11-29 16:20:08,781 - INFO - 训练结束，最新模型已保存到 model.pth
2025-11-29 16:20:08,782 - INFO - 第671局
2025-11-29 16:20:11,082 - INFO - 2赢了
2025-11-29 16:20:11,083 - INFO - 第672局
2025-11-29 16:20:14,659 - INFO - 2赢了
2025-11-29 16:20:14,659 - INFO - 第673局
2025-11-29 16:20:19,021 - INFO - 2赢了
2025-11-29 16:20:19,021 - INFO - 第674局
2025-11-29 16:20:21,378 - INFO - 2赢了
2025-11-29 16:20:21,378 - INFO - 第675局
2025-11-29 16:20:23,097 - INFO - 2赢了
2025-11-29 16:20:23,097 - INFO - 第676局
2025-11-29 16:20:25,096 - INFO - 2赢了
2025-11-29 16:20:25,097 - INFO - 第677局
2025-11-29 16:20:26,853 - INFO - 2赢了
2025-11-29 16:20:26,853 - INFO - 第678局
2025-11-29 16:20:28,266 - INFO - 2赢了
2025-11-29 16:20:28,266 - INFO - 第679局
2025-11-29 16:20:29,078 - INFO - 2赢了
2025-11-29 16:20:29,079 - INFO - 第680局
2025-11-29 16:20:30,811 - INFO - 2赢了
2025-11-29 16:20:30,830 - INFO - Epoch: 0, Loss: 1.8454, Policy: 1.8319, Value: 0.0337
2025-11-29 16:20:31,455 - INFO - Epoch: 100, Loss: 1.7251, Policy: 1.7172, Value: 0.0197
2025-11-29 16:20:31,983 - INFO - Epoch: 200, Loss: 1.8583, Policy: 1.8475, Value: 0.0269
2025-11-29 16:20:32,505 - INFO - Epoch: 300, Loss: 1.9225, Policy: 1.9114, Value: 0.0277
2025-11-29 16:20:33,033 - INFO - Epoch: 400, Loss: 1.8484, Policy: 1.8352, Value: 0.0328
2025-11-29 16:20:33,577 - INFO - Epoch: 500, Loss: 1.7216, Policy: 1.7111, Value: 0.0261
2025-11-29 16:20:34,091 - INFO - Epoch: 600, Loss: 1.9169, Policy: 1.9076, Value: 0.0232
2025-11-29 16:20:34,603 - INFO - Epoch: 700, Loss: 1.8345, Policy: 1.8249, Value: 0.0239
2025-11-29 16:20:35,105 - INFO - Epoch: 800, Loss: 1.8789, Policy: 1.8692, Value: 0.0243
2025-11-29 16:20:35,609 - INFO - Epoch: 900, Loss: 1.7650, Policy: 1.7548, Value: 0.0254
2025-11-29 16:20:36,114 - INFO - Epoch: 1000, Loss: 1.8897, Policy: 1.8800, Value: 0.0242
2025-11-29 16:20:36,118 - INFO - 训练结束，最新模型已保存到 model.pth
2025-11-29 16:20:36,118 - INFO - 第681局
2025-11-29 16:20:38,252 - INFO - 2赢了
2025-11-29 16:20:38,252 - INFO - 第682局
2025-11-29 16:20:45,097 - INFO - 2赢了
2025-11-29 16:20:45,097 - INFO - 第683局
2025-11-29 16:20:47,629 - INFO - 1赢了
2025-11-29 16:20:47,629 - INFO - 第684局
2025-11-29 16:20:49,026 - INFO - 2赢了
2025-11-29 16:20:49,026 - INFO - 第685局
2025-11-29 16:20:49,868 - INFO - 2赢了
2025-11-29 16:20:49,868 - INFO - 第686局
2025-11-29 16:20:51,554 - INFO - 2赢了
2025-11-29 16:20:51,555 - INFO - 第687局
2025-11-29 16:20:52,560 - INFO - 2赢了
2025-11-29 16:20:52,560 - INFO - 第688局
2025-11-29 16:20:54,239 - INFO - 2赢了
2025-11-29 16:20:54,239 - INFO - 第689局
2025-11-29 16:20:56,633 - INFO - 2赢了
2025-11-29 16:20:56,634 - INFO - 第690局
2025-11-29 16:20:57,925 - INFO - 1赢了
2025-11-29 16:20:57,939 - INFO - Epoch: 0, Loss: 1.7913, Policy: 1.7773, Value: 0.0350
2025-11-29 16:20:58,523 - INFO - Epoch: 100, Loss: 1.7163, Policy: 1.7059, Value: 0.0260
2025-11-29 16:20:59,018 - INFO - Epoch: 200, Loss: 1.7820, Policy: 1.7691, Value: 0.0323
2025-11-29 16:20:59,530 - INFO - Epoch: 300, Loss: 1.9153, Policy: 1.9022, Value: 0.0329
2025-11-29 16:21:00,034 - INFO - Epoch: 400, Loss: 1.8904, Policy: 1.8717, Value: 0.0468
2025-11-29 16:21:00,545 - INFO - Epoch: 500, Loss: 1.8207, Policy: 1.8097, Value: 0.0275
2025-11-29 16:21:01,053 - INFO - Epoch: 600, Loss: 1.9462, Policy: 1.9313, Value: 0.0372
2025-11-29 16:21:01,582 - INFO - Epoch: 700, Loss: 1.9124, Policy: 1.9022, Value: 0.0254
2025-11-29 16:21:02,113 - INFO - Epoch: 800, Loss: 1.8231, Policy: 1.8118, Value: 0.0283
2025-11-29 16:21:02,631 - INFO - Epoch: 900, Loss: 1.8076, Policy: 1.7950, Value: 0.0314
2025-11-29 16:21:03,160 - INFO - Epoch: 1000, Loss: 1.9316, Policy: 1.9266, Value: 0.0125
2025-11-29 16:21:03,164 - INFO - 训练结束，最新模型已保存到 model.pth
2025-11-29 16:21:03,165 - INFO - 第691局
2025-11-29 16:21:04,496 - INFO - 2赢了
2025-11-29 16:21:04,496 - INFO - 第692局
2025-11-29 16:21:06,092 - INFO - 2赢了
2025-11-29 16:21:06,092 - INFO - 第693局
2025-11-29 16:21:07,660 - INFO - 2赢了
2025-11-29 16:21:07,660 - INFO - 第694局
2025-11-29 16:21:11,653 - INFO - 2赢了
2025-11-29 16:21:11,653 - INFO - 第695局
2025-11-29 16:21:14,966 - INFO - 2赢了
2025-11-29 16:21:14,967 - INFO - 第696局
2025-11-29 16:21:17,058 - INFO - 1赢了
2025-11-29 16:21:17,058 - INFO - 第697局
2025-11-29 16:21:18,794 - INFO - 2赢了
2025-11-29 16:21:18,794 - INFO - 第698局
2025-11-29 16:21:23,592 - INFO - 2赢了
2025-11-29 16:21:23,593 - INFO - 第699局
2025-11-29 16:21:26,814 - INFO - 1赢了
2025-11-29 16:21:26,814 - INFO - 第700局
2025-11-29 16:21:28,471 - INFO - 2赢了
2025-11-29 16:21:28,485 - INFO - Epoch: 0, Loss: 1.8374, Policy: 1.8288, Value: 0.0213
2025-11-29 16:21:29,115 - INFO - Epoch: 100, Loss: 1.8299, Policy: 1.8174, Value: 0.0312
2025-11-29 16:21:29,663 - INFO - Epoch: 200, Loss: 1.9056, Policy: 1.8957, Value: 0.0248
2025-11-29 16:21:30,199 - INFO - Epoch: 300, Loss: 1.8870, Policy: 1.8767, Value: 0.0256
2025-11-29 16:21:30,729 - INFO - Epoch: 400, Loss: 1.8390, Policy: 1.8309, Value: 0.0202
2025-11-29 16:21:31,219 - INFO - Epoch: 500, Loss: 1.8947, Policy: 1.8730, Value: 0.0542
2025-11-29 16:21:31,713 - INFO - Epoch: 600, Loss: 1.9529, Policy: 1.9416, Value: 0.0282
2025-11-29 16:21:32,204 - INFO - Epoch: 700, Loss: 1.7830, Policy: 1.7715, Value: 0.0287
2025-11-29 16:21:32,686 - INFO - Epoch: 800, Loss: 1.8887, Policy: 1.8798, Value: 0.0223
2025-11-29 16:21:33,178 - INFO - Epoch: 900, Loss: 1.8772, Policy: 1.8658, Value: 0.0284
2025-11-29 16:21:33,662 - INFO - Epoch: 1000, Loss: 1.7933, Policy: 1.7842, Value: 0.0227
2025-11-29 16:21:33,665 - INFO - 训练结束，最新模型已保存到 model.pth
2025-11-29 16:21:33,666 - INFO - 第701局
2025-11-29 16:21:35,592 - INFO - 1赢了
2025-11-29 16:21:35,593 - INFO - 第702局
2025-11-29 16:21:36,949 - INFO - 2赢了
2025-11-29 16:21:36,949 - INFO - 第703局
2025-11-29 16:21:39,816 - INFO - 1赢了
2025-11-29 16:21:39,816 - INFO - 第704局
2025-11-29 16:21:41,274 - INFO - 2赢了
2025-11-29 16:21:41,274 - INFO - 第705局
2025-11-29 16:21:42,172 - INFO - 2赢了
2025-11-29 16:21:42,172 - INFO - 第706局
2025-11-29 16:21:43,582 - INFO - 2赢了
2025-11-29 16:21:43,582 - INFO - 第707局
2025-11-29 16:21:45,350 - INFO - 2赢了
2025-11-29 16:21:45,350 - INFO - 第708局
2025-11-29 16:21:47,443 - INFO - 2赢了
2025-11-29 16:21:47,443 - INFO - 第709局
2025-11-29 16:21:49,071 - INFO - 2赢了
2025-11-29 16:21:49,071 - INFO - 第710局
2025-11-29 16:21:49,978 - INFO - 2赢了
2025-11-29 16:21:49,993 - INFO - Epoch: 0, Loss: 1.8078, Policy: 1.7976, Value: 0.0255
2025-11-29 16:21:50,565 - INFO - Epoch: 100, Loss: 1.8841, Policy: 1.8714, Value: 0.0317
2025-11-29 16:21:51,067 - INFO - Epoch: 200, Loss: 1.8636, Policy: 1.8480, Value: 0.0389
2025-11-29 16:21:51,571 - INFO - Epoch: 300, Loss: 1.7894, Policy: 1.7790, Value: 0.0259
2025-11-29 16:21:52,090 - INFO - Epoch: 400, Loss: 1.8527, Policy: 1.8445, Value: 0.0206
2025-11-29 16:21:53,695 - INFO - Epoch: 500, Loss: 1.7700, Policy: 1.7554, Value: 0.0366
2025-11-29 16:21:54,227 - INFO - Epoch: 600, Loss: 1.8858, Policy: 1.8768, Value: 0.0224
2025-11-29 16:21:54,759 - INFO - Epoch: 700, Loss: 1.8674, Policy: 1.8587, Value: 0.0217
2025-11-29 16:21:55,280 - INFO - Epoch: 800, Loss: 1.8525, Policy: 1.8433, Value: 0.0229
2025-11-29 16:21:55,803 - INFO - Epoch: 900, Loss: 1.8677, Policy: 1.8582, Value: 0.0238
2025-11-29 16:21:56,305 - INFO - Epoch: 1000, Loss: 1.7713, Policy: 1.7620, Value: 0.0234
2025-11-29 16:21:56,308 - INFO - 训练结束，最新模型已保存到 model.pth
2025-11-29 16:21:56,309 - INFO - 第711局
2025-11-29 16:21:59,038 - INFO - 1赢了
2025-11-29 16:21:59,038 - INFO - 第712局
2025-11-29 16:22:01,175 - INFO - 2赢了
2025-11-29 16:22:01,175 - INFO - 第713局
2025-11-29 16:22:02,238 - INFO - 1赢了
2025-11-29 16:22:02,239 - INFO - 第714局
2025-11-29 16:22:05,734 - INFO - 2赢了
2025-11-29 16:22:05,734 - INFO - 第715局
2025-11-29 16:22:06,891 - INFO - 1赢了
2025-11-29 16:22:06,891 - INFO - 第716局
2025-11-29 16:22:08,006 - INFO - 1赢了
2025-11-29 16:22:08,011 - INFO - 第717局
2025-11-29 16:22:09,584 - INFO - 2赢了
2025-11-29 16:22:09,584 - INFO - 第718局
2025-11-29 16:22:10,496 - INFO - 2赢了
2025-11-29 16:22:10,496 - INFO - 第719局
2025-11-29 16:22:12,569 - INFO - 2赢了
2025-11-29 16:22:12,569 - INFO - 第720局
2025-11-29 16:22:15,301 - INFO - 2赢了
2025-11-29 16:22:15,315 - INFO - Epoch: 0, Loss: 1.6637, Policy: 1.6562, Value: 0.0187
2025-11-29 16:22:15,975 - INFO - Epoch: 100, Loss: 1.8634, Policy: 1.8524, Value: 0.0274
2025-11-29 16:22:16,533 - INFO - Epoch: 200, Loss: 2.0037, Policy: 1.9925, Value: 0.0281
2025-11-29 16:22:17,098 - INFO - Epoch: 300, Loss: 1.9630, Policy: 1.9524, Value: 0.0263
2025-11-29 16:22:17,692 - INFO - Epoch: 400, Loss: 1.8647, Policy: 1.8516, Value: 0.0328
2025-11-29 16:22:18,270 - INFO - Epoch: 500, Loss: 1.8336, Policy: 1.8199, Value: 0.0345
2025-11-29 16:22:18,845 - INFO - Epoch: 600, Loss: 1.8189, Policy: 1.8107, Value: 0.0205
2025-11-29 16:22:19,417 - INFO - Epoch: 700, Loss: 2.0059, Policy: 1.9816, Value: 0.0608
2025-11-29 16:22:20,004 - INFO - Epoch: 800, Loss: 1.7104, Policy: 1.7002, Value: 0.0256
2025-11-29 16:22:20,570 - INFO - Epoch: 900, Loss: 1.9749, Policy: 1.9657, Value: 0.0231
2025-11-29 16:22:21,144 - INFO - Epoch: 1000, Loss: 1.7768, Policy: 1.7679, Value: 0.0221
2025-11-29 16:22:21,149 - INFO - 训练结束，最新模型已保存到 model.pth
2025-11-29 16:22:21,150 - INFO - 第721局
2025-11-29 16:22:23,326 - INFO - 2赢了
2025-11-29 16:22:23,327 - INFO - 第722局
2025-11-29 16:22:24,331 - INFO - 1赢了
2025-11-29 16:22:24,332 - INFO - 第723局
2025-11-29 16:22:27,472 - INFO - 2赢了
2025-11-29 16:22:27,472 - INFO - 第724局
2025-11-29 16:22:28,569 - INFO - 2赢了
2025-11-29 16:22:28,569 - INFO - 第725局
2025-11-29 16:22:31,587 - INFO - 1赢了
2025-11-29 16:22:31,587 - INFO - 第726局
2025-11-29 16:22:33,068 - INFO - 2赢了
2025-11-29 16:22:33,068 - INFO - 第727局
2025-11-29 16:22:35,401 - INFO - 2赢了
2025-11-29 16:22:35,401 - INFO - 第728局
2025-11-29 16:22:42,314 - INFO - 1赢了
2025-11-29 16:22:42,314 - INFO - 第729局
2025-11-29 16:22:43,537 - INFO - 2赢了
2025-11-29 16:22:43,537 - INFO - 第730局
2025-11-29 16:22:45,683 - INFO - 2赢了
2025-11-29 16:22:45,713 - INFO - Epoch: 0, Loss: 1.9408, Policy: 1.9321, Value: 0.0218
2025-11-29 16:22:46,309 - INFO - Epoch: 100, Loss: 1.8855, Policy: 1.8749, Value: 0.0265
2025-11-29 16:22:46,812 - INFO - Epoch: 200, Loss: 1.8240, Policy: 1.8156, Value: 0.0210
2025-11-29 16:22:47,325 - INFO - Epoch: 300, Loss: 1.7829, Policy: 1.7736, Value: 0.0233
2025-11-29 16:22:47,830 - INFO - Epoch: 400, Loss: 1.9405, Policy: 1.9327, Value: 0.0195
2025-11-29 16:22:48,342 - INFO - Epoch: 500, Loss: 1.9437, Policy: 1.9312, Value: 0.0313
2025-11-29 16:22:48,862 - INFO - Epoch: 600, Loss: 1.9076, Policy: 1.8974, Value: 0.0256
2025-11-29 16:22:49,373 - INFO - Epoch: 700, Loss: 1.8430, Policy: 1.8293, Value: 0.0343
2025-11-29 16:22:49,882 - INFO - Epoch: 800, Loss: 1.8572, Policy: 1.8443, Value: 0.0321
2025-11-29 16:22:50,385 - INFO - Epoch: 900, Loss: 1.7511, Policy: 1.7394, Value: 0.0291
2025-11-29 16:22:50,879 - INFO - Epoch: 1000, Loss: 1.8856, Policy: 1.8748, Value: 0.0269
2025-11-29 16:22:50,882 - INFO - 训练结束，最新模型已保存到 model.pth
2025-11-29 16:22:50,883 - INFO - 第731局
2025-11-29 16:22:52,010 - INFO - 1赢了
2025-11-29 16:22:52,010 - INFO - 第732局
2025-11-29 16:22:54,809 - INFO - 2赢了
2025-11-29 16:22:54,809 - INFO - 第733局
2025-11-29 16:22:56,878 - INFO - 2赢了
2025-11-29 16:22:56,878 - INFO - 第734局
2025-11-29 16:23:01,952 - INFO - 1赢了
2025-11-29 16:23:01,952 - INFO - 第735局
2025-11-29 16:23:03,856 - INFO - 2赢了
2025-11-29 16:23:03,856 - INFO - 第736局
2025-11-29 16:23:05,287 - INFO - 1赢了
2025-11-29 16:23:05,288 - INFO - 第737局
2025-11-29 16:23:07,764 - INFO - 1赢了
2025-11-29 16:23:07,764 - INFO - 第738局
2025-11-29 16:23:08,899 - INFO - 2赢了
2025-11-29 16:23:08,900 - INFO - 第739局
2025-11-29 16:23:10,862 - INFO - 2赢了
2025-11-29 16:23:10,863 - INFO - 第740局
2025-11-29 16:23:13,209 - INFO - 2赢了
2025-11-29 16:23:13,228 - INFO - Epoch: 0, Loss: 1.8650, Policy: 1.8479, Value: 0.0427
2025-11-29 16:23:13,848 - INFO - Epoch: 100, Loss: 1.7507, Policy: 1.7391, Value: 0.0290
2025-11-29 16:23:14,391 - INFO - Epoch: 200, Loss: 1.8456, Policy: 1.8341, Value: 0.0287
2025-11-29 16:23:14,964 - INFO - Epoch: 300, Loss: 1.9657, Policy: 1.9586, Value: 0.0179
2025-11-29 16:23:15,531 - INFO - Epoch: 400, Loss: 1.9327, Policy: 1.9212, Value: 0.0288
2025-11-29 16:23:16,116 - INFO - Epoch: 500, Loss: 1.8527, Policy: 1.8441, Value: 0.0214
2025-11-29 16:23:16,700 - INFO - Epoch: 600, Loss: 1.7729, Policy: 1.7632, Value: 0.0242
2025-11-29 16:23:17,286 - INFO - Epoch: 700, Loss: 1.8905, Policy: 1.8833, Value: 0.0179
2025-11-29 16:23:17,879 - INFO - Epoch: 800, Loss: 1.9049, Policy: 1.8852, Value: 0.0492
2025-11-29 16:23:18,458 - INFO - Epoch: 900, Loss: 1.9616, Policy: 1.9520, Value: 0.0241
2025-11-29 16:23:18,988 - INFO - Epoch: 1000, Loss: 1.9219, Policy: 1.9112, Value: 0.0268
2025-11-29 16:23:18,991 - INFO - 训练结束，最新模型已保存到 model.pth
2025-11-29 16:23:18,992 - INFO - 第741局
2025-11-29 16:23:20,526 - INFO - 2赢了
2025-11-29 16:23:20,526 - INFO - 第742局
2025-11-29 16:23:23,457 - INFO - 2赢了
2025-11-29 16:23:23,457 - INFO - 第743局
2025-11-29 16:23:24,331 - INFO - 2赢了
2025-11-29 16:23:24,331 - INFO - 第744局
2025-11-29 16:23:26,676 - INFO - 2赢了
2025-11-29 16:23:26,676 - INFO - 第745局
2025-11-29 16:23:28,280 - INFO - 1赢了
2025-11-29 16:23:28,280 - INFO - 第746局
2025-11-29 16:23:30,003 - INFO - 2赢了
2025-11-29 16:23:30,003 - INFO - 第747局
2025-11-29 16:23:31,329 - INFO - 2赢了
2025-11-29 16:23:31,329 - INFO - 第748局
2025-11-29 16:23:32,372 - INFO - 2赢了
2025-11-29 16:23:32,372 - INFO - 第749局
2025-11-29 16:23:34,017 - INFO - 2赢了
2025-11-29 16:23:34,017 - INFO - 第750局
2025-11-29 16:23:36,530 - INFO - 2赢了
2025-11-29 16:23:36,552 - INFO - Epoch: 0, Loss: 1.9322, Policy: 1.9041, Value: 0.0703
2025-11-29 16:23:37,162 - INFO - Epoch: 100, Loss: 1.9947, Policy: 1.9862, Value: 0.0215
2025-11-29 16:23:37,671 - INFO - Epoch: 200, Loss: 1.6926, Policy: 1.6820, Value: 0.0265
2025-11-29 16:23:38,171 - INFO - Epoch: 300, Loss: 1.8428, Policy: 1.8360, Value: 0.0171
2025-11-29 16:23:38,690 - INFO - Epoch: 400, Loss: 1.9278, Policy: 1.9185, Value: 0.0234
2025-11-29 16:23:39,189 - INFO - Epoch: 500, Loss: 1.8941, Policy: 1.8844, Value: 0.0242
2025-11-29 16:23:39,716 - INFO - Epoch: 600, Loss: 1.9382, Policy: 1.9292, Value: 0.0224
2025-11-29 16:23:40,217 - INFO - Epoch: 700, Loss: 1.8635, Policy: 1.8545, Value: 0.0226
2025-11-29 16:23:40,729 - INFO - Epoch: 800, Loss: 1.8035, Policy: 1.7960, Value: 0.0188
2025-11-29 16:23:41,239 - INFO - Epoch: 900, Loss: 1.8299, Policy: 1.8204, Value: 0.0238
2025-11-29 16:23:41,753 - INFO - Epoch: 1000, Loss: 1.7893, Policy: 1.7757, Value: 0.0341
2025-11-29 16:23:41,757 - INFO - 训练结束，最新模型已保存到 model.pth
2025-11-29 16:23:41,758 - INFO - 第751局
2025-11-29 16:23:44,927 - INFO - 2赢了
2025-11-29 16:23:44,927 - INFO - 第752局
2025-11-29 16:23:46,468 - INFO - 2赢了
2025-11-29 16:23:46,469 - INFO - 第753局
2025-11-29 16:23:47,323 - INFO - 2赢了
2025-11-29 16:23:47,323 - INFO - 第754局
2025-11-29 16:23:49,562 - INFO - 2赢了
2025-11-29 16:23:49,562 - INFO - 第755局
2025-11-29 16:23:52,618 - INFO - 1赢了
2025-11-29 16:23:52,618 - INFO - 第756局
2025-11-29 16:23:56,151 - INFO - 2赢了
2025-11-29 16:23:56,152 - INFO - 第757局
2025-11-29 16:23:57,757 - INFO - 2赢了
2025-11-29 16:23:57,757 - INFO - 第758局
2025-11-29 16:24:02,414 - INFO - 1赢了
2025-11-29 16:24:02,414 - INFO - 第759局
2025-11-29 16:24:04,374 - INFO - 2赢了
2025-11-29 16:24:04,374 - INFO - 第760局
2025-11-29 16:24:06,117 - INFO - 2赢了
2025-11-29 16:24:06,130 - INFO - Epoch: 0, Loss: 1.7530, Policy: 1.7418, Value: 0.0281
2025-11-29 16:24:06,728 - INFO - Epoch: 100, Loss: 1.6959, Policy: 1.6876, Value: 0.0208
2025-11-29 16:24:07,252 - INFO - Epoch: 200, Loss: 1.8941, Policy: 1.8778, Value: 0.0409
2025-11-29 16:24:07,776 - INFO - Epoch: 300, Loss: 1.8946, Policy: 1.8809, Value: 0.0342
2025-11-29 16:24:08,325 - INFO - Epoch: 400, Loss: 1.8685, Policy: 1.8566, Value: 0.0298
2025-11-29 16:24:08,845 - INFO - Epoch: 500, Loss: 1.7297, Policy: 1.7209, Value: 0.0219
2025-11-29 16:24:09,360 - INFO - Epoch: 600, Loss: 1.7890, Policy: 1.7779, Value: 0.0278
2025-11-29 16:24:09,888 - INFO - Epoch: 700, Loss: 1.8944, Policy: 1.8824, Value: 0.0298
2025-11-29 16:24:10,407 - INFO - Epoch: 800, Loss: 1.8021, Policy: 1.7799, Value: 0.0553
2025-11-29 16:24:10,934 - INFO - Epoch: 900, Loss: 1.9070, Policy: 1.8939, Value: 0.0325
2025-11-29 16:24:11,452 - INFO - Epoch: 1000, Loss: 2.0038, Policy: 1.9871, Value: 0.0419
2025-11-29 16:24:11,456 - INFO - 训练结束，最新模型已保存到 model.pth
2025-11-29 16:24:11,457 - INFO - 第761局
2025-11-29 16:24:13,476 - INFO - 2赢了
2025-11-29 16:24:13,476 - INFO - 第762局
2025-11-29 16:24:14,932 - INFO - 2赢了
2025-11-29 16:24:14,932 - INFO - 第763局
2025-11-29 16:24:16,792 - INFO - 2赢了
2025-11-29 16:24:16,792 - INFO - 第764局
2025-11-29 16:24:18,675 - INFO - 2赢了
2025-11-29 16:24:18,675 - INFO - 第765局
2025-11-29 16:24:19,884 - INFO - 2赢了
2025-11-29 16:24:19,884 - INFO - 第766局
2025-11-29 16:24:20,916 - INFO - 1赢了
2025-11-29 16:24:20,916 - INFO - 第767局
2025-11-29 16:24:23,440 - INFO - 1赢了
2025-11-29 16:24:23,440 - INFO - 第768局
2025-11-29 16:24:24,313 - INFO - 2赢了
2025-11-29 16:24:24,313 - INFO - 第769局
2025-11-29 16:24:25,474 - INFO - 2赢了
2025-11-29 16:24:25,474 - INFO - 第770局
2025-11-29 16:24:26,580 - INFO - 1赢了
2025-11-29 16:24:26,594 - INFO - Epoch: 0, Loss: 1.6972, Policy: 1.6820, Value: 0.0378
2025-11-29 16:24:27,167 - INFO - Epoch: 100, Loss: 1.8414, Policy: 1.8292, Value: 0.0305
2025-11-29 16:24:27,675 - INFO - Epoch: 200, Loss: 1.8323, Policy: 1.8212, Value: 0.0279
2025-11-29 16:24:28,179 - INFO - Epoch: 300, Loss: 1.8551, Policy: 1.8461, Value: 0.0225
2025-11-29 16:24:28,663 - INFO - Epoch: 400, Loss: 1.9462, Policy: 1.9315, Value: 0.0368
2025-11-29 16:24:29,205 - INFO - Epoch: 500, Loss: 1.7410, Policy: 1.7277, Value: 0.0333
2025-11-29 16:24:29,744 - INFO - Epoch: 600, Loss: 1.9251, Policy: 1.8923, Value: 0.0820
2025-11-29 16:24:30,274 - INFO - Epoch: 700, Loss: 1.7592, Policy: 1.7391, Value: 0.0502
2025-11-29 16:24:30,807 - INFO - Epoch: 800, Loss: 1.7194, Policy: 1.7113, Value: 0.0204
2025-11-29 16:24:31,323 - INFO - Epoch: 900, Loss: 1.9207, Policy: 1.9085, Value: 0.0305
2025-11-29 16:24:31,849 - INFO - Epoch: 1000, Loss: 2.0106, Policy: 1.9992, Value: 0.0284
2025-11-29 16:24:31,852 - INFO - 训练结束，最新模型已保存到 model.pth
2025-11-29 16:24:31,853 - INFO - 第771局
2025-11-29 16:24:34,767 - INFO - 2赢了
2025-11-29 16:24:34,767 - INFO - 第772局
2025-11-29 16:24:35,979 - INFO - 2赢了
2025-11-29 16:24:35,979 - INFO - 第773局
2025-11-29 16:24:37,063 - INFO - 1赢了
2025-11-29 16:24:37,063 - INFO - 第774局
2025-11-29 16:24:38,744 - INFO - 2赢了
2025-11-29 16:24:38,744 - INFO - 第775局
2025-11-29 16:24:41,596 - INFO - 2赢了
2025-11-29 16:24:41,596 - INFO - 第776局
2025-11-29 16:24:42,988 - INFO - 1赢了
2025-11-29 16:24:42,988 - INFO - 第777局
2025-11-29 16:24:45,189 - INFO - 2赢了
2025-11-29 16:24:45,190 - INFO - 第778局
2025-11-29 16:24:47,265 - INFO - 2赢了
2025-11-29 16:24:47,265 - INFO - 第779局
2025-11-29 16:24:49,512 - INFO - 2赢了
2025-11-29 16:24:49,512 - INFO - 第780局
2025-11-29 16:24:51,053 - INFO - 2赢了
2025-11-29 16:24:51,072 - INFO - Epoch: 0, Loss: 1.7850, Policy: 1.7753, Value: 0.0242
2025-11-29 16:24:51,669 - INFO - Epoch: 100, Loss: 1.9173, Policy: 1.9051, Value: 0.0305
2025-11-29 16:24:52,205 - INFO - Epoch: 200, Loss: 1.9521, Policy: 1.9415, Value: 0.0264
2025-11-29 16:24:52,719 - INFO - Epoch: 300, Loss: 1.8621, Policy: 1.8458, Value: 0.0406
2025-11-29 16:24:53,265 - INFO - Epoch: 400, Loss: 1.8808, Policy: 1.8689, Value: 0.0297
2025-11-29 16:24:53,776 - INFO - Epoch: 500, Loss: 1.7591, Policy: 1.7502, Value: 0.0221
2025-11-29 16:24:54,310 - INFO - Epoch: 600, Loss: 1.8267, Policy: 1.8164, Value: 0.0260
2025-11-29 16:24:55,889 - INFO - Epoch: 700, Loss: 1.7863, Policy: 1.7738, Value: 0.0312
2025-11-29 16:24:56,415 - INFO - Epoch: 800, Loss: 1.8562, Policy: 1.8421, Value: 0.0351
2025-11-29 16:24:56,965 - INFO - Epoch: 900, Loss: 1.8503, Policy: 1.8417, Value: 0.0215
2025-11-29 16:24:57,525 - INFO - Epoch: 1000, Loss: 1.6712, Policy: 1.6609, Value: 0.0256
2025-11-29 16:24:57,528 - INFO - 训练结束，最新模型已保存到 model.pth
2025-11-29 16:24:57,529 - INFO - 第781局
2025-11-29 16:24:58,874 - INFO - 1赢了
2025-11-29 16:24:58,874 - INFO - 第782局
2025-11-29 16:25:01,374 - INFO - 2赢了
2025-11-29 16:25:01,375 - INFO - 第783局
2025-11-29 16:25:04,302 - INFO - 2赢了
2025-11-29 16:25:04,302 - INFO - 第784局
2025-11-29 16:25:05,297 - INFO - 2赢了
2025-11-29 16:25:05,298 - INFO - 第785局
2025-11-29 16:25:10,364 - INFO - 2赢了
2025-11-29 16:25:10,364 - INFO - 第786局
2025-11-29 16:25:12,125 - INFO - 1赢了
2025-11-29 16:25:12,126 - INFO - 第787局
2025-11-29 16:25:13,884 - INFO - 2赢了
2025-11-29 16:25:13,884 - INFO - 第788局
2025-11-29 16:25:15,956 - INFO - 2赢了
2025-11-29 16:25:15,956 - INFO - 第789局
2025-11-29 16:25:18,167 - INFO - 2赢了
2025-11-29 16:25:18,167 - INFO - 第790局
2025-11-29 16:25:21,069 - INFO - 2赢了
2025-11-29 16:25:21,089 - INFO - Epoch: 0, Loss: 1.7789, Policy: 1.7678, Value: 0.0278
2025-11-29 16:25:21,700 - INFO - Epoch: 100, Loss: 1.8691, Policy: 1.8616, Value: 0.0188
2025-11-29 16:25:22,193 - INFO - Epoch: 200, Loss: 1.8730, Policy: 1.8539, Value: 0.0476
2025-11-29 16:25:22,696 - INFO - Epoch: 300, Loss: 1.8490, Policy: 1.8402, Value: 0.0219
2025-11-29 16:25:23,194 - INFO - Epoch: 400, Loss: 1.8430, Policy: 1.8348, Value: 0.0204
2025-11-29 16:25:23,704 - INFO - Epoch: 500, Loss: 1.9335, Policy: 1.9207, Value: 0.0319
2025-11-29 16:25:24,195 - INFO - Epoch: 600, Loss: 1.9746, Policy: 1.9607, Value: 0.0348
2025-11-29 16:25:24,693 - INFO - Epoch: 700, Loss: 1.7476, Policy: 1.7391, Value: 0.0214
2025-11-29 16:25:25,201 - INFO - Epoch: 800, Loss: 1.9066, Policy: 1.8934, Value: 0.0328
2025-11-29 16:25:25,707 - INFO - Epoch: 900, Loss: 1.9367, Policy: 1.9111, Value: 0.0639
2025-11-29 16:25:26,207 - INFO - Epoch: 1000, Loss: 1.8691, Policy: 1.8600, Value: 0.0229
2025-11-29 16:25:26,210 - INFO - 训练结束，最新模型已保存到 model.pth
2025-11-29 16:25:26,211 - INFO - 第791局
2025-11-29 16:25:28,887 - INFO - 2赢了
2025-11-29 16:25:28,887 - INFO - 第792局
2025-11-29 16:25:31,818 - INFO - 2赢了
2025-11-29 16:25:31,818 - INFO - 第793局
2025-11-29 16:25:33,387 - INFO - 1赢了
2025-11-29 16:25:33,387 - INFO - 第794局
2025-11-29 16:25:35,293 - INFO - 2赢了
2025-11-29 16:25:35,293 - INFO - 第795局
2025-11-29 16:25:38,127 - INFO - 1赢了
2025-11-29 16:25:38,127 - INFO - 第796局
2025-11-29 16:25:41,052 - INFO - 2赢了
2025-11-29 16:25:41,052 - INFO - 第797局
2025-11-29 16:25:43,141 - INFO - 2赢了
2025-11-29 16:25:43,141 - INFO - 第798局
2025-11-29 16:25:44,985 - INFO - 1赢了
2025-11-29 16:25:44,985 - INFO - 第799局
2025-11-29 16:25:45,869 - INFO - 2赢了
2025-11-29 16:25:45,869 - INFO - 第800局
2025-11-29 16:25:50,070 - INFO - 1赢了
2025-11-29 16:25:50,083 - INFO - Epoch: 0, Loss: 1.8206, Policy: 1.8010, Value: 0.0491
2025-11-29 16:25:50,678 - INFO - Epoch: 100, Loss: 1.9330, Policy: 1.9245, Value: 0.0211
2025-11-29 16:25:51,202 - INFO - Epoch: 200, Loss: 1.8314, Policy: 1.8181, Value: 0.0332
2025-11-29 16:25:51,718 - INFO - Epoch: 300, Loss: 1.8975, Policy: 1.8879, Value: 0.0240
2025-11-29 16:25:52,224 - INFO - Epoch: 400, Loss: 1.8951, Policy: 1.8797, Value: 0.0386
2025-11-29 16:25:52,733 - INFO - Epoch: 500, Loss: 2.0328, Policy: 2.0226, Value: 0.0255
2025-11-29 16:25:53,252 - INFO - Epoch: 600, Loss: 1.9805, Policy: 1.9695, Value: 0.0276
2025-11-29 16:25:53,777 - INFO - Epoch: 700, Loss: 1.7838, Policy: 1.7720, Value: 0.0296
2025-11-29 16:25:54,291 - INFO - Epoch: 800, Loss: 1.8274, Policy: 1.8060, Value: 0.0535
2025-11-29 16:25:54,781 - INFO - Epoch: 900, Loss: 1.6810, Policy: 1.6702, Value: 0.0268
2025-11-29 16:25:55,259 - INFO - Epoch: 1000, Loss: 1.9487, Policy: 1.9359, Value: 0.0320
2025-11-29 16:25:55,262 - INFO - 训练结束，最新模型已保存到 model.pth
2025-11-29 16:25:55,263 - INFO - 第801局
2025-11-29 16:25:58,033 - INFO - 2赢了
2025-11-29 16:25:58,033 - INFO - 第802局
2025-11-29 16:25:59,070 - INFO - 2赢了
2025-11-29 16:25:59,070 - INFO - 第803局
2025-11-29 16:26:00,761 - INFO - 2赢了
2025-11-29 16:26:00,761 - INFO - 第804局
2025-11-29 16:26:03,326 - INFO - 2赢了
2025-11-29 16:26:03,326 - INFO - 第805局
2025-11-29 16:26:08,155 - INFO - 2赢了
2025-11-29 16:26:08,155 - INFO - 第806局
2025-11-29 16:26:09,777 - INFO - 2赢了
2025-11-29 16:26:09,777 - INFO - 第807局
2025-11-29 16:26:12,548 - INFO - 2赢了
2025-11-29 16:26:12,548 - INFO - 第808局
2025-11-29 16:26:14,086 - INFO - 1赢了
2025-11-29 16:26:14,086 - INFO - 第809局
2025-11-29 16:26:15,546 - INFO - 2赢了
2025-11-29 16:26:15,546 - INFO - 第810局
2025-11-29 16:26:18,706 - INFO - 1赢了
2025-11-29 16:26:18,725 - INFO - Epoch: 0, Loss: 1.8189, Policy: 1.7954, Value: 0.0588
2025-11-29 16:26:19,376 - INFO - Epoch: 100, Loss: 1.8736, Policy: 1.8622, Value: 0.0286
2025-11-29 16:26:19,935 - INFO - Epoch: 200, Loss: 1.9646, Policy: 1.9492, Value: 0.0385
2025-11-29 16:26:20,469 - INFO - Epoch: 300, Loss: 1.7078, Policy: 1.6853, Value: 0.0562
2025-11-29 16:26:21,004 - INFO - Epoch: 400, Loss: 1.8457, Policy: 1.8347, Value: 0.0274
2025-11-29 16:26:21,528 - INFO - Epoch: 500, Loss: 1.8501, Policy: 1.8378, Value: 0.0308
2025-11-29 16:26:22,044 - INFO - Epoch: 600, Loss: 1.8775, Policy: 1.8695, Value: 0.0200
2025-11-29 16:26:22,569 - INFO - Epoch: 700, Loss: 1.7877, Policy: 1.7753, Value: 0.0310
2025-11-29 16:26:23,055 - INFO - Epoch: 800, Loss: 1.9463, Policy: 1.9351, Value: 0.0279
2025-11-29 16:26:23,591 - INFO - Epoch: 900, Loss: 1.8403, Policy: 1.8299, Value: 0.0260
2025-11-29 16:26:24,131 - INFO - Epoch: 1000, Loss: 1.7887, Policy: 1.7757, Value: 0.0324
2025-11-29 16:26:24,135 - INFO - 训练结束，最新模型已保存到 model.pth
2025-11-29 16:26:24,136 - INFO - 第811局
2025-11-29 16:26:25,217 - INFO - 2赢了
2025-11-29 16:26:25,217 - INFO - 第812局
2025-11-29 16:26:26,054 - INFO - 2赢了
2025-11-29 16:26:26,054 - INFO - 第813局
2025-11-29 16:26:28,074 - INFO - 2赢了
2025-11-29 16:26:28,074 - INFO - 第814局
2025-11-29 16:26:33,174 - INFO - 1赢了
2025-11-29 16:26:33,174 - INFO - 第815局
2025-11-29 16:26:36,977 - INFO - 2赢了
2025-11-29 16:26:36,977 - INFO - 第816局
2025-11-29 16:26:38,539 - INFO - 2赢了
2025-11-29 16:26:38,539 - INFO - 第817局
2025-11-29 16:26:39,740 - INFO - 1赢了
2025-11-29 16:26:39,740 - INFO - 第818局
2025-11-29 16:26:41,662 - INFO - 2赢了
2025-11-29 16:26:41,662 - INFO - 第819局
2025-11-29 16:26:44,893 - INFO - 1赢了
2025-11-29 16:26:44,893 - INFO - 第820局
2025-11-29 16:26:46,845 - INFO - 1赢了
2025-11-29 16:26:46,864 - INFO - Epoch: 0, Loss: 1.9094, Policy: 1.8997, Value: 0.0242
2025-11-29 16:26:47,422 - INFO - Epoch: 100, Loss: 1.8774, Policy: 1.8654, Value: 0.0300
2025-11-29 16:26:47,904 - INFO - Epoch: 200, Loss: 1.7349, Policy: 1.7255, Value: 0.0234
2025-11-29 16:26:48,408 - INFO - Epoch: 300, Loss: 2.0106, Policy: 1.9959, Value: 0.0368
2025-11-29 16:26:48,928 - INFO - Epoch: 400, Loss: 2.0580, Policy: 2.0483, Value: 0.0242
2025-11-29 16:26:49,462 - INFO - Epoch: 500, Loss: 1.7709, Policy: 1.7586, Value: 0.0306
2025-11-29 16:26:49,971 - INFO - Epoch: 600, Loss: 1.7774, Policy: 1.7617, Value: 0.0395
2025-11-29 16:26:50,481 - INFO - Epoch: 700, Loss: 1.8819, Policy: 1.8722, Value: 0.0243
2025-11-29 16:26:50,999 - INFO - Epoch: 800, Loss: 1.7768, Policy: 1.7668, Value: 0.0250
2025-11-29 16:26:51,499 - INFO - Epoch: 900, Loss: 1.8497, Policy: 1.8414, Value: 0.0207
2025-11-29 16:26:52,020 - INFO - Epoch: 1000, Loss: 1.8777, Policy: 1.8691, Value: 0.0217
2025-11-29 16:26:52,025 - INFO - 训练结束，最新模型已保存到 model.pth
2025-11-29 16:26:52,026 - INFO - 第821局
2025-11-29 16:26:53,569 - INFO - 2赢了
2025-11-29 16:26:53,569 - INFO - 第822局
2025-11-29 16:26:55,939 - INFO - 2赢了
2025-11-29 16:26:55,939 - INFO - 第823局
2025-11-29 16:26:57,623 - INFO - 2赢了
2025-11-29 16:26:57,623 - INFO - 第824局
2025-11-29 16:26:59,162 - INFO - 2赢了
2025-11-29 16:26:59,162 - INFO - 第825局
2025-11-29 16:27:00,506 - INFO - 1赢了
2025-11-29 16:27:00,506 - INFO - 第826局
2025-11-29 16:27:03,734 - INFO - 2赢了
2025-11-29 16:27:03,734 - INFO - 第827局
2025-11-29 16:27:05,548 - INFO - 2赢了
2025-11-29 16:27:05,549 - INFO - 第828局
2025-11-29 16:27:07,682 - INFO - 2赢了
2025-11-29 16:27:07,682 - INFO - 第829局
2025-11-29 16:27:10,970 - INFO - 1赢了
2025-11-29 16:27:10,970 - INFO - 第830局
2025-11-29 16:27:12,790 - INFO - 2赢了
2025-11-29 16:27:12,805 - INFO - Epoch: 0, Loss: 1.8286, Policy: 1.8188, Value: 0.0245
2025-11-29 16:27:13,421 - INFO - Epoch: 100, Loss: 1.8614, Policy: 1.8520, Value: 0.0234
2025-11-29 16:27:13,923 - INFO - Epoch: 200, Loss: 1.9195, Policy: 1.9068, Value: 0.0317
2025-11-29 16:27:14,453 - INFO - Epoch: 300, Loss: 1.7724, Policy: 1.7638, Value: 0.0215
2025-11-29 16:27:14,995 - INFO - Epoch: 400, Loss: 1.9228, Policy: 1.9137, Value: 0.0226
2025-11-29 16:27:15,514 - INFO - Epoch: 500, Loss: 1.8553, Policy: 1.8442, Value: 0.0278
2025-11-29 16:27:16,025 - INFO - Epoch: 600, Loss: 1.9620, Policy: 1.9461, Value: 0.0398
2025-11-29 16:27:16,543 - INFO - Epoch: 700, Loss: 1.9376, Policy: 1.9219, Value: 0.0394
2025-11-29 16:27:17,072 - INFO - Epoch: 800, Loss: 1.8029, Policy: 1.7946, Value: 0.0208
2025-11-29 16:27:17,608 - INFO - Epoch: 900, Loss: 1.7741, Policy: 1.7622, Value: 0.0296
2025-11-29 16:27:18,097 - INFO - Epoch: 1000, Loss: 1.7341, Policy: 1.7231, Value: 0.0275
2025-11-29 16:27:18,100 - INFO - 训练结束，最新模型已保存到 model.pth
2025-11-29 16:27:18,101 - INFO - 第831局
2025-11-29 16:27:19,386 - INFO - 2赢了
2025-11-29 16:27:19,386 - INFO - 第832局
2025-11-29 16:27:20,816 - INFO - 2赢了
2025-11-29 16:27:20,817 - INFO - 第833局
2025-11-29 16:27:23,410 - INFO - 1赢了
2025-11-29 16:27:23,411 - INFO - 第834局
2025-11-29 16:27:25,459 - INFO - 2赢了
2025-11-29 16:27:25,459 - INFO - 第835局
2025-11-29 16:27:27,830 - INFO - 2赢了
2025-11-29 16:27:27,830 - INFO - 第836局
2025-11-29 16:27:29,868 - INFO - 2赢了
2025-11-29 16:27:29,868 - INFO - 第837局
2025-11-29 16:27:32,168 - INFO - 2赢了
2025-11-29 16:27:32,169 - INFO - 第838局
2025-11-29 16:27:34,270 - INFO - 2赢了
2025-11-29 16:27:34,270 - INFO - 第839局
2025-11-29 16:27:36,173 - INFO - 2赢了
2025-11-29 16:27:36,173 - INFO - 第840局
2025-11-29 16:27:37,438 - INFO - 1赢了
2025-11-29 16:27:37,456 - INFO - Epoch: 0, Loss: 1.8929, Policy: 1.8812, Value: 0.0293
2025-11-29 16:27:38,021 - INFO - Epoch: 100, Loss: 1.7052, Policy: 1.6939, Value: 0.0281
2025-11-29 16:27:38,533 - INFO - Epoch: 200, Loss: 1.9228, Policy: 1.9122, Value: 0.0266
2025-11-29 16:27:39,030 - INFO - Epoch: 300, Loss: 1.9199, Policy: 1.9075, Value: 0.0312
2025-11-29 16:27:39,549 - INFO - Epoch: 400, Loss: 1.7851, Policy: 1.7749, Value: 0.0255
2025-11-29 16:27:40,078 - INFO - Epoch: 500, Loss: 1.7770, Policy: 1.7683, Value: 0.0217
2025-11-29 16:27:40,603 - INFO - Epoch: 600, Loss: 1.8916, Policy: 1.8847, Value: 0.0173
2025-11-29 16:27:41,121 - INFO - Epoch: 700, Loss: 1.8893, Policy: 1.8803, Value: 0.0224
2025-11-29 16:27:42,661 - INFO - Epoch: 800, Loss: 1.7245, Policy: 1.7126, Value: 0.0296
2025-11-29 16:27:43,163 - INFO - Epoch: 900, Loss: 1.8581, Policy: 1.8469, Value: 0.0280
2025-11-29 16:27:43,659 - INFO - Epoch: 1000, Loss: 1.7863, Policy: 1.7778, Value: 0.0213
2025-11-29 16:27:43,662 - INFO - 训练结束，最新模型已保存到 model.pth
2025-11-29 16:27:43,663 - INFO - 第841局
2025-11-29 16:27:44,807 - INFO - 1赢了
2025-11-29 16:27:44,807 - INFO - 第842局
2025-11-29 16:27:46,584 - INFO - 2赢了
2025-11-29 16:27:46,584 - INFO - 第843局
2025-11-29 16:27:49,129 - INFO - 2赢了
2025-11-29 16:27:49,129 - INFO - 第844局
2025-11-29 16:27:51,042 - INFO - 2赢了
2025-11-29 16:27:51,042 - INFO - 第845局
2025-11-29 16:27:52,343 - INFO - 2赢了
2025-11-29 16:27:52,344 - INFO - 第846局
2025-11-29 16:27:53,396 - INFO - 1赢了
2025-11-29 16:27:53,396 - INFO - 第847局
2025-11-29 16:27:57,979 - INFO - 2赢了
2025-11-29 16:27:57,979 - INFO - 第848局
2025-11-29 16:27:59,819 - INFO - 1赢了
2025-11-29 16:27:59,819 - INFO - 第849局
2025-11-29 16:28:01,497 - INFO - 2赢了
2025-11-29 16:28:01,498 - INFO - 第850局
2025-11-29 16:28:03,421 - INFO - 2赢了
2025-11-29 16:28:03,441 - INFO - Epoch: 0, Loss: 2.0450, Policy: 2.0345, Value: 0.0263
2025-11-29 16:28:04,101 - INFO - Epoch: 100, Loss: 1.9394, Policy: 1.9269, Value: 0.0313
2025-11-29 16:28:04,683 - INFO - Epoch: 200, Loss: 1.7901, Policy: 1.7782, Value: 0.0299
2025-11-29 16:28:05,298 - INFO - Epoch: 300, Loss: 1.6531, Policy: 1.6440, Value: 0.0228
2025-11-29 16:28:05,854 - INFO - Epoch: 400, Loss: 1.8736, Policy: 1.8640, Value: 0.0240
2025-11-29 16:28:06,384 - INFO - Epoch: 500, Loss: 1.7895, Policy: 1.7814, Value: 0.0203
2025-11-29 16:28:06,881 - INFO - Epoch: 600, Loss: 1.7463, Policy: 1.7357, Value: 0.0266
2025-11-29 16:28:07,401 - INFO - Epoch: 700, Loss: 1.7351, Policy: 1.7228, Value: 0.0309
2025-11-29 16:28:07,943 - INFO - Epoch: 800, Loss: 1.7364, Policy: 1.7231, Value: 0.0332
2025-11-29 16:28:08,467 - INFO - Epoch: 900, Loss: 1.9436, Policy: 1.9327, Value: 0.0273
2025-11-29 16:28:08,992 - INFO - Epoch: 1000, Loss: 1.7312, Policy: 1.7223, Value: 0.0224
2025-11-29 16:28:08,996 - INFO - 训练结束，最新模型已保存到 model.pth
2025-11-29 16:28:08,997 - INFO - 第851局
2025-11-29 16:28:10,981 - INFO - 2赢了
2025-11-29 16:28:10,981 - INFO - 第852局
2025-11-29 16:28:12,275 - INFO - 1赢了
2025-11-29 16:28:12,276 - INFO - 第853局
2025-11-29 16:28:13,232 - INFO - 1赢了
2025-11-29 16:28:13,232 - INFO - 第854局
2025-11-29 16:28:15,131 - INFO - 2赢了
2025-11-29 16:28:15,131 - INFO - 第855局
2025-11-29 16:28:17,863 - INFO - 2赢了
2025-11-29 16:28:17,863 - INFO - 第856局
2025-11-29 16:28:20,423 - INFO - 2赢了
2025-11-29 16:28:20,423 - INFO - 第857局
2025-11-29 16:28:26,495 - INFO - 2赢了
2025-11-29 16:28:26,496 - INFO - 第858局
2025-11-29 16:28:29,792 - INFO - 2赢了
2025-11-29 16:28:29,792 - INFO - 第859局
2025-11-29 16:28:31,955 - INFO - 2赢了
2025-11-29 16:28:31,955 - INFO - 第860局
2025-11-29 16:28:34,066 - INFO - 1赢了
2025-11-29 16:28:34,083 - INFO - Epoch: 0, Loss: 1.7190, Policy: 1.7079, Value: 0.0277
2025-11-29 16:28:34,644 - INFO - Epoch: 100, Loss: 1.9279, Policy: 1.9171, Value: 0.0270
2025-11-29 16:28:35,140 - INFO - Epoch: 200, Loss: 1.7484, Policy: 1.7389, Value: 0.0238
2025-11-29 16:28:35,674 - INFO - Epoch: 300, Loss: 1.7756, Policy: 1.7665, Value: 0.0227
2025-11-29 16:28:36,183 - INFO - Epoch: 400, Loss: 1.6761, Policy: 1.6691, Value: 0.0174
2025-11-29 16:28:36,703 - INFO - Epoch: 500, Loss: 1.9787, Policy: 1.9698, Value: 0.0221
2025-11-29 16:28:37,257 - INFO - Epoch: 600, Loss: 1.9508, Policy: 1.9378, Value: 0.0327
2025-11-29 16:28:37,817 - INFO - Epoch: 700, Loss: 2.0916, Policy: 2.0808, Value: 0.0270
2025-11-29 16:28:38,363 - INFO - Epoch: 800, Loss: 1.9661, Policy: 1.9504, Value: 0.0391
2025-11-29 16:28:38,909 - INFO - Epoch: 900, Loss: 1.7402, Policy: 1.7241, Value: 0.0401
2025-11-29 16:28:39,468 - INFO - Epoch: 1000, Loss: 1.7376, Policy: 1.7243, Value: 0.0331
2025-11-29 16:28:39,473 - INFO - 训练结束，最新模型已保存到 model.pth
2025-11-29 16:28:39,474 - INFO - 第861局
2025-11-29 16:28:40,808 - INFO - 2赢了
2025-11-29 16:28:40,808 - INFO - 第862局
2025-11-29 16:28:41,859 - INFO - 1赢了
2025-11-29 16:28:41,859 - INFO - 第863局
2025-11-29 16:28:43,402 - INFO - 1赢了
2025-11-29 16:28:43,402 - INFO - 第864局
2025-11-29 16:28:45,437 - INFO - 2赢了
2025-11-29 16:28:45,438 - INFO - 第865局
2025-11-29 16:28:48,238 - INFO - 2赢了
2025-11-29 16:28:48,238 - INFO - 第866局
2025-11-29 16:28:51,374 - INFO - 1赢了
2025-11-29 16:28:51,374 - INFO - 第867局
2025-11-29 16:28:56,623 - INFO - 2赢了
2025-11-29 16:28:56,623 - INFO - 第868局
2025-11-29 16:28:57,484 - INFO - 2赢了
2025-11-29 16:28:57,484 - INFO - 第869局
2025-11-29 16:28:58,797 - INFO - 2赢了
2025-11-29 16:28:58,797 - INFO - 第870局
2025-11-29 16:28:59,801 - INFO - 1赢了
2025-11-29 16:28:59,820 - INFO - Epoch: 0, Loss: 1.9400, Policy: 1.9264, Value: 0.0340
2025-11-29 16:29:00,379 - INFO - Epoch: 100, Loss: 1.9969, Policy: 1.9840, Value: 0.0322
2025-11-29 16:29:00,862 - INFO - Epoch: 200, Loss: 1.7976, Policy: 1.7861, Value: 0.0288
2025-11-29 16:29:01,332 - INFO - Epoch: 300, Loss: 1.8940, Policy: 1.8832, Value: 0.0270
2025-11-29 16:29:01,853 - INFO - Epoch: 400, Loss: 1.9539, Policy: 1.9327, Value: 0.0531
2025-11-29 16:29:02,370 - INFO - Epoch: 500, Loss: 1.8482, Policy: 1.8278, Value: 0.0512
2025-11-29 16:29:02,895 - INFO - Epoch: 600, Loss: 1.8364, Policy: 1.8223, Value: 0.0353
2025-11-29 16:29:03,415 - INFO - Epoch: 700, Loss: 1.8746, Policy: 1.8685, Value: 0.0153
2025-11-29 16:29:03,969 - INFO - Epoch: 800, Loss: 1.9744, Policy: 1.9619, Value: 0.0314
2025-11-29 16:29:04,548 - INFO - Epoch: 900, Loss: 1.8624, Policy: 1.8515, Value: 0.0271
2025-11-29 16:29:05,120 - INFO - Epoch: 1000, Loss: 1.8440, Policy: 1.8324, Value: 0.0289
2025-11-29 16:29:05,124 - INFO - 训练结束，最新模型已保存到 model.pth
2025-11-29 16:29:05,125 - INFO - 第871局
2025-11-29 16:29:06,142 - INFO - 2赢了
2025-11-29 16:29:06,143 - INFO - 第872局
2025-11-29 16:29:07,596 - INFO - 2赢了
2025-11-29 16:29:07,597 - INFO - 第873局
2025-11-29 16:29:09,571 - INFO - 2赢了
2025-11-29 16:29:09,571 - INFO - 第874局
2025-11-29 16:29:10,430 - INFO - 2赢了
2025-11-29 16:29:10,430 - INFO - 第875局
2025-11-29 16:29:12,235 - INFO - 2赢了
2025-11-29 16:29:12,235 - INFO - 第876局
2025-11-29 16:29:17,283 - INFO - 2赢了
2025-11-29 16:29:17,283 - INFO - 第877局
2025-11-29 16:29:20,730 - INFO - 2赢了
2025-11-29 16:29:20,730 - INFO - 第878局
2025-11-29 16:29:23,471 - INFO - 2赢了
2025-11-29 16:29:23,471 - INFO - 第879局
2025-11-29 16:29:25,009 - INFO - 1赢了
2025-11-29 16:29:25,009 - INFO - 第880局
2025-11-29 16:29:26,230 - INFO - 1赢了
2025-11-29 16:29:26,242 - INFO - Epoch: 0, Loss: 1.7594, Policy: 1.7481, Value: 0.0281
2025-11-29 16:29:26,882 - INFO - Epoch: 100, Loss: 1.8794, Policy: 1.8548, Value: 0.0615
2025-11-29 16:29:27,462 - INFO - Epoch: 200, Loss: 1.9092, Policy: 1.8972, Value: 0.0299
2025-11-29 16:29:28,043 - INFO - Epoch: 300, Loss: 2.0407, Policy: 2.0316, Value: 0.0227
2025-11-29 16:29:28,614 - INFO - Epoch: 400, Loss: 1.8806, Policy: 1.8688, Value: 0.0296
2025-11-29 16:29:29,189 - INFO - Epoch: 500, Loss: 1.8191, Policy: 1.8071, Value: 0.0300
2025-11-29 16:29:29,761 - INFO - Epoch: 600, Loss: 1.9063, Policy: 1.8966, Value: 0.0243
2025-11-29 16:29:30,325 - INFO - Epoch: 700, Loss: 2.0258, Policy: 2.0154, Value: 0.0260
2025-11-29 16:29:30,866 - INFO - Epoch: 800, Loss: 1.8169, Policy: 1.8059, Value: 0.0277
2025-11-29 16:29:31,403 - INFO - Epoch: 900, Loss: 1.8550, Policy: 1.8450, Value: 0.0251
2025-11-29 16:29:31,934 - INFO - Epoch: 1000, Loss: 1.8376, Policy: 1.8270, Value: 0.0266
2025-11-29 16:29:31,938 - INFO - 训练结束，最新模型已保存到 model.pth
2025-11-29 16:29:31,939 - INFO - 第881局
2025-11-29 16:29:32,921 - INFO - 1赢了
2025-11-29 16:29:32,921 - INFO - 第882局
2025-11-29 16:29:34,104 - INFO - 2赢了
2025-11-29 16:29:34,104 - INFO - 第883局
2025-11-29 16:29:35,611 - INFO - 1赢了
2025-11-29 16:29:35,611 - INFO - 第884局
2025-11-29 16:29:36,632 - INFO - 2赢了
2025-11-29 16:29:36,632 - INFO - 第885局
2025-11-29 16:29:39,038 - INFO - 2赢了
2025-11-29 16:29:39,038 - INFO - 第886局
2025-11-29 16:29:40,380 - INFO - 1赢了
2025-11-29 16:29:40,380 - INFO - 第887局
2025-11-29 16:29:41,729 - INFO - 1赢了
2025-11-29 16:29:41,729 - INFO - 第888局
2025-11-29 16:29:43,372 - INFO - 2赢了
2025-11-29 16:29:43,372 - INFO - 第889局
2025-11-29 16:29:46,430 - INFO - 2赢了
2025-11-29 16:29:46,430 - INFO - 第890局
2025-11-29 16:29:48,568 - INFO - 1赢了
2025-11-29 16:29:48,585 - INFO - Epoch: 0, Loss: 1.7945, Policy: 1.7830, Value: 0.0288
2025-11-29 16:29:49,181 - INFO - Epoch: 100, Loss: 1.7854, Policy: 1.7758, Value: 0.0240
2025-11-29 16:29:49,711 - INFO - Epoch: 200, Loss: 2.0156, Policy: 2.0046, Value: 0.0274
2025-11-29 16:29:50,236 - INFO - Epoch: 300, Loss: 1.9085, Policy: 1.8919, Value: 0.0414
2025-11-29 16:29:50,752 - INFO - Epoch: 400, Loss: 1.9718, Policy: 1.9573, Value: 0.0362
2025-11-29 16:29:51,265 - INFO - Epoch: 500, Loss: 1.8803, Policy: 1.8701, Value: 0.0254
2025-11-29 16:29:51,804 - INFO - Epoch: 600, Loss: 1.9543, Policy: 1.9426, Value: 0.0293
2025-11-29 16:29:52,314 - INFO - Epoch: 700, Loss: 1.7504, Policy: 1.7407, Value: 0.0244
2025-11-29 16:29:52,833 - INFO - Epoch: 800, Loss: 1.9015, Policy: 1.8906, Value: 0.0272
2025-11-29 16:29:53,344 - INFO - Epoch: 900, Loss: 1.7866, Policy: 1.7756, Value: 0.0274
2025-11-29 16:29:53,853 - INFO - Epoch: 1000, Loss: 1.8610, Policy: 1.8486, Value: 0.0312
2025-11-29 16:29:53,857 - INFO - 训练结束，最新模型已保存到 model.pth
2025-11-29 16:29:53,857 - INFO - 第891局
2025-11-29 16:29:56,813 - INFO - 2赢了
2025-11-29 16:29:56,813 - INFO - 第892局
2025-11-29 16:29:57,941 - INFO - 2赢了
2025-11-29 16:29:57,941 - INFO - 第893局
2025-11-29 16:30:00,485 - INFO - 2赢了
2025-11-29 16:30:00,486 - INFO - 第894局
2025-11-29 16:30:01,452 - INFO - 1赢了
2025-11-29 16:30:01,452 - INFO - 第895局
2025-11-29 16:30:02,572 - INFO - 2赢了
2025-11-29 16:30:02,572 - INFO - 第896局
2025-11-29 16:30:06,299 - INFO - 1赢了
2025-11-29 16:30:06,299 - INFO - 第897局
2025-11-29 16:30:08,123 - INFO - 2赢了
2025-11-29 16:30:08,123 - INFO - 第898局
2025-11-29 16:30:10,565 - INFO - 2赢了
2025-11-29 16:30:10,565 - INFO - 第899局
2025-11-29 16:30:12,184 - INFO - 2赢了
2025-11-29 16:30:12,184 - INFO - 第900局
2025-11-29 16:30:13,530 - INFO - 1赢了
2025-11-29 16:30:13,544 - INFO - Epoch: 0, Loss: 1.8098, Policy: 1.7976, Value: 0.0304
2025-11-29 16:30:14,148 - INFO - Epoch: 100, Loss: 1.8972, Policy: 1.8781, Value: 0.0476
2025-11-29 16:30:14,641 - INFO - Epoch: 200, Loss: 1.8585, Policy: 1.8443, Value: 0.0355
2025-11-29 16:30:15,132 - INFO - Epoch: 300, Loss: 1.8340, Policy: 1.8233, Value: 0.0266
2025-11-29 16:30:15,658 - INFO - Epoch: 400, Loss: 1.9462, Policy: 1.9286, Value: 0.0440
2025-11-29 16:30:16,176 - INFO - Epoch: 500, Loss: 1.8735, Policy: 1.8604, Value: 0.0327
2025-11-29 16:30:16,758 - INFO - Epoch: 600, Loss: 1.9519, Policy: 1.9390, Value: 0.0323
2025-11-29 16:30:17,309 - INFO - Epoch: 700, Loss: 1.8488, Policy: 1.8338, Value: 0.0375
2025-11-29 16:30:17,888 - INFO - Epoch: 800, Loss: 1.7531, Policy: 1.7457, Value: 0.0186
2025-11-29 16:30:18,449 - INFO - Epoch: 900, Loss: 1.9205, Policy: 1.9122, Value: 0.0208
2025-11-29 16:30:18,996 - INFO - Epoch: 1000, Loss: 1.8444, Policy: 1.8325, Value: 0.0297
2025-11-29 16:30:19,000 - INFO - 训练结束，最新模型已保存到 model.pth
2025-11-29 16:30:19,003 - INFO - 保存模型快照: /home/ktfine/IAteamwork/AlphaZero_Five/models/model_game_900.pth
2025-11-29 16:30:19,003 - INFO - 缓存区数据量: 8365
2025-11-29 16:30:19,756 - INFO - 第901局
2025-11-29 16:30:21,686 - INFO - 2赢了
2025-11-29 16:30:21,686 - INFO - 第902局
2025-11-29 16:30:24,835 - INFO - 2赢了
2025-11-29 16:30:24,836 - INFO - 第903局
2025-11-29 16:30:26,555 - INFO - 2赢了
2025-11-29 16:30:26,555 - INFO - 第904局
2025-11-29 16:30:27,886 - INFO - 1赢了
2025-11-29 16:30:27,886 - INFO - 第905局
2025-11-29 16:30:30,589 - INFO - 2赢了
2025-11-29 16:30:30,589 - INFO - 第906局
2025-11-29 16:30:32,483 - INFO - 1赢了
2025-11-29 16:30:32,483 - INFO - 第907局
2025-11-29 16:30:35,566 - INFO - 1赢了
2025-11-29 16:30:35,566 - INFO - 第908局
2025-11-29 16:30:36,430 - INFO - 2赢了
2025-11-29 16:30:36,430 - INFO - 第909局
2025-11-29 16:30:39,139 - INFO - 1赢了
2025-11-29 16:30:39,139 - INFO - 第910局
2025-11-29 16:30:40,400 - INFO - 1赢了
2025-11-29 16:30:40,418 - INFO - Epoch: 0, Loss: 1.9725, Policy: 1.9517, Value: 0.0519
2025-11-29 16:30:40,999 - INFO - Epoch: 100, Loss: 1.8387, Policy: 1.8269, Value: 0.0294
2025-11-29 16:30:41,568 - INFO - Epoch: 200, Loss: 1.8410, Policy: 1.8318, Value: 0.0229
2025-11-29 16:30:42,095 - INFO - Epoch: 300, Loss: 1.8863, Policy: 1.8737, Value: 0.0316
2025-11-29 16:30:42,678 - INFO - Epoch: 400, Loss: 1.8863, Policy: 1.8683, Value: 0.0448
2025-11-29 16:30:43,241 - INFO - Epoch: 500, Loss: 1.8667, Policy: 1.8547, Value: 0.0302
2025-11-29 16:30:43,796 - INFO - Epoch: 600, Loss: 1.7236, Policy: 1.7128, Value: 0.0269
2025-11-29 16:30:44,343 - INFO - Epoch: 700, Loss: 1.9794, Policy: 1.9659, Value: 0.0337
2025-11-29 16:30:44,833 - INFO - Epoch: 800, Loss: 1.8884, Policy: 1.8780, Value: 0.0260
2025-11-29 16:30:45,331 - INFO - Epoch: 900, Loss: 1.9160, Policy: 1.8935, Value: 0.0561
2025-11-29 16:30:45,880 - INFO - Epoch: 1000, Loss: 1.9942, Policy: 1.9844, Value: 0.0247
2025-11-29 16:30:45,885 - INFO - 训练结束，最新模型已保存到 model.pth
2025-11-29 16:30:45,885 - INFO - 第911局
2025-11-29 16:30:47,100 - INFO - 2赢了
2025-11-29 16:30:47,100 - INFO - 第912局
2025-11-29 16:30:48,325 - INFO - 2赢了
2025-11-29 16:30:48,325 - INFO - 第913局
2025-11-29 16:30:49,650 - INFO - 2赢了
2025-11-29 16:30:49,650 - INFO - 第914局
2025-11-29 16:30:51,104 - INFO - 1赢了
2025-11-29 16:30:51,104 - INFO - 第915局
2025-11-29 16:30:52,593 - INFO - 2赢了
2025-11-29 16:30:52,593 - INFO - 第916局
2025-11-29 16:30:54,487 - INFO - 2赢了
2025-11-29 16:30:54,487 - INFO - 第917局
2025-11-29 16:30:57,122 - INFO - 2赢了
2025-11-29 16:30:57,122 - INFO - 第918局
2025-11-29 16:30:58,535 - INFO - 2赢了
2025-11-29 16:30:58,535 - INFO - 第919局
2025-11-29 16:30:59,853 - INFO - 2赢了
2025-11-29 16:30:59,853 - INFO - 第920局
2025-11-29 16:31:01,729 - INFO - 2赢了
2025-11-29 16:31:01,744 - INFO - Epoch: 0, Loss: 1.9028, Policy: 1.8934, Value: 0.0236
2025-11-29 16:31:02,378 - INFO - Epoch: 100, Loss: 1.7661, Policy: 1.7531, Value: 0.0326
2025-11-29 16:31:02,923 - INFO - Epoch: 200, Loss: 1.8710, Policy: 1.8625, Value: 0.0212
2025-11-29 16:31:03,462 - INFO - Epoch: 300, Loss: 1.9056, Policy: 1.8944, Value: 0.0281
2025-11-29 16:31:03,971 - INFO - Epoch: 400, Loss: 1.8134, Policy: 1.8046, Value: 0.0220
2025-11-29 16:31:04,498 - INFO - Epoch: 500, Loss: 1.8628, Policy: 1.8538, Value: 0.0224
2025-11-29 16:31:05,023 - INFO - Epoch: 600, Loss: 1.8133, Policy: 1.8014, Value: 0.0297
2025-11-29 16:31:05,528 - INFO - Epoch: 700, Loss: 2.0050, Policy: 1.9939, Value: 0.0276
2025-11-29 16:31:06,033 - INFO - Epoch: 800, Loss: 1.7662, Policy: 1.7562, Value: 0.0250
2025-11-29 16:31:06,545 - INFO - Epoch: 900, Loss: 1.8860, Policy: 1.8653, Value: 0.0519
2025-11-29 16:31:07,063 - INFO - Epoch: 1000, Loss: 1.6891, Policy: 1.6797, Value: 0.0236
2025-11-29 16:31:07,067 - INFO - 训练结束，最新模型已保存到 model.pth
2025-11-29 16:31:07,067 - INFO - 第921局
2025-11-29 16:31:08,027 - INFO - 2赢了
2025-11-29 16:31:08,027 - INFO - 第922局
2025-11-29 16:31:11,210 - INFO - 2赢了
2025-11-29 16:31:11,210 - INFO - 第923局
2025-11-29 16:31:12,551 - INFO - 2赢了
2025-11-29 16:31:12,551 - INFO - 第924局
2025-11-29 16:31:15,291 - INFO - 2赢了
2025-11-29 16:31:15,291 - INFO - 第925局
2025-11-29 16:31:16,665 - INFO - 2赢了
2025-11-29 16:31:16,665 - INFO - 第926局
2025-11-29 16:31:19,270 - INFO - 2赢了
2025-11-29 16:31:19,270 - INFO - 第927局
2025-11-29 16:31:20,709 - INFO - 2赢了
2025-11-29 16:31:20,710 - INFO - 第928局
2025-11-29 16:31:22,808 - INFO - 2赢了
2025-11-29 16:31:22,808 - INFO - 第929局
2025-11-29 16:31:24,223 - INFO - 1赢了
2025-11-29 16:31:24,223 - INFO - 第930局
2025-11-29 16:31:28,451 - INFO - 1赢了
2025-11-29 16:31:28,464 - INFO - Epoch: 0, Loss: 1.7747, Policy: 1.7627, Value: 0.0300
2025-11-29 16:31:29,081 - INFO - Epoch: 100, Loss: 1.7523, Policy: 1.7397, Value: 0.0316
2025-11-29 16:31:29,576 - INFO - Epoch: 200, Loss: 1.8335, Policy: 1.8229, Value: 0.0263
2025-11-29 16:31:30,086 - INFO - Epoch: 300, Loss: 1.9619, Policy: 1.9518, Value: 0.0251
2025-11-29 16:31:30,605 - INFO - Epoch: 400, Loss: 1.8768, Policy: 1.8615, Value: 0.0384
2025-11-29 16:31:31,104 - INFO - Epoch: 500, Loss: 1.8682, Policy: 1.8564, Value: 0.0295
2025-11-29 16:31:31,609 - INFO - Epoch: 600, Loss: 1.9590, Policy: 1.9361, Value: 0.0571
2025-11-29 16:31:32,121 - INFO - Epoch: 700, Loss: 1.7436, Policy: 1.7188, Value: 0.0618
2025-11-29 16:31:32,621 - INFO - Epoch: 800, Loss: 1.8353, Policy: 1.8255, Value: 0.0246
2025-11-29 16:31:33,129 - INFO - Epoch: 900, Loss: 1.7151, Policy: 1.7028, Value: 0.0305
2025-11-29 16:31:33,639 - INFO - Epoch: 1000, Loss: 1.8086, Policy: 1.8007, Value: 0.0198
2025-11-29 16:31:33,642 - INFO - 训练结束，最新模型已保存到 model.pth
2025-11-29 16:31:33,643 - INFO - 第931局
2025-11-29 16:31:34,818 - INFO - 1赢了
2025-11-29 16:31:34,818 - INFO - 第932局
2025-11-29 16:31:35,929 - INFO - 2赢了
2025-11-29 16:31:35,929 - INFO - 第933局
2025-11-29 16:31:37,812 - INFO - 2赢了
2025-11-29 16:31:37,812 - INFO - 第934局
2025-11-29 16:31:39,265 - INFO - 1赢了
2025-11-29 16:31:39,265 - INFO - 第935局
2025-11-29 16:31:40,539 - INFO - 1赢了
2025-11-29 16:31:40,539 - INFO - 第936局
2025-11-29 16:31:44,745 - INFO - 2赢了
2025-11-29 16:31:44,745 - INFO - 第937局
2025-11-29 16:31:47,084 - INFO - 2赢了
2025-11-29 16:31:47,084 - INFO - 第938局
2025-11-29 16:31:48,496 - INFO - 1赢了
2025-11-29 16:31:48,496 - INFO - 第939局
2025-11-29 16:31:50,239 - INFO - 2赢了
2025-11-29 16:31:50,239 - INFO - 第940局
2025-11-29 16:31:54,806 - INFO - 1赢了
2025-11-29 16:31:54,826 - INFO - Epoch: 0, Loss: 1.9212, Policy: 1.9125, Value: 0.0217
2025-11-29 16:31:55,432 - INFO - Epoch: 100, Loss: 1.9018, Policy: 1.8911, Value: 0.0268
2025-11-29 16:31:55,933 - INFO - Epoch: 200, Loss: 1.8548, Policy: 1.8474, Value: 0.0185
2025-11-29 16:31:56,436 - INFO - Epoch: 300, Loss: 1.7802, Policy: 1.7699, Value: 0.0259
2025-11-29 16:31:56,954 - INFO - Epoch: 400, Loss: 1.8210, Policy: 1.8124, Value: 0.0215
2025-11-29 16:31:57,471 - INFO - Epoch: 500, Loss: 1.8426, Policy: 1.8308, Value: 0.0296
2025-11-29 16:31:57,988 - INFO - Epoch: 600, Loss: 1.8523, Policy: 1.8410, Value: 0.0283
2025-11-29 16:31:58,499 - INFO - Epoch: 700, Loss: 1.7440, Policy: 1.7319, Value: 0.0303
2025-11-29 16:31:59,001 - INFO - Epoch: 800, Loss: 1.9773, Policy: 1.9674, Value: 0.0248
2025-11-29 16:31:59,485 - INFO - Epoch: 900, Loss: 1.9118, Policy: 1.8898, Value: 0.0549
2025-11-29 16:31:59,959 - INFO - Epoch: 1000, Loss: 1.8787, Policy: 1.8679, Value: 0.0269
2025-11-29 16:31:59,962 - INFO - 训练结束，最新模型已保存到 model.pth
2025-11-29 16:31:59,963 - INFO - 第941局
2025-11-29 16:32:02,125 - INFO - 2赢了
2025-11-29 16:32:02,125 - INFO - 第942局
2025-11-29 16:32:03,732 - INFO - 2赢了
2025-11-29 16:32:03,732 - INFO - 第943局
2025-11-29 16:32:06,654 - INFO - 2赢了
2025-11-29 16:32:06,654 - INFO - 第944局
2025-11-29 16:32:09,056 - INFO - 2赢了
2025-11-29 16:32:09,056 - INFO - 第945局
2025-11-29 16:32:10,465 - INFO - 2赢了
2025-11-29 16:32:10,466 - INFO - 第946局
2025-11-29 16:32:13,305 - INFO - 1赢了
2025-11-29 16:32:13,305 - INFO - 第947局
2025-11-29 16:32:16,262 - INFO - 1赢了
2025-11-29 16:32:16,262 - INFO - 第948局
2025-11-29 16:32:18,094 - INFO - 2赢了
2025-11-29 16:32:18,094 - INFO - 第949局
2025-11-29 16:32:19,639 - INFO - 2赢了
2025-11-29 16:32:19,639 - INFO - 第950局
2025-11-29 16:32:20,518 - INFO - 2赢了
2025-11-29 16:32:20,539 - INFO - Epoch: 0, Loss: 1.8198, Policy: 1.8066, Value: 0.0330
2025-11-29 16:32:21,131 - INFO - Epoch: 100, Loss: 1.9448, Policy: 1.9311, Value: 0.0342
2025-11-29 16:32:21,697 - INFO - Epoch: 200, Loss: 1.7386, Policy: 1.7228, Value: 0.0396
2025-11-29 16:32:22,244 - INFO - Epoch: 300, Loss: 1.8927, Policy: 1.8812, Value: 0.0286
2025-11-29 16:32:22,787 - INFO - Epoch: 400, Loss: 1.8459, Policy: 1.8328, Value: 0.0328
2025-11-29 16:32:23,379 - INFO - Epoch: 500, Loss: 1.8788, Policy: 1.8664, Value: 0.0309
2025-11-29 16:32:23,940 - INFO - Epoch: 600, Loss: 1.7668, Policy: 1.7554, Value: 0.0286
2025-11-29 16:32:24,482 - INFO - Epoch: 700, Loss: 1.9178, Policy: 1.9043, Value: 0.0337
2025-11-29 16:32:26,196 - INFO - Epoch: 800, Loss: 1.8461, Policy: 1.8325, Value: 0.0339
2025-11-29 16:32:26,782 - INFO - Epoch: 900, Loss: 1.8688, Policy: 1.8583, Value: 0.0262
2025-11-29 16:32:27,373 - INFO - Epoch: 1000, Loss: 1.8192, Policy: 1.8071, Value: 0.0302
2025-11-29 16:32:27,377 - INFO - 训练结束，最新模型已保存到 model.pth
2025-11-29 16:32:27,378 - INFO - 第951局
2025-11-29 16:32:30,602 - INFO - 2赢了
2025-11-29 16:32:30,602 - INFO - 第952局
2025-11-29 16:32:31,471 - INFO - 1赢了
2025-11-29 16:32:31,471 - INFO - 第953局
2025-11-29 16:32:37,538 - INFO - 1赢了
2025-11-29 16:32:37,538 - INFO - 第954局
2025-11-29 16:32:40,490 - INFO - 2赢了
2025-11-29 16:32:40,490 - INFO - 第955局
2025-11-29 16:32:42,360 - INFO - 2赢了
2025-11-29 16:32:42,360 - INFO - 第956局
2025-11-29 16:32:44,069 - INFO - 2赢了
2025-11-29 16:32:44,069 - INFO - 第957局
2025-11-29 16:32:45,725 - INFO - 2赢了
2025-11-29 16:32:45,725 - INFO - 第958局
2025-11-29 16:32:47,192 - INFO - 1赢了
2025-11-29 16:32:47,192 - INFO - 第959局
2025-11-29 16:32:48,610 - INFO - 1赢了
2025-11-29 16:32:48,610 - INFO - 第960局
2025-11-29 16:32:50,488 - INFO - 2赢了
2025-11-29 16:32:50,502 - INFO - Epoch: 0, Loss: 1.8867, Policy: 1.8728, Value: 0.0348
2025-11-29 16:32:51,108 - INFO - Epoch: 100, Loss: 1.8442, Policy: 1.8317, Value: 0.0312
2025-11-29 16:32:51,621 - INFO - Epoch: 200, Loss: 1.7785, Policy: 1.7687, Value: 0.0243
2025-11-29 16:32:52,133 - INFO - Epoch: 300, Loss: 1.8941, Policy: 1.8815, Value: 0.0315
2025-11-29 16:32:52,650 - INFO - Epoch: 400, Loss: 1.8251, Policy: 1.7984, Value: 0.0670
2025-11-29 16:32:53,193 - INFO - Epoch: 500, Loss: 1.7436, Policy: 1.7317, Value: 0.0298
2025-11-29 16:32:53,701 - INFO - Epoch: 600, Loss: 1.8343, Policy: 1.8196, Value: 0.0367
2025-11-29 16:32:54,218 - INFO - Epoch: 700, Loss: 1.7235, Policy: 1.7092, Value: 0.0357
2025-11-29 16:32:54,744 - INFO - Epoch: 800, Loss: 1.9354, Policy: 1.9223, Value: 0.0328
2025-11-29 16:32:55,257 - INFO - Epoch: 900, Loss: 1.7791, Policy: 1.7713, Value: 0.0193
2025-11-29 16:32:55,766 - INFO - Epoch: 1000, Loss: 1.7780, Policy: 1.7687, Value: 0.0233
2025-11-29 16:32:55,769 - INFO - 训练结束，最新模型已保存到 model.pth
2025-11-29 16:32:55,770 - INFO - 第961局
2025-11-29 16:33:00,187 - INFO - 2赢了
2025-11-29 16:33:00,187 - INFO - 第962局
2025-11-29 16:33:03,103 - INFO - 2赢了
2025-11-29 16:33:03,103 - INFO - 第963局
2025-11-29 16:33:04,068 - INFO - 2赢了
2025-11-29 16:33:04,069 - INFO - 第964局
2025-11-29 16:33:06,453 - INFO - 2赢了
2025-11-29 16:33:06,453 - INFO - 第965局
2025-11-29 16:33:08,245 - INFO - 2赢了
2025-11-29 16:33:08,245 - INFO - 第966局
2025-11-29 16:33:10,591 - INFO - 2赢了
2025-11-29 16:33:10,592 - INFO - 第967局
2025-11-29 16:33:11,726 - INFO - 2赢了
2025-11-29 16:33:11,726 - INFO - 第968局
2025-11-29 16:33:13,541 - INFO - 2赢了
2025-11-29 16:33:13,541 - INFO - 第969局
2025-11-29 16:33:16,271 - INFO - 2赢了
2025-11-29 16:33:16,271 - INFO - 第970局
2025-11-29 16:33:18,987 - INFO - 2赢了
2025-11-29 16:33:19,001 - INFO - Epoch: 0, Loss: 1.8048, Policy: 1.7973, Value: 0.0190
2025-11-29 16:33:19,626 - INFO - Epoch: 100, Loss: 1.8917, Policy: 1.8766, Value: 0.0378
2025-11-29 16:33:20,147 - INFO - Epoch: 200, Loss: 1.8559, Policy: 1.8423, Value: 0.0341
2025-11-29 16:33:20,670 - INFO - Epoch: 300, Loss: 1.8275, Policy: 1.8163, Value: 0.0281
2025-11-29 16:33:21,185 - INFO - Epoch: 400, Loss: 1.9378, Policy: 1.9241, Value: 0.0343
2025-11-29 16:33:21,718 - INFO - Epoch: 500, Loss: 1.8261, Policy: 1.8133, Value: 0.0320
2025-11-29 16:33:22,240 - INFO - Epoch: 600, Loss: 1.8876, Policy: 1.8784, Value: 0.0229
2025-11-29 16:33:22,768 - INFO - Epoch: 700, Loss: 1.8514, Policy: 1.8380, Value: 0.0335
2025-11-29 16:33:23,287 - INFO - Epoch: 800, Loss: 1.7520, Policy: 1.7408, Value: 0.0278
2025-11-29 16:33:23,809 - INFO - Epoch: 900, Loss: 1.8786, Policy: 1.8711, Value: 0.0186
2025-11-29 16:33:24,353 - INFO - Epoch: 1000, Loss: 1.8019, Policy: 1.7899, Value: 0.0301
2025-11-29 16:33:24,357 - INFO - 训练结束，最新模型已保存到 model.pth
2025-11-29 16:33:24,358 - INFO - 第971局
2025-11-29 16:33:26,954 - INFO - 2赢了
2025-11-29 16:33:26,954 - INFO - 第972局
2025-11-29 16:33:29,165 - INFO - 2赢了
2025-11-29 16:33:29,165 - INFO - 第973局
2025-11-29 16:33:30,735 - INFO - 2赢了
2025-11-29 16:33:30,735 - INFO - 第974局
2025-11-29 16:33:33,633 - INFO - 2赢了
2025-11-29 16:33:33,634 - INFO - 第975局
2025-11-29 16:33:35,767 - INFO - 2赢了
2025-11-29 16:33:35,767 - INFO - 第976局
2025-11-29 16:33:37,558 - INFO - 2赢了
2025-11-29 16:33:37,559 - INFO - 第977局
2025-11-29 16:33:38,911 - INFO - 1赢了
2025-11-29 16:33:38,911 - INFO - 第978局
2025-11-29 16:33:40,179 - INFO - 2赢了
2025-11-29 16:33:40,179 - INFO - 第979局
2025-11-29 16:33:41,704 - INFO - 2赢了
2025-11-29 16:33:41,704 - INFO - 第980局
2025-11-29 16:33:45,126 - INFO - 2赢了
2025-11-29 16:33:45,146 - INFO - Epoch: 0, Loss: 1.8634, Policy: 1.8526, Value: 0.0269
2025-11-29 16:33:45,738 - INFO - Epoch: 100, Loss: 1.8832, Policy: 1.8689, Value: 0.0356
2025-11-29 16:33:46,230 - INFO - Epoch: 200, Loss: 1.9187, Policy: 1.9075, Value: 0.0281
2025-11-29 16:33:46,699 - INFO - Epoch: 300, Loss: 1.9240, Policy: 1.9085, Value: 0.0388
2025-11-29 16:33:47,200 - INFO - Epoch: 400, Loss: 1.7044, Policy: 1.6921, Value: 0.0310
2025-11-29 16:33:47,694 - INFO - Epoch: 500, Loss: 1.7549, Policy: 1.7457, Value: 0.0231
2025-11-29 16:33:48,165 - INFO - Epoch: 600, Loss: 1.8130, Policy: 1.8011, Value: 0.0298
2025-11-29 16:33:48,644 - INFO - Epoch: 700, Loss: 1.9485, Policy: 1.9394, Value: 0.0226
2025-11-29 16:33:49,116 - INFO - Epoch: 800, Loss: 1.8030, Policy: 1.7946, Value: 0.0210
2025-11-29 16:33:49,609 - INFO - Epoch: 900, Loss: 1.7437, Policy: 1.7343, Value: 0.0235
2025-11-29 16:33:50,090 - INFO - Epoch: 1000, Loss: 1.8772, Policy: 1.8655, Value: 0.0292
2025-11-29 16:33:50,094 - INFO - 训练结束，最新模型已保存到 model.pth
2025-11-29 16:33:50,095 - INFO - 第981局
2025-11-29 16:33:51,484 - INFO - 2赢了
2025-11-29 16:33:51,485 - INFO - 第982局
2025-11-29 16:33:54,384 - INFO - 1赢了
2025-11-29 16:33:54,384 - INFO - 第983局
2025-11-29 16:33:56,933 - INFO - 2赢了
2025-11-29 16:33:56,933 - INFO - 第984局
2025-11-29 16:33:58,875 - INFO - 2赢了
2025-11-29 16:33:58,875 - INFO - 第985局
2025-11-29 16:34:00,671 - INFO - 1赢了
2025-11-29 16:34:00,671 - INFO - 第986局
2025-11-29 16:34:02,104 - INFO - 1赢了
2025-11-29 16:34:02,104 - INFO - 第987局
2025-11-29 16:34:03,001 - INFO - 2赢了
2025-11-29 16:34:03,001 - INFO - 第988局
2025-11-29 16:34:08,727 - INFO - 2赢了
2025-11-29 16:34:08,727 - INFO - 第989局
2025-11-29 16:34:10,497 - INFO - 2赢了
2025-11-29 16:34:10,497 - INFO - 第990局
2025-11-29 16:34:11,870 - INFO - 2赢了
2025-11-29 16:34:11,887 - INFO - Epoch: 0, Loss: 1.8539, Policy: 1.8461, Value: 0.0193
2025-11-29 16:34:12,490 - INFO - Epoch: 100, Loss: 1.8458, Policy: 1.8354, Value: 0.0261
2025-11-29 16:34:13,038 - INFO - Epoch: 200, Loss: 1.9167, Policy: 1.9056, Value: 0.0279
2025-11-29 16:34:13,600 - INFO - Epoch: 300, Loss: 1.8842, Policy: 1.8708, Value: 0.0335
2025-11-29 16:34:14,137 - INFO - Epoch: 400, Loss: 1.7580, Policy: 1.7460, Value: 0.0302
2025-11-29 16:34:14,695 - INFO - Epoch: 500, Loss: 1.7469, Policy: 1.7377, Value: 0.0231
2025-11-29 16:34:15,242 - INFO - Epoch: 600, Loss: 1.9034, Policy: 1.8940, Value: 0.0234
2025-11-29 16:34:15,797 - INFO - Epoch: 700, Loss: 2.0260, Policy: 2.0142, Value: 0.0294
2025-11-29 16:34:16,360 - INFO - Epoch: 800, Loss: 1.9055, Policy: 1.8917, Value: 0.0345
2025-11-29 16:34:16,947 - INFO - Epoch: 900, Loss: 1.8358, Policy: 1.8228, Value: 0.0326
2025-11-29 16:34:17,527 - INFO - Epoch: 1000, Loss: 1.8743, Policy: 1.8646, Value: 0.0241
2025-11-29 16:34:17,530 - INFO - 训练结束，最新模型已保存到 model.pth
2025-11-29 16:34:17,531 - INFO - 第991局
2025-11-29 16:34:20,788 - INFO - 2赢了
2025-11-29 16:34:20,788 - INFO - 第992局
2025-11-29 16:34:22,404 - INFO - 1赢了
2025-11-29 16:34:22,404 - INFO - 第993局
2025-11-29 16:34:23,821 - INFO - 2赢了
2025-11-29 16:34:23,821 - INFO - 第994局
2025-11-29 16:34:25,650 - INFO - 2赢了
2025-11-29 16:34:25,650 - INFO - 第995局
2025-11-29 16:34:29,016 - INFO - 2赢了
2025-11-29 16:34:29,017 - INFO - 第996局
2025-11-29 16:34:32,655 - INFO - 2赢了
2025-11-29 16:34:32,656 - INFO - 第997局
2025-11-29 16:34:35,048 - INFO - 2赢了
2025-11-29 16:34:35,048 - INFO - 第998局
2025-11-29 16:34:36,643 - INFO - 2赢了
2025-11-29 16:34:36,643 - INFO - 第999局
2025-11-29 16:34:38,487 - INFO - 2赢了
2025-11-29 16:34:38,487 - INFO - 第1000局
2025-11-29 16:34:39,634 - INFO - 2赢了
2025-11-29 16:34:39,652 - INFO - Epoch: 0, Loss: 2.0742, Policy: 2.0522, Value: 0.0548
2025-11-29 16:34:40,214 - INFO - Epoch: 100, Loss: 1.8907, Policy: 1.8747, Value: 0.0399
2025-11-29 16:34:40,691 - INFO - Epoch: 200, Loss: 1.8300, Policy: 1.8211, Value: 0.0224
2025-11-29 16:34:41,200 - INFO - Epoch: 300, Loss: 1.7219, Policy: 1.7112, Value: 0.0269
2025-11-29 16:34:41,719 - INFO - Epoch: 400, Loss: 1.8432, Policy: 1.8332, Value: 0.0250
2025-11-29 16:34:42,243 - INFO - Epoch: 500, Loss: 1.9046, Policy: 1.8900, Value: 0.0365
2025-11-29 16:34:42,780 - INFO - Epoch: 600, Loss: 1.9276, Policy: 1.9148, Value: 0.0320
2025-11-29 16:34:43,307 - INFO - Epoch: 700, Loss: 1.7350, Policy: 1.7212, Value: 0.0346
2025-11-29 16:34:43,822 - INFO - Epoch: 800, Loss: 1.8298, Policy: 1.8198, Value: 0.0248
2025-11-29 16:34:44,316 - INFO - Epoch: 900, Loss: 1.8641, Policy: 1.8545, Value: 0.0241
2025-11-29 16:34:44,824 - INFO - Epoch: 1000, Loss: 1.8601, Policy: 1.8509, Value: 0.0228
2025-11-29 16:34:44,828 - INFO - 训练结束，最新模型已保存到 model.pth
2025-11-29 16:34:44,829 - INFO - 第1001局
2025-11-29 16:34:46,277 - INFO - 2赢了
2025-11-29 16:34:46,278 - INFO - 第1002局
2025-11-29 16:34:47,855 - INFO - 2赢了
2025-11-29 16:34:47,855 - INFO - 第1003局
2025-11-29 16:34:49,498 - INFO - 2赢了
2025-11-29 16:34:49,498 - INFO - 第1004局
2025-11-29 16:34:50,809 - INFO - 2赢了
2025-11-29 16:34:50,810 - INFO - 第1005局
2025-11-29 16:34:53,606 - INFO - 2赢了
2025-11-29 16:34:53,606 - INFO - 第1006局
2025-11-29 16:34:56,311 - INFO - 2赢了
2025-11-29 16:34:56,311 - INFO - 第1007局
2025-11-29 16:34:57,859 - INFO - 2赢了
2025-11-29 16:34:57,859 - INFO - 第1008局
2025-11-29 16:34:59,080 - INFO - 1赢了
2025-11-29 16:34:59,080 - INFO - 第1009局
2025-11-29 16:35:00,569 - INFO - 2赢了
2025-11-29 16:35:00,569 - INFO - 第1010局
2025-11-29 16:35:01,728 - INFO - 2赢了
2025-11-29 16:35:01,745 - INFO - Epoch: 0, Loss: 1.8215, Policy: 1.8126, Value: 0.0223
2025-11-29 16:35:02,353 - INFO - Epoch: 100, Loss: 1.8388, Policy: 1.8273, Value: 0.0287
2025-11-29 16:35:02,884 - INFO - Epoch: 200, Loss: 1.9449, Policy: 1.9291, Value: 0.0394
2025-11-29 16:35:03,421 - INFO - Epoch: 300, Loss: 1.7872, Policy: 1.7774, Value: 0.0245
2025-11-29 16:35:03,959 - INFO - Epoch: 400, Loss: 1.9191, Policy: 1.9082, Value: 0.0272
2025-11-29 16:35:04,521 - INFO - Epoch: 500, Loss: 1.7063, Policy: 1.6942, Value: 0.0301
2025-11-29 16:35:05,077 - INFO - Epoch: 600, Loss: 1.8422, Policy: 1.8317, Value: 0.0265
2025-11-29 16:35:05,599 - INFO - Epoch: 700, Loss: 1.8208, Policy: 1.8109, Value: 0.0246
2025-11-29 16:35:06,115 - INFO - Epoch: 800, Loss: 1.9074, Policy: 1.8983, Value: 0.0229
2025-11-29 16:35:06,618 - INFO - Epoch: 900, Loss: 1.7049, Policy: 1.6964, Value: 0.0213
2025-11-29 16:35:07,185 - INFO - Epoch: 1000, Loss: 1.8758, Policy: 1.8631, Value: 0.0316
2025-11-29 16:35:07,189 - INFO - 训练结束，最新模型已保存到 model.pth
2025-11-29 16:35:07,190 - INFO - 第1011局
2025-11-29 16:35:08,868 - INFO - 2赢了
2025-11-29 16:35:08,869 - INFO - 第1012局
2025-11-29 16:35:10,145 - INFO - 2赢了
2025-11-29 16:35:10,145 - INFO - 第1013局
2025-11-29 16:35:15,013 - INFO - 1赢了
2025-11-29 16:35:15,013 - INFO - 第1014局
2025-11-29 16:35:16,928 - INFO - 2赢了
2025-11-29 16:35:16,928 - INFO - 第1015局
2025-11-29 16:35:18,728 - INFO - 2赢了
2025-11-29 16:35:18,728 - INFO - 第1016局
2025-11-29 16:35:20,217 - INFO - 2赢了
2025-11-29 16:35:20,217 - INFO - 第1017局
2025-11-29 16:35:21,246 - INFO - 2赢了
2025-11-29 16:35:21,246 - INFO - 第1018局
2025-11-29 16:35:23,816 - INFO - 2赢了
2025-11-29 16:35:23,816 - INFO - 第1019局
2025-11-29 16:35:26,438 - INFO - 1赢了
2025-11-29 16:35:26,438 - INFO - 第1020局
2025-11-29 16:35:29,296 - INFO - 1赢了
2025-11-29 16:35:29,314 - INFO - Epoch: 0, Loss: 1.7751, Policy: 1.7625, Value: 0.0314
2025-11-29 16:35:29,957 - INFO - Epoch: 100, Loss: 1.8539, Policy: 1.8424, Value: 0.0288
2025-11-29 16:35:30,525 - INFO - Epoch: 200, Loss: 1.8551, Policy: 1.8458, Value: 0.0232
2025-11-29 16:35:31,088 - INFO - Epoch: 300, Loss: 1.9101, Policy: 1.8955, Value: 0.0364
2025-11-29 16:35:31,666 - INFO - Epoch: 400, Loss: 1.8801, Policy: 1.8676, Value: 0.0312
2025-11-29 16:35:32,248 - INFO - Epoch: 500, Loss: 1.9705, Policy: 1.9608, Value: 0.0243
2025-11-29 16:35:32,823 - INFO - Epoch: 600, Loss: 1.8609, Policy: 1.8466, Value: 0.0355
2025-11-29 16:35:33,376 - INFO - Epoch: 700, Loss: 1.9579, Policy: 1.9490, Value: 0.0223
2025-11-29 16:35:33,891 - INFO - Epoch: 800, Loss: 1.8474, Policy: 1.8310, Value: 0.0411
2025-11-29 16:35:34,387 - INFO - Epoch: 900, Loss: 1.8642, Policy: 1.8569, Value: 0.0181
2025-11-29 16:35:34,881 - INFO - Epoch: 1000, Loss: 1.9547, Policy: 1.9405, Value: 0.0354
2025-11-29 16:35:34,884 - INFO - 训练结束，最新模型已保存到 model.pth
2025-11-29 16:35:34,885 - INFO - 第1021局
2025-11-29 16:35:36,129 - INFO - 1赢了
2025-11-29 16:35:36,129 - INFO - 第1022局
2025-11-29 16:35:37,293 - INFO - 1赢了
2025-11-29 16:35:37,293 - INFO - 第1023局
2025-11-29 16:35:39,232 - INFO - 2赢了
2025-11-29 16:35:39,232 - INFO - 第1024局
2025-11-29 16:35:40,830 - INFO - 2赢了
2025-11-29 16:35:40,830 - INFO - 第1025局
2025-11-29 16:35:42,834 - INFO - 2赢了
2025-11-29 16:35:42,834 - INFO - 第1026局
2025-11-29 16:35:43,657 - INFO - 2赢了
2025-11-29 16:35:43,657 - INFO - 第1027局
2025-11-29 16:35:48,781 - INFO - 1赢了
2025-11-29 16:35:48,781 - INFO - 第1028局
2025-11-29 16:35:59,342 - INFO - 2赢了
2025-11-29 16:35:59,342 - INFO - 第1029局
2025-11-29 16:36:01,272 - INFO - 2赢了
2025-11-29 16:36:01,272 - INFO - 第1030局
2025-11-29 16:36:02,279 - INFO - 2赢了
2025-11-29 16:36:02,299 - INFO - Epoch: 0, Loss: 1.8707, Policy: 1.8577, Value: 0.0327
2025-11-29 16:36:02,883 - INFO - Epoch: 100, Loss: 1.9962, Policy: 1.9740, Value: 0.0555
2025-11-29 16:36:03,382 - INFO - Epoch: 200, Loss: 1.8446, Policy: 1.8325, Value: 0.0303
2025-11-29 16:36:03,898 - INFO - Epoch: 300, Loss: 1.8542, Policy: 1.8419, Value: 0.0306
2025-11-29 16:36:04,426 - INFO - Epoch: 400, Loss: 1.7756, Policy: 1.7656, Value: 0.0251
2025-11-29 16:36:04,984 - INFO - Epoch: 500, Loss: 1.8343, Policy: 1.8219, Value: 0.0309
2025-11-29 16:36:05,515 - INFO - Epoch: 600, Loss: 1.8321, Policy: 1.8090, Value: 0.0579
2025-11-29 16:36:06,023 - INFO - Epoch: 700, Loss: 1.8126, Policy: 1.8013, Value: 0.0281
2025-11-29 16:36:06,532 - INFO - Epoch: 800, Loss: 1.8479, Policy: 1.8369, Value: 0.0275
2025-11-29 16:36:07,039 - INFO - Epoch: 900, Loss: 1.9148, Policy: 1.9026, Value: 0.0305
2025-11-29 16:36:07,556 - INFO - Epoch: 1000, Loss: 2.0008, Policy: 1.9891, Value: 0.0294
2025-11-29 16:36:07,560 - INFO - 训练结束，最新模型已保存到 model.pth
2025-11-29 16:36:07,562 - INFO - 第1031局
2025-11-29 16:36:10,092 - INFO - 2赢了
2025-11-29 16:36:10,093 - INFO - 第1032局
2025-11-29 16:36:11,753 - INFO - 2赢了
2025-11-29 16:36:11,753 - INFO - 第1033局
2025-11-29 16:36:12,613 - INFO - 2赢了
2025-11-29 16:36:12,613 - INFO - 第1034局
2025-11-29 16:36:14,498 - INFO - 2赢了
2025-11-29 16:36:14,498 - INFO - 第1035局
2025-11-29 16:36:18,553 - INFO - 2赢了
2025-11-29 16:36:18,553 - INFO - 第1036局
2025-11-29 16:36:20,255 - INFO - 2赢了
2025-11-29 16:36:20,255 - INFO - 第1037局
2025-11-29 16:36:22,896 - INFO - 1赢了
2025-11-29 16:36:22,896 - INFO - 第1038局
2025-11-29 16:36:24,076 - INFO - 1赢了
2025-11-29 16:36:24,076 - INFO - 第1039局
2025-11-29 16:36:24,981 - INFO - 2赢了
2025-11-29 16:36:24,982 - INFO - 第1040局
2025-11-29 16:36:26,461 - INFO - 2赢了
2025-11-29 16:36:26,479 - INFO - Epoch: 0, Loss: 1.7628, Policy: 1.7512, Value: 0.0291
2025-11-29 16:36:27,077 - INFO - Epoch: 100, Loss: 1.8329, Policy: 1.8257, Value: 0.0181
2025-11-29 16:36:27,638 - INFO - Epoch: 200, Loss: 1.8727, Policy: 1.8620, Value: 0.0266
2025-11-29 16:36:28,201 - INFO - Epoch: 300, Loss: 1.9425, Policy: 1.9332, Value: 0.0231
2025-11-29 16:36:28,743 - INFO - Epoch: 400, Loss: 1.9680, Policy: 1.9549, Value: 0.0327
2025-11-29 16:36:29,285 - INFO - Epoch: 500, Loss: 1.9129, Policy: 1.9039, Value: 0.0226
2025-11-29 16:36:29,799 - INFO - Epoch: 600, Loss: 1.9216, Policy: 1.9083, Value: 0.0334
2025-11-29 16:36:30,345 - INFO - Epoch: 700, Loss: 1.8113, Policy: 1.7950, Value: 0.0408
2025-11-29 16:36:30,851 - INFO - Epoch: 800, Loss: 1.9744, Policy: 1.9614, Value: 0.0323
2025-11-29 16:36:31,349 - INFO - Epoch: 900, Loss: 1.9660, Policy: 1.9550, Value: 0.0274
2025-11-29 16:36:31,880 - INFO - Epoch: 1000, Loss: 1.7872, Policy: 1.7762, Value: 0.0277
2025-11-29 16:36:31,884 - INFO - 训练结束，最新模型已保存到 model.pth
2025-11-29 16:36:31,885 - INFO - 第1041局
2025-11-29 16:36:33,531 - INFO - 2赢了
2025-11-29 16:36:33,531 - INFO - 第1042局
2025-11-29 16:36:35,454 - INFO - 1赢了
2025-11-29 16:36:35,455 - INFO - 第1043局
2025-11-29 16:36:39,015 - INFO - 2赢了
2025-11-29 16:36:39,015 - INFO - 第1044局
2025-11-29 16:36:41,940 - INFO - 2赢了
2025-11-29 16:36:41,940 - INFO - 第1045局
2025-11-29 16:36:46,675 - INFO - 2赢了
2025-11-29 16:36:46,676 - INFO - 第1046局
2025-11-29 16:36:50,532 - INFO - 1赢了
2025-11-29 16:36:50,532 - INFO - 第1047局
2025-11-29 16:36:53,930 - INFO - 2赢了
2025-11-29 16:36:53,930 - INFO - 第1048局
2025-11-29 16:36:55,211 - INFO - 1赢了
2025-11-29 16:36:55,211 - INFO - 第1049局
2025-11-29 16:36:59,117 - INFO - 1赢了
2025-11-29 16:36:59,117 - INFO - 第1050局
2025-11-29 16:37:00,721 - INFO - 2赢了
2025-11-29 16:37:00,740 - INFO - Epoch: 0, Loss: 1.7638, Policy: 1.7410, Value: 0.0571
2025-11-29 16:37:01,342 - INFO - Epoch: 100, Loss: 1.9509, Policy: 1.9387, Value: 0.0304
2025-11-29 16:37:01,863 - INFO - Epoch: 200, Loss: 1.8631, Policy: 1.8508, Value: 0.0306
2025-11-29 16:37:02,391 - INFO - Epoch: 300, Loss: 1.9767, Policy: 1.9637, Value: 0.0323
2025-11-29 16:37:02,906 - INFO - Epoch: 400, Loss: 1.7803, Policy: 1.7711, Value: 0.0229
2025-11-29 16:37:03,460 - INFO - Epoch: 500, Loss: 1.8866, Policy: 1.8749, Value: 0.0293
2025-11-29 16:37:04,008 - INFO - Epoch: 600, Loss: 1.9045, Policy: 1.8940, Value: 0.0264
2025-11-29 16:37:04,492 - INFO - Epoch: 700, Loss: 1.9398, Policy: 1.9242, Value: 0.0389
2025-11-29 16:37:04,968 - INFO - Epoch: 800, Loss: 1.8516, Policy: 1.8377, Value: 0.0349
2025-11-29 16:37:05,451 - INFO - Epoch: 900, Loss: 1.9721, Policy: 1.9502, Value: 0.0548
2025-11-29 16:37:05,930 - INFO - Epoch: 1000, Loss: 1.8833, Policy: 1.8694, Value: 0.0347
2025-11-29 16:37:05,934 - INFO - 训练结束，最新模型已保存到 model.pth
2025-11-29 16:37:05,935 - INFO - 第1051局
2025-11-29 16:37:08,544 - INFO - 2赢了
2025-11-29 16:37:08,544 - INFO - 第1052局
2025-11-29 16:37:10,318 - INFO - 2赢了
2025-11-29 16:37:10,318 - INFO - 第1053局
2025-11-29 16:37:11,461 - INFO - 1赢了
2025-11-29 16:37:11,461 - INFO - 第1054局
2025-11-29 16:37:13,537 - INFO - 2赢了
2025-11-29 16:37:13,537 - INFO - 第1055局
2025-11-29 16:37:14,398 - INFO - 2赢了
2025-11-29 16:37:14,398 - INFO - 第1056局
2025-11-29 16:37:16,473 - INFO - 2赢了
2025-11-29 16:37:16,473 - INFO - 第1057局
2025-11-29 16:37:17,959 - INFO - 1赢了
2025-11-29 16:37:17,959 - INFO - 第1058局
2025-11-29 16:37:20,595 - INFO - 1赢了
2025-11-29 16:37:20,595 - INFO - 第1059局
2025-11-29 16:37:22,094 - INFO - 2赢了
2025-11-29 16:37:22,094 - INFO - 第1060局
2025-11-29 16:37:25,813 - INFO - 2赢了
2025-11-29 16:37:25,844 - INFO - Epoch: 0, Loss: 1.7780, Policy: 1.7675, Value: 0.0261
2025-11-29 16:37:26,445 - INFO - Epoch: 100, Loss: 1.8170, Policy: 1.8049, Value: 0.0303
2025-11-29 16:37:26,957 - INFO - Epoch: 200, Loss: 1.8432, Policy: 1.8295, Value: 0.0344
2025-11-29 16:37:27,462 - INFO - Epoch: 300, Loss: 1.7945, Policy: 1.7698, Value: 0.0618
2025-11-29 16:37:27,961 - INFO - Epoch: 400, Loss: 1.8176, Policy: 1.8069, Value: 0.0269
2025-11-29 16:37:28,500 - INFO - Epoch: 500, Loss: 1.8525, Policy: 1.8390, Value: 0.0337
2025-11-29 16:37:29,005 - INFO - Epoch: 600, Loss: 1.9354, Policy: 1.9202, Value: 0.0382
2025-11-29 16:37:29,485 - INFO - Epoch: 700, Loss: 1.9220, Policy: 1.9134, Value: 0.0215
2025-11-29 16:37:29,966 - INFO - Epoch: 800, Loss: 1.8440, Policy: 1.8343, Value: 0.0242
2025-11-29 16:37:30,431 - INFO - Epoch: 900, Loss: 1.8217, Policy: 1.7924, Value: 0.0733
2025-11-29 16:37:30,902 - INFO - Epoch: 1000, Loss: 1.9210, Policy: 1.9113, Value: 0.0244
2025-11-29 16:37:30,906 - INFO - 训练结束，最新模型已保存到 model.pth
2025-11-29 16:37:30,907 - INFO - 第1061局
2025-11-29 16:37:31,824 - INFO - 1赢了
2025-11-29 16:37:31,824 - INFO - 第1062局
2025-11-29 16:37:34,933 - INFO - 1赢了
2025-11-29 16:37:34,933 - INFO - 第1063局
2025-11-29 16:37:36,637 - INFO - 2赢了
2025-11-29 16:37:36,638 - INFO - 第1064局
2025-11-29 16:37:37,708 - INFO - 1赢了
2025-11-29 16:37:37,708 - INFO - 第1065局
2025-11-29 16:37:40,366 - INFO - 2赢了
2025-11-29 16:37:40,366 - INFO - 第1066局
2025-11-29 16:37:42,625 - INFO - 2赢了
2025-11-29 16:37:42,625 - INFO - 第1067局
2025-11-29 16:37:44,015 - INFO - 2赢了
2025-11-29 16:37:44,015 - INFO - 第1068局
2025-11-29 16:37:45,807 - INFO - 1赢了
2025-11-29 16:37:45,807 - INFO - 第1069局
2025-11-29 16:37:46,649 - INFO - 2赢了
2025-11-29 16:37:46,649 - INFO - 第1070局
2025-11-29 16:37:48,913 - INFO - 2赢了
2025-11-29 16:37:48,925 - INFO - Epoch: 0, Loss: 1.8056, Policy: 1.7914, Value: 0.0355
2025-11-29 16:37:49,497 - INFO - Epoch: 100, Loss: 1.9910, Policy: 1.9765, Value: 0.0364
2025-11-29 16:37:50,008 - INFO - Epoch: 200, Loss: 1.8702, Policy: 1.8569, Value: 0.0332
2025-11-29 16:37:50,529 - INFO - Epoch: 300, Loss: 1.8126, Policy: 1.8024, Value: 0.0255
2025-11-29 16:37:51,040 - INFO - Epoch: 400, Loss: 1.9005, Policy: 1.8892, Value: 0.0285
2025-11-29 16:37:51,544 - INFO - Epoch: 500, Loss: 1.7036, Policy: 1.6929, Value: 0.0266
2025-11-29 16:37:52,050 - INFO - Epoch: 600, Loss: 1.8602, Policy: 1.8493, Value: 0.0274
2025-11-29 16:37:52,557 - INFO - Epoch: 700, Loss: 1.8944, Policy: 1.8829, Value: 0.0288
2025-11-29 16:37:53,076 - INFO - Epoch: 800, Loss: 1.8291, Policy: 1.8152, Value: 0.0348
2025-11-29 16:37:53,584 - INFO - Epoch: 900, Loss: 1.8525, Policy: 1.8430, Value: 0.0239
2025-11-29 16:37:54,076 - INFO - Epoch: 1000, Loss: 1.8026, Policy: 1.7936, Value: 0.0226
2025-11-29 16:37:54,079 - INFO - 训练结束，最新模型已保存到 model.pth
2025-11-29 16:37:54,080 - INFO - 第1071局
2025-11-29 16:37:57,589 - INFO - 2赢了
2025-11-29 16:37:57,589 - INFO - 第1072局
2025-11-29 16:38:00,747 - INFO - 2赢了
2025-11-29 16:38:00,747 - INFO - 第1073局
2025-11-29 16:38:04,303 - INFO - 1赢了
2025-11-29 16:38:04,303 - INFO - 第1074局
2025-11-29 16:38:06,142 - INFO - 2赢了
2025-11-29 16:38:06,142 - INFO - 第1075局
2025-11-29 16:38:07,862 - INFO - 2赢了
2025-11-29 16:38:07,862 - INFO - 第1076局
2025-11-29 16:38:11,325 - INFO - 1赢了
2025-11-29 16:38:11,325 - INFO - 第1077局
2025-11-29 16:38:12,209 - INFO - 2赢了
2025-11-29 16:38:12,209 - INFO - 第1078局
2025-11-29 16:38:13,484 - INFO - 1赢了
2025-11-29 16:38:13,484 - INFO - 第1079局
2025-11-29 16:38:14,804 - INFO - 1赢了
2025-11-29 16:38:14,804 - INFO - 第1080局
2025-11-29 16:38:16,169 - INFO - 1赢了
2025-11-29 16:38:16,182 - INFO - Epoch: 0, Loss: 1.7337, Policy: 1.7209, Value: 0.0320
2025-11-29 16:38:16,814 - INFO - Epoch: 100, Loss: 1.9099, Policy: 1.9014, Value: 0.0211
2025-11-29 16:38:17,355 - INFO - Epoch: 200, Loss: 1.7234, Policy: 1.7130, Value: 0.0259
2025-11-29 16:38:17,898 - INFO - Epoch: 300, Loss: 1.6812, Policy: 1.6703, Value: 0.0274
2025-11-29 16:38:18,421 - INFO - Epoch: 400, Loss: 1.8879, Policy: 1.8763, Value: 0.0289
2025-11-29 16:38:18,938 - INFO - Epoch: 500, Loss: 1.9468, Policy: 1.9324, Value: 0.0360
2025-11-29 16:38:19,473 - INFO - Epoch: 600, Loss: 1.7465, Policy: 1.7348, Value: 0.0293
2025-11-29 16:38:19,975 - INFO - Epoch: 700, Loss: 1.9837, Policy: 1.9717, Value: 0.0300
2025-11-29 16:38:20,510 - INFO - Epoch: 800, Loss: 2.0309, Policy: 2.0192, Value: 0.0290
2025-11-29 16:38:21,019 - INFO - Epoch: 900, Loss: 1.9052, Policy: 1.8942, Value: 0.0276
2025-11-29 16:38:21,511 - INFO - Epoch: 1000, Loss: 1.8732, Policy: 1.8591, Value: 0.0352
2025-11-29 16:38:21,516 - INFO - 训练结束，最新模型已保存到 model.pth
2025-11-29 16:38:21,517 - INFO - 第1081局
2025-11-29 16:38:23,060 - INFO - 1赢了
2025-11-29 16:38:23,060 - INFO - 第1082局
2025-11-29 16:38:24,843 - INFO - 1赢了
2025-11-29 16:38:24,843 - INFO - 第1083局
2025-11-29 16:38:26,123 - INFO - 2赢了
2025-11-29 16:38:26,123 - INFO - 第1084局
2025-11-29 16:38:27,611 - INFO - 2赢了
2025-11-29 16:38:27,611 - INFO - 第1085局
2025-11-29 16:38:28,939 - INFO - 2赢了
2025-11-29 16:38:28,939 - INFO - 第1086局
2025-11-29 16:38:30,142 - INFO - 2赢了
2025-11-29 16:38:30,142 - INFO - 第1087局
2025-11-29 16:38:32,712 - INFO - 1赢了
2025-11-29 16:38:32,712 - INFO - 第1088局
2025-11-29 16:38:34,162 - INFO - 2赢了
2025-11-29 16:38:34,162 - INFO - 第1089局
2025-11-29 16:38:35,841 - INFO - 2赢了
2025-11-29 16:38:35,841 - INFO - 第1090局
2025-11-29 16:38:38,777 - INFO - 2赢了
2025-11-29 16:38:38,791 - INFO - Epoch: 0, Loss: 1.7321, Policy: 1.7215, Value: 0.0265
2025-11-29 16:38:39,429 - INFO - Epoch: 100, Loss: 1.8430, Policy: 1.8357, Value: 0.0182
2025-11-29 16:38:39,975 - INFO - Epoch: 200, Loss: 1.9966, Policy: 1.9821, Value: 0.0362
2025-11-29 16:38:40,492 - INFO - Epoch: 300, Loss: 1.8624, Policy: 1.8535, Value: 0.0224
2025-11-29 16:38:41,036 - INFO - Epoch: 400, Loss: 1.8736, Policy: 1.8598, Value: 0.0346
2025-11-29 16:38:41,549 - INFO - Epoch: 500, Loss: 1.8502, Policy: 1.8391, Value: 0.0279
2025-11-29 16:38:42,066 - INFO - Epoch: 600, Loss: 1.8057, Policy: 1.7931, Value: 0.0315
2025-11-29 16:38:42,576 - INFO - Epoch: 700, Loss: 1.8643, Policy: 1.8513, Value: 0.0325
2025-11-29 16:38:43,093 - INFO - Epoch: 800, Loss: 1.7981, Policy: 1.7873, Value: 0.0268
2025-11-29 16:38:43,584 - INFO - Epoch: 900, Loss: 1.8869, Policy: 1.8733, Value: 0.0341
2025-11-29 16:38:44,064 - INFO - Epoch: 1000, Loss: 1.7794, Policy: 1.7692, Value: 0.0254
2025-11-29 16:38:44,068 - INFO - 训练结束，最新模型已保存到 model.pth
2025-11-29 16:38:44,068 - INFO - 第1091局
2025-11-29 16:38:46,099 - INFO - 1赢了
2025-11-29 16:38:46,100 - INFO - 第1092局
2025-11-29 16:38:47,302 - INFO - 2赢了
2025-11-29 16:38:47,302 - INFO - 第1093局
2025-11-29 16:38:48,311 - INFO - 2赢了
2025-11-29 16:38:48,311 - INFO - 第1094局
2025-11-29 16:38:49,699 - INFO - 1赢了
2025-11-29 16:38:49,700 - INFO - 第1095局
2025-11-29 16:38:51,428 - INFO - 2赢了
2025-11-29 16:38:51,428 - INFO - 第1096局
2025-11-29 16:38:52,917 - INFO - 2赢了
2025-11-29 16:38:52,917 - INFO - 第1097局
2025-11-29 16:38:55,229 - INFO - 1赢了
2025-11-29 16:38:55,229 - INFO - 第1098局
2025-11-29 16:38:57,215 - INFO - 2赢了
2025-11-29 16:38:57,215 - INFO - 第1099局
2025-11-29 16:38:59,663 - INFO - 2赢了
2025-11-29 16:38:59,663 - INFO - 第1100局
2025-11-29 16:39:01,749 - INFO - 2赢了
2025-11-29 16:39:01,767 - INFO - Epoch: 0, Loss: 1.8445, Policy: 1.8301, Value: 0.0359
2025-11-29 16:39:02,343 - INFO - Epoch: 100, Loss: 1.9937, Policy: 1.9858, Value: 0.0198
2025-11-29 16:39:02,852 - INFO - Epoch: 200, Loss: 1.9559, Policy: 1.9427, Value: 0.0332
2025-11-29 16:39:03,388 - INFO - Epoch: 300, Loss: 1.8326, Policy: 1.8128, Value: 0.0493
2025-11-29 16:39:03,905 - INFO - Epoch: 400, Loss: 1.8194, Policy: 1.8082, Value: 0.0280
2025-11-29 16:39:04,425 - INFO - Epoch: 500, Loss: 1.6603, Policy: 1.6503, Value: 0.0250
2025-11-29 16:39:05,991 - INFO - Epoch: 600, Loss: 1.8270, Policy: 1.8193, Value: 0.0191
2025-11-29 16:39:06,537 - INFO - Epoch: 700, Loss: 1.8738, Policy: 1.8651, Value: 0.0217
2025-11-29 16:39:07,061 - INFO - Epoch: 800, Loss: 1.7619, Policy: 1.7519, Value: 0.0252
2025-11-29 16:39:07,596 - INFO - Epoch: 900, Loss: 1.8749, Policy: 1.8620, Value: 0.0322
2025-11-29 16:39:08,145 - INFO - Epoch: 1000, Loss: 1.9299, Policy: 1.9149, Value: 0.0375
2025-11-29 16:39:08,149 - INFO - 训练结束，最新模型已保存到 model.pth
2025-11-29 16:39:08,150 - INFO - 第1101局
2025-11-29 16:39:09,866 - INFO - 2赢了
2025-11-29 16:39:09,866 - INFO - 第1102局
2025-11-29 16:39:10,674 - INFO - 2赢了
2025-11-29 16:39:10,675 - INFO - 第1103局
2025-11-29 16:39:11,771 - INFO - 2赢了
2025-11-29 16:39:11,771 - INFO - 第1104局
2025-11-29 16:39:15,206 - INFO - 2赢了
2025-11-29 16:39:15,206 - INFO - 第1105局
2025-11-29 16:39:16,991 - INFO - 2赢了
2025-11-29 16:39:16,991 - INFO - 第1106局
2025-11-29 16:39:19,020 - INFO - 2赢了
2025-11-29 16:39:19,020 - INFO - 第1107局
2025-11-29 16:39:20,846 - INFO - 2赢了
2025-11-29 16:39:20,846 - INFO - 第1108局
2025-11-29 16:39:22,570 - INFO - 2赢了
2025-11-29 16:39:22,570 - INFO - 第1109局
2025-11-29 16:39:23,480 - INFO - 2赢了
2025-11-29 16:39:23,480 - INFO - 第1110局
2025-11-29 16:39:26,487 - INFO - 2赢了
2025-11-29 16:39:26,505 - INFO - Epoch: 0, Loss: 1.8551, Policy: 1.8465, Value: 0.0216
2025-11-29 16:39:27,071 - INFO - Epoch: 100, Loss: 1.7256, Policy: 1.7175, Value: 0.0202
2025-11-29 16:39:27,583 - INFO - Epoch: 200, Loss: 1.6759, Policy: 1.6676, Value: 0.0208
2025-11-29 16:39:28,127 - INFO - Epoch: 300, Loss: 1.8823, Policy: 1.8712, Value: 0.0277
2025-11-29 16:39:28,653 - INFO - Epoch: 400, Loss: 1.8068, Policy: 1.7948, Value: 0.0302
2025-11-29 16:39:29,176 - INFO - Epoch: 500, Loss: 1.7139, Policy: 1.7025, Value: 0.0285
2025-11-29 16:39:29,709 - INFO - Epoch: 600, Loss: 1.9827, Policy: 1.9692, Value: 0.0338
2025-11-29 16:39:30,226 - INFO - Epoch: 700, Loss: 1.7848, Policy: 1.7761, Value: 0.0218
2025-11-29 16:39:30,761 - INFO - Epoch: 800, Loss: 1.8149, Policy: 1.7921, Value: 0.0569
2025-11-29 16:39:31,283 - INFO - Epoch: 900, Loss: 1.9479, Policy: 1.9371, Value: 0.0271
2025-11-29 16:39:31,817 - INFO - Epoch: 1000, Loss: 1.8763, Policy: 1.8666, Value: 0.0244
2025-11-29 16:39:31,822 - INFO - 训练结束，最新模型已保存到 model.pth
2025-11-29 16:39:31,823 - INFO - 第1111局
2025-11-29 16:39:33,340 - INFO - 2赢了
2025-11-29 16:39:33,341 - INFO - 第1112局
2025-11-29 16:39:34,700 - INFO - 1赢了
2025-11-29 16:39:34,700 - INFO - 第1113局
2025-11-29 16:39:37,089 - INFO - 1赢了
2025-11-29 16:39:37,090 - INFO - 第1114局
2025-11-29 16:39:40,533 - INFO - 2赢了
2025-11-29 16:39:40,533 - INFO - 第1115局
2025-11-29 16:39:42,286 - INFO - 2赢了
2025-11-29 16:39:42,286 - INFO - 第1116局
2025-11-29 16:39:49,827 - INFO - 2赢了
2025-11-29 16:39:49,827 - INFO - 第1117局
2025-11-29 16:39:55,472 - INFO - 2赢了
2025-11-29 16:39:55,472 - INFO - 第1118局
2025-11-29 16:39:57,245 - INFO - 2赢了
2025-11-29 16:39:57,245 - INFO - 第1119局
2025-11-29 16:39:59,977 - INFO - 2赢了
2025-11-29 16:39:59,977 - INFO - 第1120局
2025-11-29 16:40:01,761 - INFO - 2赢了
2025-11-29 16:40:01,781 - INFO - Epoch: 0, Loss: 1.8921, Policy: 1.8823, Value: 0.0246
2025-11-29 16:40:02,388 - INFO - Epoch: 100, Loss: 1.8497, Policy: 1.8395, Value: 0.0255
2025-11-29 16:40:02,898 - INFO - Epoch: 200, Loss: 1.8200, Policy: 1.8055, Value: 0.0363
2025-11-29 16:40:03,427 - INFO - Epoch: 300, Loss: 1.8890, Policy: 1.8771, Value: 0.0299
2025-11-29 16:40:04,017 - INFO - Epoch: 400, Loss: 1.8526, Policy: 1.8401, Value: 0.0312
2025-11-29 16:40:04,599 - INFO - Epoch: 500, Loss: 1.8788, Policy: 1.8649, Value: 0.0348
2025-11-29 16:40:05,217 - INFO - Epoch: 600, Loss: 1.7537, Policy: 1.7444, Value: 0.0231
2025-11-29 16:40:05,784 - INFO - Epoch: 700, Loss: 1.8505, Policy: 1.8363, Value: 0.0356
2025-11-29 16:40:06,300 - INFO - Epoch: 800, Loss: 1.8829, Policy: 1.8708, Value: 0.0304
2025-11-29 16:40:06,801 - INFO - Epoch: 900, Loss: 1.8514, Policy: 1.8385, Value: 0.0324
2025-11-29 16:40:07,340 - INFO - Epoch: 1000, Loss: 1.6334, Policy: 1.6246, Value: 0.0218
2025-11-29 16:40:07,345 - INFO - 训练结束，最新模型已保存到 model.pth
2025-11-29 16:40:07,346 - INFO - 第1121局
2025-11-29 16:40:09,618 - INFO - 2赢了
2025-11-29 16:40:09,618 - INFO - 第1122局
2025-11-29 16:40:10,956 - INFO - 2赢了
2025-11-29 16:40:10,956 - INFO - 第1123局
2025-11-29 16:40:12,876 - INFO - 2赢了
2025-11-29 16:40:12,876 - INFO - 第1124局
2025-11-29 16:40:14,274 - INFO - 1赢了
2025-11-29 16:40:14,274 - INFO - 第1125局
2025-11-29 16:40:16,309 - INFO - 2赢了
2025-11-29 16:40:16,309 - INFO - 第1126局
2025-11-29 16:40:19,293 - INFO - 2赢了
2025-11-29 16:40:19,293 - INFO - 第1127局
2025-11-29 16:40:21,350 - INFO - 2赢了
2025-11-29 16:40:21,351 - INFO - 第1128局
2025-11-29 16:40:24,265 - INFO - 2赢了
2025-11-29 16:40:24,265 - INFO - 第1129局
2025-11-29 16:40:30,691 - INFO - 2赢了
2025-11-29 16:40:30,691 - INFO - 第1130局
2025-11-29 16:40:31,827 - INFO - 2赢了
2025-11-29 16:40:31,843 - INFO - Epoch: 0, Loss: 1.8661, Policy: 1.8546, Value: 0.0289
2025-11-29 16:40:32,507 - INFO - Epoch: 100, Loss: 1.7648, Policy: 1.7538, Value: 0.0275
2025-11-29 16:40:33,089 - INFO - Epoch: 200, Loss: 1.9355, Policy: 1.9225, Value: 0.0324
2025-11-29 16:40:33,623 - INFO - Epoch: 300, Loss: 1.8200, Policy: 1.8101, Value: 0.0249
2025-11-29 16:40:34,129 - INFO - Epoch: 400, Loss: 1.8729, Policy: 1.8624, Value: 0.0263
2025-11-29 16:40:34,637 - INFO - Epoch: 500, Loss: 1.9437, Policy: 1.9338, Value: 0.0248
2025-11-29 16:40:35,162 - INFO - Epoch: 600, Loss: 1.9120, Policy: 1.9020, Value: 0.0249
2025-11-29 16:40:35,664 - INFO - Epoch: 700, Loss: 1.7941, Policy: 1.7801, Value: 0.0350
2025-11-29 16:40:36,157 - INFO - Epoch: 800, Loss: 1.9268, Policy: 1.9131, Value: 0.0342
2025-11-29 16:40:36,658 - INFO - Epoch: 900, Loss: 1.7878, Policy: 1.7730, Value: 0.0370
2025-11-29 16:40:37,168 - INFO - Epoch: 1000, Loss: 1.7569, Policy: 1.7465, Value: 0.0260
2025-11-29 16:40:37,172 - INFO - 训练结束，最新模型已保存到 model.pth
2025-11-29 16:40:37,172 - INFO - 第1131局
2025-11-29 16:40:38,164 - INFO - 2赢了
2025-11-29 16:40:38,164 - INFO - 第1132局
2025-11-29 16:40:38,934 - INFO - 2赢了
2025-11-29 16:40:38,934 - INFO - 第1133局
2025-11-29 16:40:40,107 - INFO - 1赢了
2025-11-29 16:40:40,107 - INFO - 第1134局
2025-11-29 16:40:46,561 - INFO - 2赢了
2025-11-29 16:40:46,561 - INFO - 第1135局
2025-11-29 16:40:47,567 - INFO - 2赢了
2025-11-29 16:40:47,567 - INFO - 第1136局
2025-11-29 16:40:49,204 - INFO - 2赢了
2025-11-29 16:40:49,204 - INFO - 第1137局
2025-11-29 16:40:51,666 - INFO - 2赢了
2025-11-29 16:40:51,666 - INFO - 第1138局
2025-11-29 16:40:53,501 - INFO - 2赢了
2025-11-29 16:40:53,501 - INFO - 第1139局
2025-11-29 16:40:55,440 - INFO - 2赢了
2025-11-29 16:40:55,440 - INFO - 第1140局
2025-11-29 16:40:57,310 - INFO - 2赢了
2025-11-29 16:40:57,323 - INFO - Epoch: 0, Loss: 1.8075, Policy: 1.7977, Value: 0.0244
2025-11-29 16:40:57,896 - INFO - Epoch: 100, Loss: 1.8294, Policy: 1.8167, Value: 0.0317
2025-11-29 16:40:58,402 - INFO - Epoch: 200, Loss: 1.7864, Policy: 1.7757, Value: 0.0266
2025-11-29 16:40:58,911 - INFO - Epoch: 300, Loss: 1.9273, Policy: 1.9171, Value: 0.0254
2025-11-29 16:40:59,415 - INFO - Epoch: 400, Loss: 1.7833, Policy: 1.7729, Value: 0.0260
2025-11-29 16:40:59,924 - INFO - Epoch: 500, Loss: 1.7017, Policy: 1.6897, Value: 0.0300
2025-11-29 16:41:00,441 - INFO - Epoch: 600, Loss: 1.7764, Policy: 1.7627, Value: 0.0342
2025-11-29 16:41:00,960 - INFO - Epoch: 700, Loss: 1.7746, Policy: 1.7645, Value: 0.0254
2025-11-29 16:41:01,479 - INFO - Epoch: 800, Loss: 1.9079, Policy: 1.8970, Value: 0.0272
2025-11-29 16:41:01,992 - INFO - Epoch: 900, Loss: 1.9393, Policy: 1.9281, Value: 0.0280
2025-11-29 16:41:02,503 - INFO - Epoch: 1000, Loss: 1.9478, Policy: 1.9342, Value: 0.0341
2025-11-29 16:41:02,507 - INFO - 训练结束，最新模型已保存到 model.pth
2025-11-29 16:41:02,507 - INFO - 第1141局
2025-11-29 16:41:04,260 - INFO - 1赢了
2025-11-29 16:41:04,260 - INFO - 第1142局
2025-11-29 16:41:06,562 - INFO - 2赢了
2025-11-29 16:41:06,562 - INFO - 第1143局
2025-11-29 16:41:10,039 - INFO - 1赢了
2025-11-29 16:41:10,039 - INFO - 第1144局
2025-11-29 16:41:11,980 - INFO - 1赢了
2025-11-29 16:41:11,980 - INFO - 第1145局
2025-11-29 16:41:13,312 - INFO - 2赢了
2025-11-29 16:41:13,312 - INFO - 第1146局
2025-11-29 16:41:15,721 - INFO - 2赢了
2025-11-29 16:41:15,722 - INFO - 第1147局
2025-11-29 16:41:17,595 - INFO - 2赢了
2025-11-29 16:41:17,595 - INFO - 第1148局
2025-11-29 16:41:20,130 - INFO - 1赢了
2025-11-29 16:41:20,130 - INFO - 第1149局
2025-11-29 16:41:21,652 - INFO - 2赢了
2025-11-29 16:41:21,652 - INFO - 第1150局
2025-11-29 16:41:24,574 - INFO - 2赢了
2025-11-29 16:41:24,587 - INFO - Epoch: 0, Loss: 1.8205, Policy: 1.8044, Value: 0.0403
2025-11-29 16:41:25,219 - INFO - Epoch: 100, Loss: 1.7440, Policy: 1.7311, Value: 0.0322
2025-11-29 16:41:25,756 - INFO - Epoch: 200, Loss: 1.9937, Policy: 1.9840, Value: 0.0244
2025-11-29 16:41:26,327 - INFO - Epoch: 300, Loss: 1.8854, Policy: 1.8723, Value: 0.0327
2025-11-29 16:41:26,902 - INFO - Epoch: 400, Loss: 1.9188, Policy: 1.9050, Value: 0.0344
2025-11-29 16:41:27,476 - INFO - Epoch: 500, Loss: 1.8589, Policy: 1.8494, Value: 0.0237
2025-11-29 16:41:28,055 - INFO - Epoch: 600, Loss: 1.8839, Policy: 1.8749, Value: 0.0223
2025-11-29 16:41:28,630 - INFO - Epoch: 700, Loss: 1.8332, Policy: 1.8226, Value: 0.0264
2025-11-29 16:41:29,199 - INFO - Epoch: 800, Loss: 1.8408, Policy: 1.8306, Value: 0.0257
2025-11-29 16:41:29,768 - INFO - Epoch: 900, Loss: 1.8208, Policy: 1.8096, Value: 0.0280
2025-11-29 16:41:30,338 - INFO - Epoch: 1000, Loss: 1.8750, Policy: 1.8587, Value: 0.0405
2025-11-29 16:41:30,342 - INFO - 训练结束，最新模型已保存到 model.pth
2025-11-29 16:41:30,343 - INFO - 第1151局
2025-11-29 16:41:32,210 - INFO - 2赢了
2025-11-29 16:41:32,210 - INFO - 第1152局
2025-11-29 16:41:34,077 - INFO - 2赢了
2025-11-29 16:41:34,077 - INFO - 第1153局
2025-11-29 16:41:35,784 - INFO - 2赢了
2025-11-29 16:41:35,784 - INFO - 第1154局
2025-11-29 16:41:37,433 - INFO - 1赢了
2025-11-29 16:41:37,433 - INFO - 第1155局
2025-11-29 16:41:39,235 - INFO - 2赢了
2025-11-29 16:41:39,235 - INFO - 第1156局
2025-11-29 16:41:42,336 - INFO - 2赢了
2025-11-29 16:41:42,336 - INFO - 第1157局
2025-11-29 16:41:43,282 - INFO - 2赢了
2025-11-29 16:41:43,282 - INFO - 第1158局
2025-11-29 16:41:46,399 - INFO - 2赢了
2025-11-29 16:41:46,399 - INFO - 第1159局
2025-11-29 16:41:47,583 - INFO - 1赢了
2025-11-29 16:41:47,583 - INFO - 第1160局
2025-11-29 16:41:49,869 - INFO - 1赢了
2025-11-29 16:41:49,887 - INFO - Epoch: 0, Loss: 1.8984, Policy: 1.8840, Value: 0.0359
2025-11-29 16:41:50,486 - INFO - Epoch: 100, Loss: 1.9660, Policy: 1.9446, Value: 0.0533
2025-11-29 16:41:51,003 - INFO - Epoch: 200, Loss: 1.7342, Policy: 1.7242, Value: 0.0250
2025-11-29 16:41:51,512 - INFO - Epoch: 300, Loss: 1.7392, Policy: 1.7311, Value: 0.0202
2025-11-29 16:41:53,168 - INFO - Epoch: 400, Loss: 1.7742, Policy: 1.7624, Value: 0.0293
2025-11-29 16:41:53,688 - INFO - Epoch: 500, Loss: 1.8902, Policy: 1.8763, Value: 0.0347
2025-11-29 16:41:54,204 - INFO - Epoch: 600, Loss: 1.7763, Policy: 1.7647, Value: 0.0288
2025-11-29 16:41:54,711 - INFO - Epoch: 700, Loss: 1.7824, Policy: 1.7602, Value: 0.0554
2025-11-29 16:41:55,209 - INFO - Epoch: 800, Loss: 1.7207, Policy: 1.7070, Value: 0.0343
2025-11-29 16:41:55,729 - INFO - Epoch: 900, Loss: 1.8314, Policy: 1.8212, Value: 0.0254
2025-11-29 16:41:56,234 - INFO - Epoch: 1000, Loss: 1.8320, Policy: 1.8197, Value: 0.0308
2025-11-29 16:41:56,238 - INFO - 训练结束，最新模型已保存到 model.pth
2025-11-29 16:41:56,239 - INFO - 第1161局
2025-11-29 16:41:57,666 - INFO - 2赢了
2025-11-29 16:41:57,667 - INFO - 第1162局
2025-11-29 16:41:59,197 - INFO - 2赢了
2025-11-29 16:41:59,197 - INFO - 第1163局
2025-11-29 16:42:00,345 - INFO - 1赢了
2025-11-29 16:42:00,345 - INFO - 第1164局
2025-11-29 16:42:01,640 - INFO - 1赢了
2025-11-29 16:42:01,641 - INFO - 第1165局
2025-11-29 16:42:02,727 - INFO - 1赢了
2025-11-29 16:42:02,727 - INFO - 第1166局
2025-11-29 16:42:03,898 - INFO - 2赢了
2025-11-29 16:42:03,898 - INFO - 第1167局
2025-11-29 16:42:05,537 - INFO - 2赢了
2025-11-29 16:42:05,537 - INFO - 第1168局
2025-11-29 16:42:08,554 - INFO - 2赢了
2025-11-29 16:42:08,554 - INFO - 第1169局
2025-11-29 16:42:09,718 - INFO - 2赢了
2025-11-29 16:42:09,718 - INFO - 第1170局
2025-11-29 16:42:11,229 - INFO - 2赢了
2025-11-29 16:42:11,242 - INFO - Epoch: 0, Loss: 1.8143, Policy: 1.8013, Value: 0.0325
2025-11-29 16:42:11,855 - INFO - Epoch: 100, Loss: 2.0720, Policy: 2.0605, Value: 0.0289
2025-11-29 16:42:12,382 - INFO - Epoch: 200, Loss: 1.7644, Policy: 1.7522, Value: 0.0303
2025-11-29 16:42:12,905 - INFO - Epoch: 300, Loss: 1.8000, Policy: 1.7891, Value: 0.0273
2025-11-29 16:42:13,419 - INFO - Epoch: 400, Loss: 1.9377, Policy: 1.9266, Value: 0.0278
2025-11-29 16:42:13,936 - INFO - Epoch: 500, Loss: 1.9362, Policy: 1.9272, Value: 0.0225
2025-11-29 16:42:14,491 - INFO - Epoch: 600, Loss: 1.8209, Policy: 1.8081, Value: 0.0319
2025-11-29 16:42:15,047 - INFO - Epoch: 700, Loss: 1.9329, Policy: 1.9228, Value: 0.0253
2025-11-29 16:42:15,582 - INFO - Epoch: 800, Loss: 1.7229, Policy: 1.7140, Value: 0.0222
2025-11-29 16:42:16,121 - INFO - Epoch: 900, Loss: 1.8296, Policy: 1.8201, Value: 0.0236
2025-11-29 16:42:16,635 - INFO - Epoch: 1000, Loss: 1.9670, Policy: 1.9403, Value: 0.0670
2025-11-29 16:42:16,638 - INFO - 训练结束，最新模型已保存到 model.pth
2025-11-29 16:42:16,639 - INFO - 第1171局
2025-11-29 16:42:17,749 - INFO - 1赢了
2025-11-29 16:42:17,749 - INFO - 第1172局
2025-11-29 16:42:18,681 - INFO - 2赢了
2025-11-29 16:42:18,681 - INFO - 第1173局
2025-11-29 16:42:20,323 - INFO - 2赢了
2025-11-29 16:42:20,323 - INFO - 第1174局
2025-11-29 16:42:27,918 - INFO - 2赢了
2025-11-29 16:42:27,918 - INFO - 第1175局
2025-11-29 16:42:29,767 - INFO - 2赢了
2025-11-29 16:42:29,767 - INFO - 第1176局
2025-11-29 16:42:33,833 - INFO - 2赢了
2025-11-29 16:42:33,834 - INFO - 第1177局
2025-11-29 16:42:34,977 - INFO - 2赢了
2025-11-29 16:42:34,977 - INFO - 第1178局
2025-11-29 16:42:36,463 - INFO - 2赢了
2025-11-29 16:42:36,463 - INFO - 第1179局
2025-11-29 16:42:37,856 - INFO - 2赢了
2025-11-29 16:42:37,856 - INFO - 第1180局
2025-11-29 16:42:39,526 - INFO - 2赢了
2025-11-29 16:42:39,539 - INFO - Epoch: 0, Loss: 1.8422, Policy: 1.8257, Value: 0.0415
2025-11-29 16:42:40,152 - INFO - Epoch: 100, Loss: 1.8378, Policy: 1.8286, Value: 0.0229
2025-11-29 16:42:40,684 - INFO - Epoch: 200, Loss: 1.8729, Policy: 1.8625, Value: 0.0258
2025-11-29 16:42:41,192 - INFO - Epoch: 300, Loss: 1.6700, Policy: 1.6625, Value: 0.0187
2025-11-29 16:42:41,714 - INFO - Epoch: 400, Loss: 1.8073, Policy: 1.7949, Value: 0.0310
2025-11-29 16:42:42,238 - INFO - Epoch: 500, Loss: 1.9418, Policy: 1.9291, Value: 0.0317
2025-11-29 16:42:42,759 - INFO - Epoch: 600, Loss: 1.9071, Policy: 1.8979, Value: 0.0231
2025-11-29 16:42:43,278 - INFO - Epoch: 700, Loss: 1.7807, Policy: 1.7707, Value: 0.0250
2025-11-29 16:42:43,804 - INFO - Epoch: 800, Loss: 1.8472, Policy: 1.8344, Value: 0.0318
2025-11-29 16:42:44,294 - INFO - Epoch: 900, Loss: 1.8257, Policy: 1.8104, Value: 0.0381
2025-11-29 16:42:44,780 - INFO - Epoch: 1000, Loss: 1.8477, Policy: 1.8352, Value: 0.0312
2025-11-29 16:42:44,783 - INFO - 训练结束，最新模型已保存到 model.pth
2025-11-29 16:42:44,784 - INFO - 第1181局
2025-11-29 16:42:47,421 - INFO - 2赢了
2025-11-29 16:42:47,421 - INFO - 第1182局
2025-11-29 16:42:48,939 - INFO - 2赢了
2025-11-29 16:42:48,939 - INFO - 第1183局
2025-11-29 16:42:50,480 - INFO - 2赢了
2025-11-29 16:42:50,480 - INFO - 第1184局
2025-11-29 16:42:54,014 - INFO - 1赢了
2025-11-29 16:42:54,014 - INFO - 第1185局
2025-11-29 16:42:56,548 - INFO - 2赢了
2025-11-29 16:42:56,548 - INFO - 第1186局
2025-11-29 16:43:01,976 - INFO - 2赢了
2025-11-29 16:43:01,977 - INFO - 第1187局
2025-11-29 16:43:04,045 - INFO - 2赢了
2025-11-29 16:43:04,045 - INFO - 第1188局
2025-11-29 16:43:04,814 - INFO - 2赢了
2025-11-29 16:43:04,814 - INFO - 第1189局
2025-11-29 16:43:07,958 - INFO - 2赢了
2025-11-29 16:43:07,958 - INFO - 第1190局
2025-11-29 16:43:09,214 - INFO - 2赢了
2025-11-29 16:43:09,229 - INFO - Epoch: 0, Loss: 1.8222, Policy: 1.8027, Value: 0.0486
2025-11-29 16:43:09,789 - INFO - Epoch: 100, Loss: 2.0128, Policy: 2.0010, Value: 0.0295
2025-11-29 16:43:10,255 - INFO - Epoch: 200, Loss: 1.9456, Policy: 1.9342, Value: 0.0285
2025-11-29 16:43:10,723 - INFO - Epoch: 300, Loss: 1.8720, Policy: 1.8583, Value: 0.0343
2025-11-29 16:43:11,185 - INFO - Epoch: 400, Loss: 1.7887, Policy: 1.7763, Value: 0.0309
2025-11-29 16:43:11,659 - INFO - Epoch: 500, Loss: 1.7545, Policy: 1.7451, Value: 0.0234
2025-11-29 16:43:12,121 - INFO - Epoch: 600, Loss: 1.9697, Policy: 1.9551, Value: 0.0365
2025-11-29 16:43:12,585 - INFO - Epoch: 700, Loss: 1.8777, Policy: 1.8679, Value: 0.0244
2025-11-29 16:43:13,046 - INFO - Epoch: 800, Loss: 1.9429, Policy: 1.9309, Value: 0.0299
2025-11-29 16:43:13,520 - INFO - Epoch: 900, Loss: 1.9849, Policy: 1.9717, Value: 0.0330
2025-11-29 16:43:13,995 - INFO - Epoch: 1000, Loss: 1.9357, Policy: 1.8969, Value: 0.0969
2025-11-29 16:43:14,000 - INFO - 训练结束，最新模型已保存到 model.pth
2025-11-29 16:43:14,001 - INFO - 第1191局
2025-11-29 16:43:14,840 - INFO - 2赢了
2025-11-29 16:43:14,840 - INFO - 第1192局
2025-11-29 16:43:15,935 - INFO - 1赢了
2025-11-29 16:43:15,935 - INFO - 第1193局
2025-11-29 16:43:17,404 - INFO - 2赢了
2025-11-29 16:43:17,404 - INFO - 第1194局
2025-11-29 16:43:18,829 - INFO - 1赢了
2025-11-29 16:43:18,829 - INFO - 第1195局
2025-11-29 16:43:20,319 - INFO - 2赢了
2025-11-29 16:43:20,319 - INFO - 第1196局
2025-11-29 16:43:21,400 - INFO - 1赢了
2025-11-29 16:43:21,400 - INFO - 第1197局
2025-11-29 16:43:23,687 - INFO - 2赢了
2025-11-29 16:43:23,688 - INFO - 第1198局
2025-11-29 16:43:24,835 - INFO - 1赢了
2025-11-29 16:43:24,835 - INFO - 第1199局
2025-11-29 16:43:26,190 - INFO - 1赢了
2025-11-29 16:43:26,190 - INFO - 第1200局
2025-11-29 16:43:27,804 - INFO - 2赢了
2025-11-29 16:43:27,816 - INFO - Epoch: 0, Loss: 1.8024, Policy: 1.7960, Value: 0.0160
2025-11-29 16:43:28,414 - INFO - Epoch: 100, Loss: 1.8441, Policy: 1.8277, Value: 0.0409
2025-11-29 16:43:28,909 - INFO - Epoch: 200, Loss: 1.9151, Policy: 1.9006, Value: 0.0362
2025-11-29 16:43:29,408 - INFO - Epoch: 300, Loss: 1.8680, Policy: 1.8571, Value: 0.0271
2025-11-29 16:43:29,929 - INFO - Epoch: 400, Loss: 1.6685, Policy: 1.6593, Value: 0.0231
2025-11-29 16:43:30,446 - INFO - Epoch: 500, Loss: 1.7941, Policy: 1.7833, Value: 0.0271
2025-11-29 16:43:30,946 - INFO - Epoch: 600, Loss: 1.8174, Policy: 1.8093, Value: 0.0202
2025-11-29 16:43:31,456 - INFO - Epoch: 700, Loss: 1.8290, Policy: 1.8152, Value: 0.0346
2025-11-29 16:43:31,960 - INFO - Epoch: 800, Loss: 1.8961, Policy: 1.8855, Value: 0.0263
2025-11-29 16:43:32,469 - INFO - Epoch: 900, Loss: 1.8379, Policy: 1.8213, Value: 0.0417
2025-11-29 16:43:32,979 - INFO - Epoch: 1000, Loss: 1.9359, Policy: 1.9236, Value: 0.0307
2025-11-29 16:43:32,983 - INFO - 训练结束，最新模型已保存到 model.pth
2025-11-29 16:43:32,985 - INFO - 保存模型快照: /home/ktfine/IAteamwork/AlphaZero_Five/models/model_game_1200.pth
2025-11-29 16:43:32,985 - INFO - 缓存区数据量: 11137
2025-11-29 16:43:34,014 - INFO - 第1201局
2025-11-29 16:43:36,609 - INFO - 2赢了
2025-11-29 16:43:36,610 - INFO - 第1202局
2025-11-29 16:43:38,181 - INFO - 2赢了
2025-11-29 16:43:38,181 - INFO - 第1203局
2025-11-29 16:43:39,245 - INFO - 2赢了
2025-11-29 16:43:39,245 - INFO - 第1204局
2025-11-29 16:43:41,119 - INFO - 2赢了
2025-11-29 16:43:41,120 - INFO - 第1205局
2025-11-29 16:43:42,558 - INFO - 1赢了
2025-11-29 16:43:42,558 - INFO - 第1206局
2025-11-29 16:43:43,728 - INFO - 2赢了
2025-11-29 16:43:43,728 - INFO - 第1207局
2025-11-29 16:43:47,384 - INFO - 2赢了
2025-11-29 16:43:47,384 - INFO - 第1208局
2025-11-29 16:43:51,211 - INFO - 2赢了
2025-11-29 16:43:51,211 - INFO - 第1209局
2025-11-29 16:43:52,528 - INFO - 1赢了
2025-11-29 16:43:52,529 - INFO - 第1210局
2025-11-29 16:43:54,679 - INFO - 2赢了
2025-11-29 16:43:54,699 - INFO - Epoch: 0, Loss: 1.9042, Policy: 1.8883, Value: 0.0396
2025-11-29 16:43:55,336 - INFO - Epoch: 100, Loss: 1.7043, Policy: 1.6936, Value: 0.0266
2025-11-29 16:43:55,874 - INFO - Epoch: 200, Loss: 1.9604, Policy: 1.9508, Value: 0.0239
2025-11-29 16:43:56,420 - INFO - Epoch: 300, Loss: 1.9668, Policy: 1.9530, Value: 0.0346
2025-11-29 16:43:56,958 - INFO - Epoch: 400, Loss: 1.8583, Policy: 1.8445, Value: 0.0345
2025-11-29 16:43:57,477 - INFO - Epoch: 500, Loss: 1.7096, Policy: 1.6999, Value: 0.0243
2025-11-29 16:43:57,991 - INFO - Epoch: 600, Loss: 1.9092, Policy: 1.8953, Value: 0.0346
2025-11-29 16:43:58,488 - INFO - Epoch: 700, Loss: 1.7565, Policy: 1.7417, Value: 0.0371
2025-11-29 16:43:58,997 - INFO - Epoch: 800, Loss: 1.7687, Policy: 1.7555, Value: 0.0331
2025-11-29 16:43:59,499 - INFO - Epoch: 900, Loss: 1.8935, Policy: 1.8828, Value: 0.0267
2025-11-29 16:44:00,001 - INFO - Epoch: 1000, Loss: 2.0261, Policy: 2.0119, Value: 0.0355
2025-11-29 16:44:00,004 - INFO - 训练结束，最新模型已保存到 model.pth
2025-11-29 16:44:00,005 - INFO - 第1211局
2025-11-29 16:44:02,655 - INFO - 2赢了
2025-11-29 16:44:02,655 - INFO - 第1212局
2025-11-29 16:44:04,063 - INFO - 2赢了
2025-11-29 16:44:04,064 - INFO - 第1213局
2025-11-29 16:44:05,888 - INFO - 2赢了
2025-11-29 16:44:05,889 - INFO - 第1214局
2025-11-29 16:44:07,164 - INFO - 1赢了
2025-11-29 16:44:07,164 - INFO - 第1215局
2025-11-29 16:44:09,576 - INFO - 2赢了
2025-11-29 16:44:09,576 - INFO - 第1216局
2025-11-29 16:44:11,573 - INFO - 2赢了
2025-11-29 16:44:11,573 - INFO - 第1217局
2025-11-29 16:44:12,762 - INFO - 1赢了
2025-11-29 16:44:12,762 - INFO - 第1218局
2025-11-29 16:44:14,494 - INFO - 2赢了
2025-11-29 16:44:14,494 - INFO - 第1219局
2025-11-29 16:44:16,895 - INFO - 2赢了
2025-11-29 16:44:16,896 - INFO - 第1220局
2025-11-29 16:44:18,434 - INFO - 2赢了
2025-11-29 16:44:18,446 - INFO - Epoch: 0, Loss: 1.8318, Policy: 1.8244, Value: 0.0184
2025-11-29 16:44:19,044 - INFO - Epoch: 100, Loss: 1.7836, Policy: 1.7743, Value: 0.0232
2025-11-29 16:44:19,543 - INFO - Epoch: 200, Loss: 1.9071, Policy: 1.8958, Value: 0.0283
2025-11-29 16:44:20,045 - INFO - Epoch: 300, Loss: 1.8396, Policy: 1.8253, Value: 0.0357
2025-11-29 16:44:20,581 - INFO - Epoch: 400, Loss: 1.8228, Policy: 1.8079, Value: 0.0374
2025-11-29 16:44:21,096 - INFO - Epoch: 500, Loss: 1.8992, Policy: 1.8900, Value: 0.0231
2025-11-29 16:44:22,618 - INFO - Epoch: 600, Loss: 1.8634, Policy: 1.8483, Value: 0.0377
2025-11-29 16:44:23,116 - INFO - Epoch: 700, Loss: 1.9183, Policy: 1.9081, Value: 0.0256
2025-11-29 16:44:23,594 - INFO - Epoch: 800, Loss: 1.8583, Policy: 1.8475, Value: 0.0269
2025-11-29 16:44:24,127 - INFO - Epoch: 900, Loss: 1.8959, Policy: 1.8836, Value: 0.0308
2025-11-29 16:44:24,668 - INFO - Epoch: 1000, Loss: 1.8338, Policy: 1.8228, Value: 0.0274
2025-11-29 16:44:24,671 - INFO - 训练结束，最新模型已保存到 model.pth
2025-11-29 16:44:24,673 - INFO - 第1221局
2025-11-29 16:44:31,887 - INFO - 1赢了
2025-11-29 16:44:31,887 - INFO - 第1222局
2025-11-29 16:44:33,985 - INFO - 2赢了
2025-11-29 16:44:33,985 - INFO - 第1223局
2025-11-29 16:44:35,170 - INFO - 2赢了
2025-11-29 16:44:35,170 - INFO - 第1224局
2025-11-29 16:44:38,398 - INFO - 2赢了
2025-11-29 16:44:38,399 - INFO - 第1225局
2025-11-29 16:44:39,463 - INFO - 1赢了
2025-11-29 16:44:39,464 - INFO - 第1226局
2025-11-29 16:44:40,505 - INFO - 1赢了
2025-11-29 16:44:40,505 - INFO - 第1227局
2025-11-29 16:44:41,624 - INFO - 2赢了
2025-11-29 16:44:41,624 - INFO - 第1228局
2025-11-29 16:44:43,735 - INFO - 1赢了
2025-11-29 16:44:43,735 - INFO - 第1229局
2025-11-29 16:44:45,259 - INFO - 2赢了
2025-11-29 16:44:45,259 - INFO - 第1230局
2025-11-29 16:44:46,794 - INFO - 2赢了
2025-11-29 16:44:46,810 - INFO - Epoch: 0, Loss: 1.9026, Policy: 1.8913, Value: 0.0283
2025-11-29 16:44:47,396 - INFO - Epoch: 100, Loss: 1.7964, Policy: 1.7863, Value: 0.0253
2025-11-29 16:44:47,916 - INFO - Epoch: 200, Loss: 1.8745, Policy: 1.8628, Value: 0.0292
2025-11-29 16:44:48,439 - INFO - Epoch: 300, Loss: 1.7245, Policy: 1.7171, Value: 0.0185
2025-11-29 16:44:48,944 - INFO - Epoch: 400, Loss: 1.7545, Policy: 1.7382, Value: 0.0409
2025-11-29 16:44:49,449 - INFO - Epoch: 500, Loss: 1.8716, Policy: 1.8572, Value: 0.0359
2025-11-29 16:44:49,944 - INFO - Epoch: 600, Loss: 1.8642, Policy: 1.8555, Value: 0.0218
2025-11-29 16:44:50,451 - INFO - Epoch: 700, Loss: 1.8573, Policy: 1.8479, Value: 0.0235
2025-11-29 16:44:50,947 - INFO - Epoch: 800, Loss: 1.7987, Policy: 1.7893, Value: 0.0236
2025-11-29 16:44:51,446 - INFO - Epoch: 900, Loss: 1.7978, Policy: 1.7884, Value: 0.0233
2025-11-29 16:44:51,943 - INFO - Epoch: 1000, Loss: 1.9102, Policy: 1.8979, Value: 0.0307
2025-11-29 16:44:51,947 - INFO - 训练结束，最新模型已保存到 model.pth
2025-11-29 16:44:51,948 - INFO - 第1231局
2025-11-29 16:44:54,185 - INFO - 2赢了
2025-11-29 16:44:54,185 - INFO - 第1232局
2025-11-29 16:45:00,090 - INFO - 1赢了
2025-11-29 16:45:00,090 - INFO - 第1233局
2025-11-29 16:45:01,786 - INFO - 2赢了
2025-11-29 16:45:01,786 - INFO - 第1234局
2025-11-29 16:45:02,850 - INFO - 2赢了
2025-11-29 16:45:02,850 - INFO - 第1235局
2025-11-29 16:45:05,305 - INFO - 2赢了
2025-11-29 16:45:05,305 - INFO - 第1236局
2025-11-29 16:45:06,523 - INFO - 1赢了
2025-11-29 16:45:06,523 - INFO - 第1237局
2025-11-29 16:45:07,335 - INFO - 2赢了
2025-11-29 16:45:07,335 - INFO - 第1238局
2025-11-29 16:45:09,178 - INFO - 2赢了
2025-11-29 16:45:09,178 - INFO - 第1239局
2025-11-29 16:45:10,208 - INFO - 2赢了
2025-11-29 16:45:10,208 - INFO - 第1240局
2025-11-29 16:45:11,609 - INFO - 2赢了
2025-11-29 16:45:11,626 - INFO - Epoch: 0, Loss: 1.9386, Policy: 1.9269, Value: 0.0292
2025-11-29 16:45:12,219 - INFO - Epoch: 100, Loss: 1.8173, Policy: 1.8082, Value: 0.0227
2025-11-29 16:45:12,736 - INFO - Epoch: 200, Loss: 1.7196, Policy: 1.7092, Value: 0.0259
2025-11-29 16:45:13,250 - INFO - Epoch: 300, Loss: 1.7819, Policy: 1.7697, Value: 0.0306
2025-11-29 16:45:13,749 - INFO - Epoch: 400, Loss: 1.9199, Policy: 1.9085, Value: 0.0286
2025-11-29 16:45:14,273 - INFO - Epoch: 500, Loss: 1.8486, Policy: 1.8363, Value: 0.0308
2025-11-29 16:45:14,778 - INFO - Epoch: 600, Loss: 1.9102, Policy: 1.8929, Value: 0.0432
2025-11-29 16:45:15,291 - INFO - Epoch: 700, Loss: 1.8417, Policy: 1.8311, Value: 0.0264
2025-11-29 16:45:15,797 - INFO - Epoch: 800, Loss: 1.7604, Policy: 1.7514, Value: 0.0225
2025-11-29 16:45:16,301 - INFO - Epoch: 900, Loss: 1.8147, Policy: 1.8039, Value: 0.0270
2025-11-29 16:45:16,817 - INFO - Epoch: 1000, Loss: 1.8797, Policy: 1.8699, Value: 0.0244
2025-11-29 16:45:16,820 - INFO - 训练结束，最新模型已保存到 model.pth
2025-11-29 16:45:16,821 - INFO - 第1241局
2025-11-29 16:45:22,140 - INFO - 2赢了
2025-11-29 16:45:22,140 - INFO - 第1242局
2025-11-29 16:45:24,676 - INFO - 2赢了
2025-11-29 16:45:24,676 - INFO - 第1243局
2025-11-29 16:45:26,257 - INFO - 1赢了
2025-11-29 16:45:26,257 - INFO - 第1244局
2025-11-29 16:45:30,233 - INFO - 2赢了
2025-11-29 16:45:30,233 - INFO - 第1245局
2025-11-29 16:45:35,467 - INFO - 1赢了
2025-11-29 16:45:35,467 - INFO - 第1246局
2025-11-29 16:45:37,385 - INFO - 2赢了
2025-11-29 16:45:37,386 - INFO - 第1247局
2025-11-29 16:45:39,389 - INFO - 2赢了
2025-11-29 16:45:39,389 - INFO - 第1248局
2025-11-29 16:45:41,461 - INFO - 2赢了
2025-11-29 16:45:41,461 - INFO - 第1249局
2025-11-29 16:45:42,833 - INFO - 2赢了
2025-11-29 16:45:42,833 - INFO - 第1250局
2025-11-29 16:45:44,440 - INFO - 2赢了
2025-11-29 16:45:44,452 - INFO - Epoch: 0, Loss: 1.8323, Policy: 1.8185, Value: 0.0346
2025-11-29 16:45:45,014 - INFO - Epoch: 100, Loss: 1.6743, Policy: 1.6597, Value: 0.0364
2025-11-29 16:45:45,480 - INFO - Epoch: 200, Loss: 1.8461, Policy: 1.8345, Value: 0.0290
2025-11-29 16:45:45,957 - INFO - Epoch: 300, Loss: 1.8340, Policy: 1.8241, Value: 0.0247
2025-11-29 16:45:46,432 - INFO - Epoch: 400, Loss: 1.8153, Policy: 1.8076, Value: 0.0191
2025-11-29 16:45:46,942 - INFO - Epoch: 500, Loss: 1.7064, Policy: 1.6955, Value: 0.0272
2025-11-29 16:45:47,453 - INFO - Epoch: 600, Loss: 1.6902, Policy: 1.6730, Value: 0.0430
2025-11-29 16:45:47,963 - INFO - Epoch: 700, Loss: 1.7640, Policy: 1.7516, Value: 0.0312
2025-11-29 16:45:48,469 - INFO - Epoch: 800, Loss: 1.9942, Policy: 1.9830, Value: 0.0281
2025-11-29 16:45:49,004 - INFO - Epoch: 900, Loss: 1.8182, Policy: 1.8060, Value: 0.0306
2025-11-29 16:45:49,504 - INFO - Epoch: 1000, Loss: 1.6514, Policy: 1.6409, Value: 0.0261
2025-11-29 16:45:49,508 - INFO - 训练结束，最新模型已保存到 model.pth
2025-11-29 16:45:49,509 - INFO - 第1251局
2025-11-29 16:45:51,908 - INFO - 1赢了
2025-11-29 16:45:51,908 - INFO - 第1252局
2025-11-29 16:45:52,901 - INFO - 2赢了
2025-11-29 16:45:52,901 - INFO - 第1253局
2025-11-29 16:45:54,552 - INFO - 2赢了
2025-11-29 16:45:54,552 - INFO - 第1254局
2025-11-29 16:45:57,350 - INFO - 1赢了
2025-11-29 16:45:57,350 - INFO - 第1255局
2025-11-29 16:45:58,802 - INFO - 1赢了
2025-11-29 16:45:58,802 - INFO - 第1256局
2025-11-29 16:46:00,533 - INFO - 2赢了
2025-11-29 16:46:00,534 - INFO - 第1257局
2025-11-29 16:46:04,894 - INFO - 2赢了
2025-11-29 16:46:04,894 - INFO - 第1258局
2025-11-29 16:46:06,370 - INFO - 2赢了
2025-11-29 16:46:06,370 - INFO - 第1259局
2025-11-29 16:46:07,869 - INFO - 2赢了
2025-11-29 16:46:07,869 - INFO - 第1260局
2025-11-29 16:46:08,772 - INFO - 2赢了
2025-11-29 16:46:08,791 - INFO - Epoch: 0, Loss: 1.8127, Policy: 1.8017, Value: 0.0274
2025-11-29 16:46:09,429 - INFO - Epoch: 100, Loss: 1.8507, Policy: 1.8351, Value: 0.0391
2025-11-29 16:46:10,030 - INFO - Epoch: 200, Loss: 1.7293, Policy: 1.7167, Value: 0.0314
2025-11-29 16:46:10,608 - INFO - Epoch: 300, Loss: 1.8423, Policy: 1.8275, Value: 0.0370
2025-11-29 16:46:11,171 - INFO - Epoch: 400, Loss: 1.7696, Policy: 1.7579, Value: 0.0292
2025-11-29 16:46:11,747 - INFO - Epoch: 500, Loss: 1.7155, Policy: 1.7076, Value: 0.0196
2025-11-29 16:46:12,281 - INFO - Epoch: 600, Loss: 1.7615, Policy: 1.7510, Value: 0.0263
2025-11-29 16:46:12,805 - INFO - Epoch: 700, Loss: 1.7503, Policy: 1.7452, Value: 0.0127
2025-11-29 16:46:13,336 - INFO - Epoch: 800, Loss: 1.8275, Policy: 1.8123, Value: 0.0381
2025-11-29 16:46:13,863 - INFO - Epoch: 900, Loss: 1.9547, Policy: 1.9438, Value: 0.0271
2025-11-29 16:46:14,389 - INFO - Epoch: 1000, Loss: 1.8193, Policy: 1.8010, Value: 0.0457
2025-11-29 16:46:14,392 - INFO - 训练结束，最新模型已保存到 model.pth
2025-11-29 16:46:14,393 - INFO - 第1261局
2025-11-29 16:46:16,862 - INFO - 2赢了
2025-11-29 16:46:16,862 - INFO - 第1262局
2025-11-29 16:46:19,748 - INFO - 2赢了
2025-11-29 16:46:19,748 - INFO - 第1263局
2025-11-29 16:46:20,847 - INFO - 2赢了
2025-11-29 16:46:20,847 - INFO - 第1264局
2025-11-29 16:46:23,418 - INFO - 2赢了
2025-11-29 16:46:23,418 - INFO - 第1265局
2025-11-29 16:46:24,698 - INFO - 2赢了
2025-11-29 16:46:24,698 - INFO - 第1266局
2025-11-29 16:46:30,615 - INFO - 2赢了
2025-11-29 16:46:30,615 - INFO - 第1267局
2025-11-29 16:46:32,519 - INFO - 2赢了
2025-11-29 16:46:32,519 - INFO - 第1268局
2025-11-29 16:46:35,588 - INFO - 2赢了
2025-11-29 16:46:35,589 - INFO - 第1269局
2025-11-29 16:46:38,672 - INFO - 1赢了
2025-11-29 16:46:38,673 - INFO - 第1270局
2025-11-29 16:46:40,724 - INFO - 1赢了
2025-11-29 16:46:40,744 - INFO - Epoch: 0, Loss: 1.8943, Policy: 1.8807, Value: 0.0339
2025-11-29 16:46:41,361 - INFO - Epoch: 100, Loss: 1.7226, Policy: 1.7006, Value: 0.0551
2025-11-29 16:46:41,893 - INFO - Epoch: 200, Loss: 1.8363, Policy: 1.8246, Value: 0.0291
2025-11-29 16:46:42,418 - INFO - Epoch: 300, Loss: 1.7531, Policy: 1.7422, Value: 0.0272
2025-11-29 16:46:42,958 - INFO - Epoch: 400, Loss: 1.9117, Policy: 1.8970, Value: 0.0367
2025-11-29 16:46:43,474 - INFO - Epoch: 500, Loss: 1.7847, Policy: 1.7717, Value: 0.0325
2025-11-29 16:46:43,986 - INFO - Epoch: 600, Loss: 1.9502, Policy: 1.9383, Value: 0.0296
2025-11-29 16:46:44,502 - INFO - Epoch: 700, Loss: 1.9086, Policy: 1.8987, Value: 0.0249
2025-11-29 16:46:45,039 - INFO - Epoch: 800, Loss: 1.9933, Policy: 1.9784, Value: 0.0372
2025-11-29 16:46:45,562 - INFO - Epoch: 900, Loss: 1.8997, Policy: 1.8879, Value: 0.0294
2025-11-29 16:46:46,038 - INFO - Epoch: 1000, Loss: 1.8572, Policy: 1.8360, Value: 0.0531
2025-11-29 16:46:46,042 - INFO - 训练结束，最新模型已保存到 model.pth
2025-11-29 16:46:46,043 - INFO - 第1271局
2025-11-29 16:46:47,786 - INFO - 2赢了
2025-11-29 16:46:47,786 - INFO - 第1272局
2025-11-29 16:46:48,722 - INFO - 1赢了
2025-11-29 16:46:48,722 - INFO - 第1273局
2025-11-29 16:46:49,937 - INFO - 2赢了
2025-11-29 16:46:49,937 - INFO - 第1274局
2025-11-29 16:46:51,461 - INFO - 2赢了
2025-11-29 16:46:51,461 - INFO - 第1275局
2025-11-29 16:46:55,265 - INFO - 2赢了
2025-11-29 16:46:55,265 - INFO - 第1276局
2025-11-29 16:46:58,318 - INFO - 2赢了
2025-11-29 16:46:58,318 - INFO - 第1277局
2025-11-29 16:46:59,648 - INFO - 1赢了
2025-11-29 16:46:59,649 - INFO - 第1278局
2025-11-29 16:47:00,860 - INFO - 2赢了
2025-11-29 16:47:00,860 - INFO - 第1279局
2025-11-29 16:47:05,603 - INFO - 2赢了
2025-11-29 16:47:05,603 - INFO - 第1280局
2025-11-29 16:47:07,111 - INFO - 2赢了
2025-11-29 16:47:07,129 - INFO - Epoch: 0, Loss: 1.9098, Policy: 1.8947, Value: 0.0376
2025-11-29 16:47:07,759 - INFO - Epoch: 100, Loss: 1.8690, Policy: 1.8584, Value: 0.0265
2025-11-29 16:47:08,337 - INFO - Epoch: 200, Loss: 1.9402, Policy: 1.9271, Value: 0.0330
2025-11-29 16:47:08,920 - INFO - Epoch: 300, Loss: 1.9165, Policy: 1.8991, Value: 0.0437
2025-11-29 16:47:09,503 - INFO - Epoch: 400, Loss: 1.9276, Policy: 1.9109, Value: 0.0417
2025-11-29 16:47:10,088 - INFO - Epoch: 500, Loss: 1.8115, Policy: 1.7995, Value: 0.0300
2025-11-29 16:47:10,672 - INFO - Epoch: 600, Loss: 1.8793, Policy: 1.8699, Value: 0.0235
2025-11-29 16:47:11,245 - INFO - Epoch: 700, Loss: 1.8741, Policy: 1.8642, Value: 0.0248
2025-11-29 16:47:11,817 - INFO - Epoch: 800, Loss: 1.8785, Policy: 1.8557, Value: 0.0570
2025-11-29 16:47:12,380 - INFO - Epoch: 900, Loss: 1.8410, Policy: 1.8285, Value: 0.0314
2025-11-29 16:47:12,976 - INFO - Epoch: 1000, Loss: 1.8132, Policy: 1.7947, Value: 0.0463
2025-11-29 16:47:12,980 - INFO - 训练结束，最新模型已保存到 model.pth
2025-11-29 16:47:12,981 - INFO - 第1281局
2025-11-29 16:47:17,611 - INFO - 2赢了
2025-11-29 16:47:17,611 - INFO - 第1282局
2025-11-29 16:47:19,728 - INFO - 2赢了
2025-11-29 16:47:19,728 - INFO - 第1283局
2025-11-29 16:47:22,734 - INFO - 2赢了
2025-11-29 16:47:22,735 - INFO - 第1284局
2025-11-29 16:47:23,697 - INFO - 2赢了
2025-11-29 16:47:23,697 - INFO - 第1285局
2025-11-29 16:47:27,148 - INFO - 2赢了
2025-11-29 16:47:27,148 - INFO - 第1286局
2025-11-29 16:47:29,647 - INFO - 2赢了
2025-11-29 16:47:29,647 - INFO - 第1287局
2025-11-29 16:47:30,965 - INFO - 2赢了
2025-11-29 16:47:30,965 - INFO - 第1288局
2025-11-29 16:47:32,483 - INFO - 1赢了
2025-11-29 16:47:32,483 - INFO - 第1289局
2025-11-29 16:47:33,446 - INFO - 2赢了
2025-11-29 16:47:33,446 - INFO - 第1290局
2025-11-29 16:47:35,311 - INFO - 2赢了
2025-11-29 16:47:35,331 - INFO - Epoch: 0, Loss: 1.8773, Policy: 1.8634, Value: 0.0349
2025-11-29 16:47:35,937 - INFO - Epoch: 100, Loss: 1.8602, Policy: 1.8442, Value: 0.0400
2025-11-29 16:47:36,448 - INFO - Epoch: 200, Loss: 1.8744, Policy: 1.8519, Value: 0.0565
2025-11-29 16:47:36,954 - INFO - Epoch: 300, Loss: 1.7604, Policy: 1.7466, Value: 0.0345
2025-11-29 16:47:37,481 - INFO - Epoch: 400, Loss: 1.8409, Policy: 1.8311, Value: 0.0245
2025-11-29 16:47:38,003 - INFO - Epoch: 500, Loss: 1.8222, Policy: 1.8131, Value: 0.0228
2025-11-29 16:47:38,529 - INFO - Epoch: 600, Loss: 1.9493, Policy: 1.9318, Value: 0.0438
2025-11-29 16:47:39,038 - INFO - Epoch: 700, Loss: 1.8639, Policy: 1.8525, Value: 0.0286
2025-11-29 16:47:39,561 - INFO - Epoch: 800, Loss: 1.8646, Policy: 1.8330, Value: 0.0790
2025-11-29 16:47:40,083 - INFO - Epoch: 900, Loss: 1.8804, Policy: 1.8682, Value: 0.0305
2025-11-29 16:47:40,624 - INFO - Epoch: 1000, Loss: 1.8316, Policy: 1.8202, Value: 0.0285
2025-11-29 16:47:40,628 - INFO - 训练结束，最新模型已保存到 model.pth
2025-11-29 16:47:40,629 - INFO - 第1291局
2025-11-29 16:47:41,702 - INFO - 2赢了
2025-11-29 16:47:41,702 - INFO - 第1292局
2025-11-29 16:47:42,850 - INFO - 2赢了
2025-11-29 16:47:42,850 - INFO - 第1293局
2025-11-29 16:47:45,681 - INFO - 2赢了
2025-11-29 16:47:45,681 - INFO - 第1294局
2025-11-29 16:47:46,990 - INFO - 2赢了
2025-11-29 16:47:46,991 - INFO - 第1295局
2025-11-29 16:47:48,449 - INFO - 2赢了
2025-11-29 16:47:48,449 - INFO - 第1296局
2025-11-29 16:47:50,212 - INFO - 2赢了
2025-11-29 16:47:50,213 - INFO - 第1297局
2025-11-29 16:47:51,982 - INFO - 2赢了
2025-11-29 16:47:51,982 - INFO - 第1298局
2025-11-29 16:47:53,715 - INFO - 2赢了
2025-11-29 16:47:53,715 - INFO - 第1299局
2025-11-29 16:47:56,216 - INFO - 2赢了
2025-11-29 16:47:56,216 - INFO - 第1300局
2025-11-29 16:47:58,204 - INFO - 2赢了
2025-11-29 16:47:58,223 - INFO - Epoch: 0, Loss: 1.8168, Policy: 1.8071, Value: 0.0244
2025-11-29 16:47:58,811 - INFO - Epoch: 100, Loss: 1.9583, Policy: 1.9473, Value: 0.0275
2025-11-29 16:47:59,295 - INFO - Epoch: 200, Loss: 1.9775, Policy: 1.9668, Value: 0.0268
2025-11-29 16:47:59,759 - INFO - Epoch: 300, Loss: 2.0016, Policy: 1.9930, Value: 0.0216
2025-11-29 16:48:00,215 - INFO - Epoch: 400, Loss: 1.7974, Policy: 1.7795, Value: 0.0448
2025-11-29 16:48:00,669 - INFO - Epoch: 500, Loss: 1.8740, Policy: 1.8648, Value: 0.0231
2025-11-29 16:48:01,135 - INFO - Epoch: 600, Loss: 1.9042, Policy: 1.8922, Value: 0.0299
2025-11-29 16:48:01,592 - INFO - Epoch: 700, Loss: 1.6142, Policy: 1.6026, Value: 0.0290
2025-11-29 16:48:02,061 - INFO - Epoch: 800, Loss: 1.9238, Policy: 1.9127, Value: 0.0279
2025-11-29 16:48:02,530 - INFO - Epoch: 900, Loss: 1.7951, Policy: 1.7836, Value: 0.0289
2025-11-29 16:48:02,995 - INFO - Epoch: 1000, Loss: 1.9152, Policy: 1.8984, Value: 0.0421
2025-11-29 16:48:02,998 - INFO - 训练结束，最新模型已保存到 model.pth
2025-11-29 16:48:02,999 - INFO - 第1301局
2025-11-29 16:48:03,822 - INFO - 2赢了
2025-11-29 16:48:03,823 - INFO - 第1302局
2025-11-29 16:48:04,842 - INFO - 2赢了
2025-11-29 16:48:04,842 - INFO - 第1303局
2025-11-29 16:48:06,765 - INFO - 2赢了
2025-11-29 16:48:06,765 - INFO - 第1304局
2025-11-29 16:48:08,226 - INFO - 2赢了
2025-11-29 16:48:08,227 - INFO - 第1305局
2025-11-29 16:48:08,995 - INFO - 2赢了
2025-11-29 16:48:08,995 - INFO - 第1306局
2025-11-29 16:48:11,082 - INFO - 2赢了
2025-11-29 16:48:11,083 - INFO - 第1307局
2025-11-29 16:48:14,751 - INFO - 2赢了
2025-11-29 16:48:14,751 - INFO - 第1308局
2025-11-29 16:48:17,652 - INFO - 2赢了
2025-11-29 16:48:17,652 - INFO - 第1309局
2025-11-29 16:48:20,676 - INFO - 1赢了
2025-11-29 16:48:20,676 - INFO - 第1310局
2025-11-29 16:48:21,535 - INFO - 2赢了
2025-11-29 16:48:21,548 - INFO - Epoch: 0, Loss: 1.8213, Policy: 1.8079, Value: 0.0334
2025-11-29 16:48:22,255 - INFO - Epoch: 100, Loss: 1.7315, Policy: 1.7225, Value: 0.0224
2025-11-29 16:48:22,843 - INFO - Epoch: 200, Loss: 1.9646, Policy: 1.9528, Value: 0.0294
2025-11-29 16:48:23,429 - INFO - Epoch: 300, Loss: 1.8249, Policy: 1.8126, Value: 0.0307
2025-11-29 16:48:23,983 - INFO - Epoch: 400, Loss: 1.7658, Policy: 1.7528, Value: 0.0327
2025-11-29 16:48:24,571 - INFO - Epoch: 500, Loss: 1.7579, Policy: 1.7491, Value: 0.0218
2025-11-29 16:48:25,102 - INFO - Epoch: 600, Loss: 1.8495, Policy: 1.8393, Value: 0.0257
2025-11-29 16:48:25,654 - INFO - Epoch: 700, Loss: 1.6628, Policy: 1.6368, Value: 0.0648
2025-11-29 16:48:26,198 - INFO - Epoch: 800, Loss: 1.8358, Policy: 1.8230, Value: 0.0320
2025-11-29 16:48:26,763 - INFO - Epoch: 900, Loss: 1.8554, Policy: 1.8456, Value: 0.0245
2025-11-29 16:48:27,301 - INFO - Epoch: 1000, Loss: 2.0123, Policy: 1.9992, Value: 0.0326
2025-11-29 16:48:27,305 - INFO - 训练结束，最新模型已保存到 model.pth
2025-11-29 16:48:27,306 - INFO - 第1311局
2025-11-29 16:48:28,850 - INFO - 1赢了
2025-11-29 16:48:28,850 - INFO - 第1312局
2025-11-29 16:48:32,039 - INFO - 2赢了
2025-11-29 16:48:32,039 - INFO - 第1313局
2025-11-29 16:48:33,227 - INFO - 1赢了
2025-11-29 16:48:33,228 - INFO - 第1314局
2025-11-29 16:48:35,504 - INFO - 1赢了
2025-11-29 16:48:35,504 - INFO - 第1315局
2025-11-29 16:48:36,907 - INFO - 1赢了
2025-11-29 16:48:36,908 - INFO - 第1316局
2025-11-29 16:48:38,919 - INFO - 2赢了
2025-11-29 16:48:38,919 - INFO - 第1317局
2025-11-29 16:48:40,830 - INFO - 1赢了
2025-11-29 16:48:40,831 - INFO - 第1318局
2025-11-29 16:48:43,264 - INFO - 2赢了
2025-11-29 16:48:43,264 - INFO - 第1319局
2025-11-29 16:48:44,978 - INFO - 2赢了
2025-11-29 16:48:44,979 - INFO - 第1320局
2025-11-29 16:48:46,315 - INFO - 1赢了
2025-11-29 16:48:46,336 - INFO - Epoch: 0, Loss: 1.8548, Policy: 1.8418, Value: 0.0325
2025-11-29 16:48:46,944 - INFO - Epoch: 100, Loss: 1.8671, Policy: 1.8531, Value: 0.0350
2025-11-29 16:48:47,450 - INFO - Epoch: 200, Loss: 1.7911, Policy: 1.7780, Value: 0.0328
2025-11-29 16:48:47,975 - INFO - Epoch: 300, Loss: 1.8658, Policy: 1.8537, Value: 0.0303
2025-11-29 16:48:48,475 - INFO - Epoch: 400, Loss: 1.7650, Policy: 1.7559, Value: 0.0229
2025-11-29 16:48:48,984 - INFO - Epoch: 500, Loss: 1.9133, Policy: 1.8992, Value: 0.0354
2025-11-29 16:48:49,482 - INFO - Epoch: 600, Loss: 1.9243, Policy: 1.9149, Value: 0.0236
2025-11-29 16:48:49,997 - INFO - Epoch: 700, Loss: 1.7811, Policy: 1.7621, Value: 0.0475
2025-11-29 16:48:50,490 - INFO - Epoch: 800, Loss: 1.7125, Policy: 1.7026, Value: 0.0249
2025-11-29 16:48:51,011 - INFO - Epoch: 900, Loss: 1.8247, Policy: 1.8155, Value: 0.0228
2025-11-29 16:48:51,520 - INFO - Epoch: 1000, Loss: 1.8440, Policy: 1.8317, Value: 0.0309
2025-11-29 16:48:51,524 - INFO - 训练结束，最新模型已保存到 model.pth
2025-11-29 16:48:51,525 - INFO - 第1321局
2025-11-29 16:48:53,568 - INFO - 2赢了
2025-11-29 16:48:53,568 - INFO - 第1322局
2025-11-29 16:48:54,996 - INFO - 2赢了
2025-11-29 16:48:54,996 - INFO - 第1323局
2025-11-29 16:48:56,813 - INFO - 2赢了
2025-11-29 16:48:56,813 - INFO - 第1324局
2025-11-29 16:48:57,784 - INFO - 2赢了
2025-11-29 16:48:57,784 - INFO - 第1325局
2025-11-29 16:48:59,126 - INFO - 1赢了
2025-11-29 16:48:59,126 - INFO - 第1326局
2025-11-29 16:49:01,251 - INFO - 2赢了
2025-11-29 16:49:01,251 - INFO - 第1327局
2025-11-29 16:49:03,237 - INFO - 1赢了
2025-11-29 16:49:03,237 - INFO - 第1328局
2025-11-29 16:49:04,116 - INFO - 2赢了
2025-11-29 16:49:04,116 - INFO - 第1329局
2025-11-29 16:49:07,101 - INFO - 2赢了
2025-11-29 16:49:07,101 - INFO - 第1330局
2025-11-29 16:49:09,107 - INFO - 2赢了
2025-11-29 16:49:09,127 - INFO - Epoch: 0, Loss: 2.0105, Policy: 1.9962, Value: 0.0359
2025-11-29 16:49:09,724 - INFO - Epoch: 100, Loss: 1.9536, Policy: 1.9311, Value: 0.0562
2025-11-29 16:49:10,249 - INFO - Epoch: 200, Loss: 1.8530, Policy: 1.8436, Value: 0.0235
2025-11-29 16:49:10,755 - INFO - Epoch: 300, Loss: 1.8325, Policy: 1.8182, Value: 0.0357
2025-11-29 16:49:11,265 - INFO - Epoch: 400, Loss: 1.7583, Policy: 1.7462, Value: 0.0305
2025-11-29 16:49:11,766 - INFO - Epoch: 500, Loss: 1.8079, Policy: 1.7830, Value: 0.0623
2025-11-29 16:49:12,290 - INFO - Epoch: 600, Loss: 1.8809, Policy: 1.8709, Value: 0.0251
2025-11-29 16:49:12,797 - INFO - Epoch: 700, Loss: 1.8663, Policy: 1.8553, Value: 0.0276
2025-11-29 16:49:13,316 - INFO - Epoch: 800, Loss: 1.8440, Policy: 1.8308, Value: 0.0329
2025-11-29 16:49:13,792 - INFO - Epoch: 900, Loss: 1.7195, Policy: 1.7112, Value: 0.0209
2025-11-29 16:49:14,265 - INFO - Epoch: 1000, Loss: 1.9992, Policy: 1.9878, Value: 0.0283
2025-11-29 16:49:14,268 - INFO - 训练结束，最新模型已保存到 model.pth
2025-11-29 16:49:14,269 - INFO - 第1331局
2025-11-29 16:49:16,380 - INFO - 2赢了
2025-11-29 16:49:16,380 - INFO - 第1332局
2025-11-29 16:49:17,927 - INFO - 2赢了
2025-11-29 16:49:17,928 - INFO - 第1333局
2025-11-29 16:49:19,131 - INFO - 1赢了
2025-11-29 16:49:19,131 - INFO - 第1334局
2025-11-29 16:49:21,352 - INFO - 2赢了
2025-11-29 16:49:21,352 - INFO - 第1335局
2025-11-29 16:49:22,877 - INFO - 2赢了
2025-11-29 16:49:22,878 - INFO - 第1336局
2025-11-29 16:49:24,537 - INFO - 2赢了
2025-11-29 16:49:24,537 - INFO - 第1337局
2025-11-29 16:49:27,054 - INFO - 2赢了
2025-11-29 16:49:27,054 - INFO - 第1338局
2025-11-29 16:49:28,180 - INFO - 2赢了
2025-11-29 16:49:28,180 - INFO - 第1339局
2025-11-29 16:49:30,539 - INFO - 2赢了
2025-11-29 16:49:30,539 - INFO - 第1340局
2025-11-29 16:49:35,000 - INFO - 2赢了
2025-11-29 16:49:35,020 - INFO - Epoch: 0, Loss: 1.8921, Policy: 1.8742, Value: 0.0448
2025-11-29 16:49:35,627 - INFO - Epoch: 100, Loss: 1.9185, Policy: 1.9075, Value: 0.0275
2025-11-29 16:49:36,149 - INFO - Epoch: 200, Loss: 1.9633, Policy: 1.9521, Value: 0.0279
2025-11-29 16:49:36,652 - INFO - Epoch: 300, Loss: 1.7533, Policy: 1.7447, Value: 0.0214
2025-11-29 16:49:37,166 - INFO - Epoch: 400, Loss: 1.7621, Policy: 1.7498, Value: 0.0306
2025-11-29 16:49:37,681 - INFO - Epoch: 500, Loss: 1.8407, Policy: 1.8258, Value: 0.0373
2025-11-29 16:49:39,362 - INFO - Epoch: 600, Loss: 1.7876, Policy: 1.7750, Value: 0.0316
2025-11-29 16:49:39,864 - INFO - Epoch: 700, Loss: 1.6940, Policy: 1.6836, Value: 0.0259
2025-11-29 16:49:40,374 - INFO - Epoch: 800, Loss: 1.8104, Policy: 1.7976, Value: 0.0322
2025-11-29 16:49:40,879 - INFO - Epoch: 900, Loss: 1.7910, Policy: 1.7797, Value: 0.0283
2025-11-29 16:49:41,384 - INFO - Epoch: 1000, Loss: 2.0355, Policy: 2.0241, Value: 0.0285
2025-11-29 16:49:41,388 - INFO - 训练结束，最新模型已保存到 model.pth
2025-11-29 16:49:41,389 - INFO - 第1341局
2025-11-29 16:49:42,840 - INFO - 1赢了
2025-11-29 16:49:42,841 - INFO - 第1342局
2025-11-29 16:49:43,897 - INFO - 1赢了
2025-11-29 16:49:43,897 - INFO - 第1343局
2025-11-29 16:49:46,357 - INFO - 2赢了
2025-11-29 16:49:46,358 - INFO - 第1344局
2025-11-29 16:49:47,545 - INFO - 1赢了
2025-11-29 16:49:47,545 - INFO - 第1345局
2025-11-29 16:49:49,888 - INFO - 2赢了
2025-11-29 16:49:49,888 - INFO - 第1346局
2025-11-29 16:49:51,456 - INFO - 1赢了
2025-11-29 16:49:51,457 - INFO - 第1347局
2025-11-29 16:49:56,483 - INFO - 2赢了
2025-11-29 16:49:56,484 - INFO - 第1348局
2025-11-29 16:49:57,968 - INFO - 2赢了
2025-11-29 16:49:57,968 - INFO - 第1349局
2025-11-29 16:50:00,019 - INFO - 1赢了
2025-11-29 16:50:00,019 - INFO - 第1350局
2025-11-29 16:50:01,618 - INFO - 2赢了
2025-11-29 16:50:01,637 - INFO - Epoch: 0, Loss: 1.7951, Policy: 1.7869, Value: 0.0206
2025-11-29 16:50:02,229 - INFO - Epoch: 100, Loss: 1.9184, Policy: 1.9041, Value: 0.0357
2025-11-29 16:50:02,750 - INFO - Epoch: 200, Loss: 1.8456, Policy: 1.8303, Value: 0.0381
2025-11-29 16:50:03,259 - INFO - Epoch: 300, Loss: 1.8712, Policy: 1.8535, Value: 0.0445
2025-11-29 16:50:03,777 - INFO - Epoch: 400, Loss: 1.9082, Policy: 1.8983, Value: 0.0247
2025-11-29 16:50:04,290 - INFO - Epoch: 500, Loss: 1.8166, Policy: 1.8059, Value: 0.0268
2025-11-29 16:50:04,848 - INFO - Epoch: 600, Loss: 1.8364, Policy: 1.8214, Value: 0.0374
2025-11-29 16:50:05,373 - INFO - Epoch: 700, Loss: 1.8284, Policy: 1.8191, Value: 0.0233
2025-11-29 16:50:05,884 - INFO - Epoch: 800, Loss: 1.8741, Policy: 1.8650, Value: 0.0226
2025-11-29 16:50:06,402 - INFO - Epoch: 900, Loss: 1.8114, Policy: 1.8002, Value: 0.0280
2025-11-29 16:50:06,929 - INFO - Epoch: 1000, Loss: 1.8042, Policy: 1.7897, Value: 0.0361
2025-11-29 16:50:06,934 - INFO - 训练结束，最新模型已保存到 model.pth
2025-11-29 16:50:06,935 - INFO - 第1351局
2025-11-29 16:50:09,108 - INFO - 2赢了
2025-11-29 16:50:09,108 - INFO - 第1352局
2025-11-29 16:50:10,866 - INFO - 1赢了
2025-11-29 16:50:10,866 - INFO - 第1353局
2025-11-29 16:50:13,663 - INFO - 2赢了
2025-11-29 16:50:13,663 - INFO - 第1354局
2025-11-29 16:50:15,575 - INFO - 2赢了
2025-11-29 16:50:15,576 - INFO - 第1355局
2025-11-29 16:50:18,660 - INFO - 2赢了
2025-11-29 16:50:18,660 - INFO - 第1356局
2025-11-29 16:50:20,349 - INFO - 2赢了
2025-11-29 16:50:20,349 - INFO - 第1357局
2025-11-29 16:50:22,152 - INFO - 2赢了
2025-11-29 16:50:22,153 - INFO - 第1358局
2025-11-29 16:50:24,558 - INFO - 2赢了
2025-11-29 16:50:24,558 - INFO - 第1359局
2025-11-29 16:50:25,504 - INFO - 1赢了
2025-11-29 16:50:25,504 - INFO - 第1360局
2025-11-29 16:50:27,389 - INFO - 2赢了
2025-11-29 16:50:27,409 - INFO - Epoch: 0, Loss: 1.8081, Policy: 1.7933, Value: 0.0370
2025-11-29 16:50:28,026 - INFO - Epoch: 100, Loss: 1.9082, Policy: 1.8980, Value: 0.0255
2025-11-29 16:50:28,564 - INFO - Epoch: 200, Loss: 1.7896, Policy: 1.7801, Value: 0.0239
2025-11-29 16:50:29,087 - INFO - Epoch: 300, Loss: 1.6644, Policy: 1.6525, Value: 0.0297
2025-11-29 16:50:29,641 - INFO - Epoch: 400, Loss: 2.0658, Policy: 2.0526, Value: 0.0331
2025-11-29 16:50:30,172 - INFO - Epoch: 500, Loss: 1.8954, Policy: 1.8857, Value: 0.0242
2025-11-29 16:50:30,684 - INFO - Epoch: 600, Loss: 1.8713, Policy: 1.8637, Value: 0.0190
2025-11-29 16:50:31,227 - INFO - Epoch: 700, Loss: 1.7964, Policy: 1.7843, Value: 0.0301
2025-11-29 16:50:31,747 - INFO - Epoch: 800, Loss: 1.8448, Policy: 1.8341, Value: 0.0268
2025-11-29 16:50:32,272 - INFO - Epoch: 900, Loss: 2.0471, Policy: 2.0342, Value: 0.0324
2025-11-29 16:50:32,780 - INFO - Epoch: 1000, Loss: 1.7845, Policy: 1.7753, Value: 0.0229
2025-11-29 16:50:32,784 - INFO - 训练结束，最新模型已保存到 model.pth
2025-11-29 16:50:32,785 - INFO - 第1361局
2025-11-29 16:50:34,228 - INFO - 2赢了
2025-11-29 16:50:34,228 - INFO - 第1362局
2025-11-29 16:50:36,310 - INFO - 1赢了
2025-11-29 16:50:36,311 - INFO - 第1363局
2025-11-29 16:50:38,433 - INFO - 2赢了
2025-11-29 16:50:38,433 - INFO - 第1364局
2025-11-29 16:50:40,173 - INFO - 2赢了
2025-11-29 16:50:40,173 - INFO - 第1365局
2025-11-29 16:50:41,634 - INFO - 2赢了
2025-11-29 16:50:41,634 - INFO - 第1366局
2025-11-29 16:50:43,358 - INFO - 2赢了
2025-11-29 16:50:43,359 - INFO - 第1367局
2025-11-29 16:50:44,512 - INFO - 2赢了
2025-11-29 16:50:44,512 - INFO - 第1368局
2025-11-29 16:50:47,904 - INFO - 2赢了
2025-11-29 16:50:47,904 - INFO - 第1369局
2025-11-29 16:50:49,522 - INFO - 1赢了
2025-11-29 16:50:49,522 - INFO - 第1370局
2025-11-29 16:50:51,268 - INFO - 2赢了
2025-11-29 16:50:51,287 - INFO - Epoch: 0, Loss: 1.7980, Policy: 1.7867, Value: 0.0284
2025-11-29 16:50:51,878 - INFO - Epoch: 100, Loss: 1.9811, Policy: 1.9701, Value: 0.0276
2025-11-29 16:50:52,385 - INFO - Epoch: 200, Loss: 1.8012, Policy: 1.7929, Value: 0.0207
2025-11-29 16:50:52,888 - INFO - Epoch: 300, Loss: 1.8213, Policy: 1.8091, Value: 0.0307
2025-11-29 16:50:53,354 - INFO - Epoch: 400, Loss: 1.9246, Policy: 1.9111, Value: 0.0339
2025-11-29 16:50:53,818 - INFO - Epoch: 500, Loss: 1.8788, Policy: 1.8688, Value: 0.0250
2025-11-29 16:50:54,281 - INFO - Epoch: 600, Loss: 1.7345, Policy: 1.7219, Value: 0.0315
2025-11-29 16:50:54,750 - INFO - Epoch: 700, Loss: 1.8260, Policy: 1.8161, Value: 0.0246
2025-11-29 16:50:55,212 - INFO - Epoch: 800, Loss: 1.8336, Policy: 1.8209, Value: 0.0319
2025-11-29 16:50:55,687 - INFO - Epoch: 900, Loss: 1.8628, Policy: 1.8506, Value: 0.0303
2025-11-29 16:50:56,155 - INFO - Epoch: 1000, Loss: 1.8712, Policy: 1.8513, Value: 0.0498
2025-11-29 16:50:56,158 - INFO - 训练结束，最新模型已保存到 model.pth
2025-11-29 16:50:56,159 - INFO - 第1371局
2025-11-29 16:50:58,137 - INFO - 2赢了
2025-11-29 16:50:58,137 - INFO - 第1372局
2025-11-29 16:50:58,822 - INFO - 2赢了
2025-11-29 16:50:58,822 - INFO - 第1373局
2025-11-29 16:51:00,281 - INFO - 2赢了
2025-11-29 16:51:00,281 - INFO - 第1374局
2025-11-29 16:51:02,486 - INFO - 2赢了
2025-11-29 16:51:02,486 - INFO - 第1375局
2025-11-29 16:51:04,027 - INFO - 2赢了
2025-11-29 16:51:04,027 - INFO - 第1376局
2025-11-29 16:51:05,337 - INFO - 1赢了
2025-11-29 16:51:05,337 - INFO - 第1377局
2025-11-29 16:51:07,149 - INFO - 2赢了
2025-11-29 16:51:07,149 - INFO - 第1378局
2025-11-29 16:51:08,466 - INFO - 2赢了
2025-11-29 16:51:08,467 - INFO - 第1379局
2025-11-29 16:51:10,332 - INFO - 2赢了
2025-11-29 16:51:10,332 - INFO - 第1380局
2025-11-29 16:51:12,149 - INFO - 1赢了
2025-11-29 16:51:12,161 - INFO - Epoch: 0, Loss: 1.8334, Policy: 1.8235, Value: 0.0248
2025-11-29 16:51:12,758 - INFO - Epoch: 100, Loss: 1.8490, Policy: 1.8344, Value: 0.0363
2025-11-29 16:51:13,271 - INFO - Epoch: 200, Loss: 1.9265, Policy: 1.9148, Value: 0.0293
2025-11-29 16:51:13,772 - INFO - Epoch: 300, Loss: 1.6919, Policy: 1.6824, Value: 0.0237
2025-11-29 16:51:14,291 - INFO - Epoch: 400, Loss: 1.8959, Policy: 1.8848, Value: 0.0278
2025-11-29 16:51:14,819 - INFO - Epoch: 500, Loss: 1.9422, Policy: 1.9279, Value: 0.0358
2025-11-29 16:51:15,339 - INFO - Epoch: 600, Loss: 1.8892, Policy: 1.8780, Value: 0.0282
2025-11-29 16:51:15,860 - INFO - Epoch: 700, Loss: 1.8797, Policy: 1.8664, Value: 0.0334
2025-11-29 16:51:16,382 - INFO - Epoch: 800, Loss: 1.8529, Policy: 1.8442, Value: 0.0216
2025-11-29 16:51:16,895 - INFO - Epoch: 900, Loss: 1.9027, Policy: 1.8896, Value: 0.0328
2025-11-29 16:51:17,424 - INFO - Epoch: 1000, Loss: 1.9690, Policy: 1.9543, Value: 0.0368
2025-11-29 16:51:17,428 - INFO - 训练结束，最新模型已保存到 model.pth
2025-11-29 16:51:17,429 - INFO - 第1381局
2025-11-29 16:51:20,402 - INFO - 2赢了
2025-11-29 16:51:20,403 - INFO - 第1382局
2025-11-29 16:51:22,391 - INFO - 2赢了
2025-11-29 16:51:22,391 - INFO - 第1383局
2025-11-29 16:51:24,750 - INFO - 2赢了
2025-11-29 16:51:24,750 - INFO - 第1384局
2025-11-29 16:51:26,888 - INFO - 1赢了
2025-11-29 16:51:26,888 - INFO - 第1385局
2025-11-29 16:51:28,096 - INFO - 2赢了
2025-11-29 16:51:28,096 - INFO - 第1386局
2025-11-29 16:51:29,211 - INFO - 2赢了
2025-11-29 16:51:29,211 - INFO - 第1387局
2025-11-29 16:51:30,765 - INFO - 2赢了
2025-11-29 16:51:30,766 - INFO - 第1388局
2025-11-29 16:51:32,507 - INFO - 2赢了
2025-11-29 16:51:32,507 - INFO - 第1389局
2025-11-29 16:51:34,406 - INFO - 2赢了
2025-11-29 16:51:34,406 - INFO - 第1390局
2025-11-29 16:51:37,442 - INFO - 2赢了
2025-11-29 16:51:37,461 - INFO - Epoch: 0, Loss: 1.8382, Policy: 1.8265, Value: 0.0290
2025-11-29 16:51:38,065 - INFO - Epoch: 100, Loss: 1.8655, Policy: 1.8525, Value: 0.0326
2025-11-29 16:51:38,572 - INFO - Epoch: 200, Loss: 1.8001, Policy: 1.7884, Value: 0.0293
2025-11-29 16:51:39,072 - INFO - Epoch: 300, Loss: 1.8205, Policy: 1.8064, Value: 0.0353
2025-11-29 16:51:39,577 - INFO - Epoch: 400, Loss: 1.8452, Policy: 1.8351, Value: 0.0253
2025-11-29 16:51:40,086 - INFO - Epoch: 500, Loss: 1.9472, Policy: 1.9404, Value: 0.0169
2025-11-29 16:51:40,614 - INFO - Epoch: 600, Loss: 1.8544, Policy: 1.8468, Value: 0.0189
2025-11-29 16:51:41,119 - INFO - Epoch: 700, Loss: 1.6970, Policy: 1.6863, Value: 0.0268
2025-11-29 16:51:41,644 - INFO - Epoch: 800, Loss: 1.8225, Policy: 1.8088, Value: 0.0343
2025-11-29 16:51:42,163 - INFO - Epoch: 900, Loss: 1.7777, Policy: 1.7675, Value: 0.0254
2025-11-29 16:51:42,680 - INFO - Epoch: 1000, Loss: 2.0240, Policy: 2.0145, Value: 0.0238
2025-11-29 16:51:42,684 - INFO - 训练结束，最新模型已保存到 model.pth
2025-11-29 16:51:42,684 - INFO - 第1391局
2025-11-29 16:51:45,636 - INFO - 1赢了
2025-11-29 16:51:45,636 - INFO - 第1392局
2025-11-29 16:51:46,730 - INFO - 1赢了
2025-11-29 16:51:46,730 - INFO - 第1393局
2025-11-29 16:51:50,296 - INFO - 2赢了
2025-11-29 16:51:50,296 - INFO - 第1394局
2025-11-29 16:51:51,200 - INFO - 2赢了
2025-11-29 16:51:51,200 - INFO - 第1395局
2025-11-29 16:51:53,888 - INFO - 2赢了
2025-11-29 16:51:53,889 - INFO - 第1396局
2025-11-29 16:51:55,486 - INFO - 2赢了
2025-11-29 16:51:55,487 - INFO - 第1397局
2025-11-29 16:51:57,773 - INFO - 2赢了
2025-11-29 16:51:57,773 - INFO - 第1398局
2025-11-29 16:52:00,433 - INFO - 2赢了
2025-11-29 16:52:00,433 - INFO - 第1399局
2025-11-29 16:52:01,331 - INFO - 2赢了
2025-11-29 16:52:01,331 - INFO - 第1400局
2025-11-29 16:52:02,215 - INFO - 2赢了
2025-11-29 16:52:02,229 - INFO - Epoch: 0, Loss: 1.7948, Policy: 1.7831, Value: 0.0291
2025-11-29 16:52:02,817 - INFO - Epoch: 100, Loss: 1.9627, Policy: 1.9487, Value: 0.0351
2025-11-29 16:52:03,340 - INFO - Epoch: 200, Loss: 1.6315, Policy: 1.6216, Value: 0.0247
2025-11-29 16:52:03,835 - INFO - Epoch: 300, Loss: 1.9791, Policy: 1.9669, Value: 0.0304
2025-11-29 16:52:04,367 - INFO - Epoch: 400, Loss: 1.8909, Policy: 1.8816, Value: 0.0232
2025-11-29 16:52:04,964 - INFO - Epoch: 500, Loss: 1.6843, Policy: 1.6727, Value: 0.0289
2025-11-29 16:52:05,538 - INFO - Epoch: 600, Loss: 1.7862, Policy: 1.7760, Value: 0.0256
2025-11-29 16:52:06,116 - INFO - Epoch: 700, Loss: 1.8155, Policy: 1.8061, Value: 0.0234
2025-11-29 16:52:06,676 - INFO - Epoch: 800, Loss: 1.9280, Policy: 1.9131, Value: 0.0374
2025-11-29 16:52:07,206 - INFO - Epoch: 900, Loss: 1.8732, Policy: 1.8618, Value: 0.0286
2025-11-29 16:52:07,749 - INFO - Epoch: 1000, Loss: 1.8471, Policy: 1.8375, Value: 0.0239
2025-11-29 16:52:07,754 - INFO - 训练结束，最新模型已保存到 model.pth
2025-11-29 16:52:07,755 - INFO - 第1401局
2025-11-29 16:52:09,830 - INFO - 2赢了
2025-11-29 16:52:09,830 - INFO - 第1402局
2025-11-29 16:52:10,888 - INFO - 1赢了
2025-11-29 16:52:10,888 - INFO - 第1403局
2025-11-29 16:52:12,924 - INFO - 2赢了
2025-11-29 16:52:12,925 - INFO - 第1404局
2025-11-29 16:52:14,312 - INFO - 2赢了
2025-11-29 16:52:14,312 - INFO - 第1405局
2025-11-29 16:52:16,668 - INFO - 1赢了
2025-11-29 16:52:16,668 - INFO - 第1406局
2025-11-29 16:52:18,054 - INFO - 2赢了
2025-11-29 16:52:18,054 - INFO - 第1407局
2025-11-29 16:52:19,697 - INFO - 1赢了
2025-11-29 16:52:19,697 - INFO - 第1408局
2025-11-29 16:52:21,445 - INFO - 1赢了
2025-11-29 16:52:21,445 - INFO - 第1409局
2025-11-29 16:52:23,199 - INFO - 2赢了
2025-11-29 16:52:23,199 - INFO - 第1410局
2025-11-29 16:52:27,306 - INFO - 2赢了
2025-11-29 16:52:27,325 - INFO - Epoch: 0, Loss: 1.9480, Policy: 1.9336, Value: 0.0360
2025-11-29 16:52:27,966 - INFO - Epoch: 100, Loss: 1.9807, Policy: 1.9724, Value: 0.0208
2025-11-29 16:52:28,548 - INFO - Epoch: 200, Loss: 1.9765, Policy: 1.9620, Value: 0.0362
2025-11-29 16:52:29,144 - INFO - Epoch: 300, Loss: 1.7760, Policy: 1.7647, Value: 0.0283
2025-11-29 16:52:29,713 - INFO - Epoch: 400, Loss: 1.8934, Policy: 1.8769, Value: 0.0411
2025-11-29 16:52:30,270 - INFO - Epoch: 500, Loss: 1.8872, Policy: 1.8726, Value: 0.0366
2025-11-29 16:52:30,853 - INFO - Epoch: 600, Loss: 1.8057, Policy: 1.7916, Value: 0.0354
2025-11-29 16:52:31,425 - INFO - Epoch: 700, Loss: 1.8470, Policy: 1.8390, Value: 0.0201
2025-11-29 16:52:32,002 - INFO - Epoch: 800, Loss: 1.8815, Policy: 1.8724, Value: 0.0226
2025-11-29 16:52:32,603 - INFO - Epoch: 900, Loss: 1.7423, Policy: 1.7261, Value: 0.0406
2025-11-29 16:52:33,192 - INFO - Epoch: 1000, Loss: 1.7656, Policy: 1.7556, Value: 0.0251
2025-11-29 16:52:33,196 - INFO - 训练结束，最新模型已保存到 model.pth
2025-11-29 16:52:33,197 - INFO - 第1411局
2025-11-29 16:52:34,981 - INFO - 2赢了
2025-11-29 16:52:34,981 - INFO - 第1412局
2025-11-29 16:52:35,782 - INFO - 2赢了
2025-11-29 16:52:35,782 - INFO - 第1413局
2025-11-29 16:52:36,932 - INFO - 1赢了
2025-11-29 16:52:36,932 - INFO - 第1414局
2025-11-29 16:52:38,209 - INFO - 2赢了
2025-11-29 16:52:38,209 - INFO - 第1415局
2025-11-29 16:52:40,416 - INFO - 2赢了
2025-11-29 16:52:40,417 - INFO - 第1416局
2025-11-29 16:52:42,523 - INFO - 2赢了
2025-11-29 16:52:42,523 - INFO - 第1417局
2025-11-29 16:52:44,029 - INFO - 2赢了
2025-11-29 16:52:44,029 - INFO - 第1418局
2025-11-29 16:52:46,147 - INFO - 2赢了
2025-11-29 16:52:46,147 - INFO - 第1419局
2025-11-29 16:52:47,821 - INFO - 2赢了
2025-11-29 16:52:47,821 - INFO - 第1420局
2025-11-29 16:52:49,115 - INFO - 2赢了
2025-11-29 16:52:49,135 - INFO - Epoch: 0, Loss: 1.8429, Policy: 1.8322, Value: 0.0267
2025-11-29 16:52:49,745 - INFO - Epoch: 100, Loss: 1.7680, Policy: 1.7583, Value: 0.0242
2025-11-29 16:52:50,266 - INFO - Epoch: 200, Loss: 1.8866, Policy: 1.8778, Value: 0.0221
2025-11-29 16:52:50,771 - INFO - Epoch: 300, Loss: 1.7943, Policy: 1.7816, Value: 0.0318
2025-11-29 16:52:51,274 - INFO - Epoch: 400, Loss: 1.8205, Policy: 1.8108, Value: 0.0243
2025-11-29 16:52:51,792 - INFO - Epoch: 500, Loss: 1.8935, Policy: 1.8801, Value: 0.0335
2025-11-29 16:52:52,312 - INFO - Epoch: 600, Loss: 1.8276, Policy: 1.8167, Value: 0.0272
2025-11-29 16:52:52,857 - INFO - Epoch: 700, Loss: 1.9073, Policy: 1.8970, Value: 0.0258
2025-11-29 16:52:53,362 - INFO - Epoch: 800, Loss: 1.7907, Policy: 1.7810, Value: 0.0243
2025-11-29 16:52:53,863 - INFO - Epoch: 900, Loss: 1.8628, Policy: 1.8507, Value: 0.0303
2025-11-29 16:52:54,379 - INFO - Epoch: 1000, Loss: 1.8133, Policy: 1.8046, Value: 0.0220
2025-11-29 16:52:54,383 - INFO - 训练结束，最新模型已保存到 model.pth
2025-11-29 16:52:54,384 - INFO - 第1421局
2025-11-29 16:52:55,812 - INFO - 2赢了
2025-11-29 16:52:55,812 - INFO - 第1422局
2025-11-29 16:52:56,827 - INFO - 2赢了
2025-11-29 16:52:56,827 - INFO - 第1423局
2025-11-29 16:52:57,767 - INFO - 2赢了
2025-11-29 16:52:57,767 - INFO - 第1424局
2025-11-29 16:53:00,896 - INFO - 2赢了
2025-11-29 16:53:00,897 - INFO - 第1425局
2025-11-29 16:53:03,672 - INFO - 1赢了
2025-11-29 16:53:03,672 - INFO - 第1426局
2025-11-29 16:53:04,913 - INFO - 2赢了
2025-11-29 16:53:04,913 - INFO - 第1427局
2025-11-29 16:53:06,377 - INFO - 1赢了
2025-11-29 16:53:06,377 - INFO - 第1428局
2025-11-29 16:53:08,732 - INFO - 2赢了
2025-11-29 16:53:08,732 - INFO - 第1429局
2025-11-29 16:53:10,016 - INFO - 1赢了
2025-11-29 16:53:10,016 - INFO - 第1430局
2025-11-29 16:53:16,856 - INFO - 2赢了
2025-11-29 16:53:16,893 - INFO - Epoch: 0, Loss: 1.7639, Policy: 1.7484, Value: 0.0387
2025-11-29 16:53:17,614 - INFO - Epoch: 100, Loss: 1.8180, Policy: 1.8050, Value: 0.0324
2025-11-29 16:53:18,187 - INFO - Epoch: 200, Loss: 1.8381, Policy: 1.8290, Value: 0.0228
2025-11-29 16:53:18,758 - INFO - Epoch: 300, Loss: 1.7261, Policy: 1.7161, Value: 0.0250
2025-11-29 16:53:19,327 - INFO - Epoch: 400, Loss: 1.7935, Policy: 1.7811, Value: 0.0309
2025-11-29 16:53:19,885 - INFO - Epoch: 500, Loss: 1.9917, Policy: 1.9752, Value: 0.0414
2025-11-29 16:53:20,436 - INFO - Epoch: 600, Loss: 1.8712, Policy: 1.8604, Value: 0.0270
2025-11-29 16:53:20,974 - INFO - Epoch: 700, Loss: 1.6900, Policy: 1.6782, Value: 0.0293
2025-11-29 16:53:21,518 - INFO - Epoch: 800, Loss: 1.7690, Policy: 1.7563, Value: 0.0317
2025-11-29 16:53:22,049 - INFO - Epoch: 900, Loss: 1.8551, Policy: 1.8370, Value: 0.0451
2025-11-29 16:53:22,604 - INFO - Epoch: 1000, Loss: 1.7453, Policy: 1.7307, Value: 0.0364
2025-11-29 16:53:22,608 - INFO - 训练结束，最新模型已保存到 model.pth
2025-11-29 16:53:22,609 - INFO - 第1431局
2025-11-29 16:53:25,811 - INFO - 2赢了
2025-11-29 16:53:25,811 - INFO - 第1432局
2025-11-29 16:53:28,472 - INFO - 2赢了
2025-11-29 16:53:28,472 - INFO - 第1433局
2025-11-29 16:53:29,772 - INFO - 2赢了
2025-11-29 16:53:29,772 - INFO - 第1434局
2025-11-29 16:53:30,865 - INFO - 1赢了
2025-11-29 16:53:30,865 - INFO - 第1435局
2025-11-29 16:53:34,632 - INFO - 2赢了
2025-11-29 16:53:34,632 - INFO - 第1436局
2025-11-29 16:53:35,793 - INFO - 2赢了
2025-11-29 16:53:35,793 - INFO - 第1437局
2025-11-29 16:53:37,085 - INFO - 1赢了
2025-11-29 16:53:37,085 - INFO - 第1438局
2025-11-29 16:53:41,256 - INFO - 1赢了
2025-11-29 16:53:41,256 - INFO - 第1439局
2025-11-29 16:53:42,393 - INFO - 2赢了
2025-11-29 16:53:42,394 - INFO - 第1440局
2025-11-29 16:53:44,263 - INFO - 1赢了
2025-11-29 16:53:44,284 - INFO - Epoch: 0, Loss: 1.8940, Policy: 1.8832, Value: 0.0272
2025-11-29 16:53:44,889 - INFO - Epoch: 100, Loss: 1.8221, Policy: 1.8106, Value: 0.0289
2025-11-29 16:53:45,412 - INFO - Epoch: 200, Loss: 1.7188, Policy: 1.7102, Value: 0.0214
2025-11-29 16:53:45,915 - INFO - Epoch: 300, Loss: 1.9299, Policy: 1.9181, Value: 0.0296
2025-11-29 16:53:46,436 - INFO - Epoch: 400, Loss: 1.8180, Policy: 1.8080, Value: 0.0249
2025-11-29 16:53:46,945 - INFO - Epoch: 500, Loss: 1.6835, Policy: 1.6728, Value: 0.0268
2025-11-29 16:53:47,435 - INFO - Epoch: 600, Loss: 1.7846, Policy: 1.7666, Value: 0.0451
2025-11-29 16:53:47,932 - INFO - Epoch: 700, Loss: 1.8690, Policy: 1.8571, Value: 0.0299
2025-11-29 16:53:48,431 - INFO - Epoch: 800, Loss: 1.8737, Policy: 1.8585, Value: 0.0379
2025-11-29 16:53:48,928 - INFO - Epoch: 900, Loss: 1.6857, Policy: 1.6752, Value: 0.0263
2025-11-29 16:53:49,421 - INFO - Epoch: 1000, Loss: 1.9144, Policy: 1.8997, Value: 0.0369
2025-11-29 16:53:49,425 - INFO - 训练结束，最新模型已保存到 model.pth
2025-11-29 16:53:49,426 - INFO - 第1441局
2025-11-29 16:53:50,785 - INFO - 2赢了
2025-11-29 16:53:50,785 - INFO - 第1442局
2025-11-29 16:53:51,905 - INFO - 1赢了
2025-11-29 16:53:51,905 - INFO - 第1443局
2025-11-29 16:53:55,490 - INFO - 1赢了
2025-11-29 16:53:55,490 - INFO - 第1444局
2025-11-29 16:53:56,651 - INFO - 1赢了
2025-11-29 16:53:56,651 - INFO - 第1445局
2025-11-29 16:53:58,197 - INFO - 2赢了
2025-11-29 16:53:58,198 - INFO - 第1446局
2025-11-29 16:53:59,816 - INFO - 2赢了
2025-11-29 16:53:59,816 - INFO - 第1447局
2025-11-29 16:54:01,234 - INFO - 1赢了
2025-11-29 16:54:01,234 - INFO - 第1448局
2025-11-29 16:54:03,202 - INFO - 2赢了
2025-11-29 16:54:03,202 - INFO - 第1449局
2025-11-29 16:54:06,313 - INFO - 1赢了
2025-11-29 16:54:06,314 - INFO - 第1450局
2025-11-29 16:54:07,856 - INFO - 2赢了
2025-11-29 16:54:07,868 - INFO - Epoch: 0, Loss: 1.8315, Policy: 1.8158, Value: 0.0391
2025-11-29 16:54:08,450 - INFO - Epoch: 100, Loss: 1.8540, Policy: 1.8399, Value: 0.0354
2025-11-29 16:54:08,987 - INFO - Epoch: 200, Loss: 1.9183, Policy: 1.9061, Value: 0.0305
2025-11-29 16:54:09,536 - INFO - Epoch: 300, Loss: 1.6076, Policy: 1.5968, Value: 0.0270
2025-11-29 16:54:10,049 - INFO - Epoch: 400, Loss: 1.8895, Policy: 1.8760, Value: 0.0337
2025-11-29 16:54:10,601 - INFO - Epoch: 500, Loss: 1.9302, Policy: 1.9203, Value: 0.0247
2025-11-29 16:54:11,150 - INFO - Epoch: 600, Loss: 1.9495, Policy: 1.9392, Value: 0.0258
2025-11-29 16:54:11,713 - INFO - Epoch: 700, Loss: 1.6833, Policy: 1.6715, Value: 0.0294
2025-11-29 16:54:12,244 - INFO - Epoch: 800, Loss: 1.8537, Policy: 1.8416, Value: 0.0302
2025-11-29 16:54:12,804 - INFO - Epoch: 900, Loss: 1.9562, Policy: 1.9433, Value: 0.0321
2025-11-29 16:54:13,334 - INFO - Epoch: 1000, Loss: 1.8691, Policy: 1.8549, Value: 0.0355
2025-11-29 16:54:13,338 - INFO - 训练结束，最新模型已保存到 model.pth
2025-11-29 16:54:13,339 - INFO - 第1451局
2025-11-29 16:54:15,141 - INFO - 2赢了
2025-11-29 16:54:15,141 - INFO - 第1452局
2025-11-29 16:54:16,971 - INFO - 2赢了
2025-11-29 16:54:16,971 - INFO - 第1453局
2025-11-29 16:54:18,657 - INFO - 2赢了
2025-11-29 16:54:18,657 - INFO - 第1454局
2025-11-29 16:54:20,750 - INFO - 2赢了
2025-11-29 16:54:20,750 - INFO - 第1455局
2025-11-29 16:54:24,675 - INFO - 2赢了
2025-11-29 16:54:24,675 - INFO - 第1456局
2025-11-29 16:54:27,957 - INFO - 2赢了
2025-11-29 16:54:27,957 - INFO - 第1457局
2025-11-29 16:54:31,261 - INFO - 2赢了
2025-11-29 16:54:31,261 - INFO - 第1458局
2025-11-29 16:54:32,372 - INFO - 1赢了
2025-11-29 16:54:32,373 - INFO - 第1459局
2025-11-29 16:54:33,436 - INFO - 2赢了
2025-11-29 16:54:33,436 - INFO - 第1460局
2025-11-29 16:54:35,908 - INFO - 2赢了
2025-11-29 16:54:35,929 - INFO - Epoch: 0, Loss: 1.9304, Policy: 1.9196, Value: 0.0270
2025-11-29 16:54:36,547 - INFO - Epoch: 100, Loss: 1.6888, Policy: 1.6724, Value: 0.0409
2025-11-29 16:54:37,065 - INFO - Epoch: 200, Loss: 1.7630, Policy: 1.7520, Value: 0.0275
2025-11-29 16:54:37,612 - INFO - Epoch: 300, Loss: 1.8228, Policy: 1.8153, Value: 0.0187
2025-11-29 16:54:38,197 - INFO - Epoch: 400, Loss: 1.8380, Policy: 1.8244, Value: 0.0341
2025-11-29 16:54:38,766 - INFO - Epoch: 500, Loss: 2.1389, Policy: 2.1294, Value: 0.0237
2025-11-29 16:54:40,326 - INFO - Epoch: 600, Loss: 1.7296, Policy: 1.7013, Value: 0.0706
2025-11-29 16:54:40,884 - INFO - Epoch: 700, Loss: 1.8777, Policy: 1.8659, Value: 0.0294
2025-11-29 16:54:41,423 - INFO - Epoch: 800, Loss: 1.7960, Policy: 1.7813, Value: 0.0367
2025-11-29 16:54:41,942 - INFO - Epoch: 900, Loss: 1.9310, Policy: 1.9183, Value: 0.0318
2025-11-29 16:54:42,465 - INFO - Epoch: 1000, Loss: 1.8844, Policy: 1.8760, Value: 0.0210
2025-11-29 16:54:42,468 - INFO - 训练结束，最新模型已保存到 model.pth
2025-11-29 16:54:42,469 - INFO - 第1461局
2025-11-29 16:54:44,928 - INFO - 1赢了
2025-11-29 16:54:44,928 - INFO - 第1462局
2025-11-29 16:54:48,698 - INFO - 2赢了
2025-11-29 16:54:48,699 - INFO - 第1463局
2025-11-29 16:54:50,890 - INFO - 2赢了
2025-11-29 16:54:50,890 - INFO - 第1464局
2025-11-29 16:54:53,316 - INFO - 2赢了
2025-11-29 16:54:53,316 - INFO - 第1465局
2025-11-29 16:54:54,956 - INFO - 1赢了
2025-11-29 16:54:54,956 - INFO - 第1466局
2025-11-29 16:54:57,546 - INFO - 2赢了
2025-11-29 16:54:57,546 - INFO - 第1467局
2025-11-29 16:55:00,714 - INFO - 2赢了
2025-11-29 16:55:00,714 - INFO - 第1468局
2025-11-29 16:55:02,412 - INFO - 1赢了
2025-11-29 16:55:02,412 - INFO - 第1469局
2025-11-29 16:55:04,261 - INFO - 1赢了
2025-11-29 16:55:04,261 - INFO - 第1470局
2025-11-29 16:55:06,860 - INFO - 2赢了
2025-11-29 16:55:06,881 - INFO - Epoch: 0, Loss: 1.7730, Policy: 1.7571, Value: 0.0400
2025-11-29 16:55:07,465 - INFO - Epoch: 100, Loss: 1.9474, Policy: 1.9350, Value: 0.0310
2025-11-29 16:55:07,969 - INFO - Epoch: 200, Loss: 1.8442, Policy: 1.8293, Value: 0.0373
2025-11-29 16:55:08,483 - INFO - Epoch: 300, Loss: 1.7598, Policy: 1.7504, Value: 0.0237
2025-11-29 16:55:08,993 - INFO - Epoch: 400, Loss: 1.9131, Policy: 1.8984, Value: 0.0369
2025-11-29 16:55:09,495 - INFO - Epoch: 500, Loss: 1.8463, Policy: 1.8351, Value: 0.0280
2025-11-29 16:55:09,992 - INFO - Epoch: 600, Loss: 1.8571, Policy: 1.8496, Value: 0.0187
2025-11-29 16:55:10,486 - INFO - Epoch: 700, Loss: 1.9909, Policy: 1.9800, Value: 0.0272
2025-11-29 16:55:10,980 - INFO - Epoch: 800, Loss: 1.9001, Policy: 1.8843, Value: 0.0394
2025-11-29 16:55:11,477 - INFO - Epoch: 900, Loss: 1.7344, Policy: 1.7192, Value: 0.0378
2025-11-29 16:55:11,981 - INFO - Epoch: 1000, Loss: 1.8009, Policy: 1.7932, Value: 0.0193
2025-11-29 16:55:11,985 - INFO - 训练结束，最新模型已保存到 model.pth
2025-11-29 16:55:11,986 - INFO - 第1471局
2025-11-29 16:55:14,180 - INFO - 2赢了
2025-11-29 16:55:14,180 - INFO - 第1472局
2025-11-29 16:55:15,823 - INFO - 2赢了
2025-11-29 16:55:15,824 - INFO - 第1473局
2025-11-29 16:55:16,953 - INFO - 1赢了
2025-11-29 16:55:16,953 - INFO - 第1474局
2025-11-29 16:55:18,031 - INFO - 1赢了
2025-11-29 16:55:18,031 - INFO - 第1475局
2025-11-29 16:55:19,249 - INFO - 1赢了
2025-11-29 16:55:19,249 - INFO - 第1476局
2025-11-29 16:55:20,423 - INFO - 1赢了
2025-11-29 16:55:20,424 - INFO - 第1477局
2025-11-29 16:55:21,945 - INFO - 2赢了
2025-11-29 16:55:21,945 - INFO - 第1478局
2025-11-29 16:55:23,461 - INFO - 2赢了
2025-11-29 16:55:23,461 - INFO - 第1479局
2025-11-29 16:55:24,563 - INFO - 1赢了
2025-11-29 16:55:24,564 - INFO - 第1480局
2025-11-29 16:55:25,953 - INFO - 1赢了
2025-11-29 16:55:25,971 - INFO - Epoch: 0, Loss: 1.8242, Policy: 1.8120, Value: 0.0306
2025-11-29 16:55:26,522 - INFO - Epoch: 100, Loss: 1.9575, Policy: 1.9488, Value: 0.0218
2025-11-29 16:55:27,028 - INFO - Epoch: 200, Loss: 1.8679, Policy: 1.8564, Value: 0.0285
2025-11-29 16:55:27,531 - INFO - Epoch: 300, Loss: 1.8458, Policy: 1.8308, Value: 0.0375
2025-11-29 16:55:28,042 - INFO - Epoch: 400, Loss: 1.8166, Policy: 1.8025, Value: 0.0354
2025-11-29 16:55:28,545 - INFO - Epoch: 500, Loss: 1.9268, Policy: 1.9158, Value: 0.0274
2025-11-29 16:55:29,054 - INFO - Epoch: 600, Loss: 1.7126, Policy: 1.6998, Value: 0.0318
2025-11-29 16:55:29,556 - INFO - Epoch: 700, Loss: 1.8384, Policy: 1.8280, Value: 0.0261
2025-11-29 16:55:30,071 - INFO - Epoch: 800, Loss: 1.9180, Policy: 1.9096, Value: 0.0209
2025-11-29 16:55:30,605 - INFO - Epoch: 900, Loss: 1.7456, Policy: 1.7333, Value: 0.0307
2025-11-29 16:55:31,124 - INFO - Epoch: 1000, Loss: 1.8186, Policy: 1.8026, Value: 0.0401
2025-11-29 16:55:31,128 - INFO - 训练结束，最新模型已保存到 model.pth
2025-11-29 16:55:31,129 - INFO - 第1481局
2025-11-29 16:55:35,359 - INFO - 2赢了
2025-11-29 16:55:35,359 - INFO - 第1482局
2025-11-29 16:55:36,907 - INFO - 1赢了
2025-11-29 16:55:36,907 - INFO - 第1483局
2025-11-29 16:55:38,574 - INFO - 1赢了
2025-11-29 16:55:38,574 - INFO - 第1484局
2025-11-29 16:55:40,546 - INFO - 2赢了
2025-11-29 16:55:40,547 - INFO - 第1485局
2025-11-29 16:55:43,011 - INFO - 2赢了
2025-11-29 16:55:43,012 - INFO - 第1486局
2025-11-29 16:55:44,138 - INFO - 2赢了
2025-11-29 16:55:44,139 - INFO - 第1487局
2025-11-29 16:55:45,364 - INFO - 2赢了
2025-11-29 16:55:45,364 - INFO - 第1488局
2025-11-29 16:55:49,178 - INFO - 1赢了
2025-11-29 16:55:49,178 - INFO - 第1489局
2025-11-29 16:55:50,724 - INFO - 1赢了
2025-11-29 16:55:50,724 - INFO - 第1490局
2025-11-29 16:55:52,548 - INFO - 1赢了
2025-11-29 16:55:52,565 - INFO - Epoch: 0, Loss: 1.9303, Policy: 1.9196, Value: 0.0267
2025-11-29 16:55:53,160 - INFO - Epoch: 100, Loss: 1.8628, Policy: 1.8481, Value: 0.0369
2025-11-29 16:55:53,682 - INFO - Epoch: 200, Loss: 1.8108, Policy: 1.8020, Value: 0.0219
2025-11-29 16:55:54,187 - INFO - Epoch: 300, Loss: 1.9140, Policy: 1.9034, Value: 0.0267
2025-11-29 16:55:54,686 - INFO - Epoch: 400, Loss: 1.8208, Policy: 1.8058, Value: 0.0376
2025-11-29 16:55:55,196 - INFO - Epoch: 500, Loss: 1.8939, Policy: 1.8822, Value: 0.0293
2025-11-29 16:55:55,705 - INFO - Epoch: 600, Loss: 1.9169, Policy: 1.9025, Value: 0.0359
2025-11-29 16:55:56,226 - INFO - Epoch: 700, Loss: 1.9393, Policy: 1.9289, Value: 0.0262
2025-11-29 16:55:56,749 - INFO - Epoch: 800, Loss: 1.9110, Policy: 1.8988, Value: 0.0305
2025-11-29 16:55:57,264 - INFO - Epoch: 900, Loss: 1.7341, Policy: 1.7244, Value: 0.0244
2025-11-29 16:55:57,766 - INFO - Epoch: 1000, Loss: 1.8413, Policy: 1.8310, Value: 0.0257
2025-11-29 16:55:57,769 - INFO - 训练结束，最新模型已保存到 model.pth
2025-11-29 16:55:57,770 - INFO - 第1491局
2025-11-29 16:55:58,809 - INFO - 1赢了
2025-11-29 16:55:58,809 - INFO - 第1492局
2025-11-29 16:56:00,685 - INFO - 2赢了
2025-11-29 16:56:00,686 - INFO - 第1493局
2025-11-29 16:56:02,484 - INFO - 1赢了
2025-11-29 16:56:02,485 - INFO - 第1494局
2025-11-29 16:56:05,118 - INFO - 2赢了
2025-11-29 16:56:05,118 - INFO - 第1495局
2025-11-29 16:56:06,771 - INFO - 2赢了
2025-11-29 16:56:06,771 - INFO - 第1496局
2025-11-29 16:56:09,554 - INFO - 1赢了
2025-11-29 16:56:09,554 - INFO - 第1497局
2025-11-29 16:56:13,016 - INFO - 2赢了
2025-11-29 16:56:13,016 - INFO - 第1498局
2025-11-29 16:56:15,670 - INFO - 2赢了
2025-11-29 16:56:15,671 - INFO - 第1499局
2025-11-29 16:56:20,332 - INFO - 2赢了
2025-11-29 16:56:20,332 - INFO - 第1500局
2025-11-29 16:56:22,244 - INFO - 2赢了
2025-11-29 16:56:22,262 - INFO - Epoch: 0, Loss: 1.9752, Policy: 1.9595, Value: 0.0393
2025-11-29 16:56:22,888 - INFO - Epoch: 100, Loss: 1.9075, Policy: 1.8963, Value: 0.0281
2025-11-29 16:56:23,422 - INFO - Epoch: 200, Loss: 1.8517, Policy: 1.8385, Value: 0.0329
2025-11-29 16:56:23,949 - INFO - Epoch: 300, Loss: 1.8843, Policy: 1.8655, Value: 0.0470
2025-11-29 16:56:24,522 - INFO - Epoch: 400, Loss: 1.9317, Policy: 1.9215, Value: 0.0256
2025-11-29 16:56:25,080 - INFO - Epoch: 500, Loss: 1.8613, Policy: 1.8498, Value: 0.0288
2025-11-29 16:56:25,633 - INFO - Epoch: 600, Loss: 1.7205, Policy: 1.7110, Value: 0.0239
2025-11-29 16:56:26,172 - INFO - Epoch: 700, Loss: 1.7302, Policy: 1.7209, Value: 0.0231
2025-11-29 16:56:26,735 - INFO - Epoch: 800, Loss: 1.8651, Policy: 1.8501, Value: 0.0376
2025-11-29 16:56:27,307 - INFO - Epoch: 900, Loss: 1.8648, Policy: 1.8548, Value: 0.0250
2025-11-29 16:56:27,849 - INFO - Epoch: 1000, Loss: 1.8767, Policy: 1.8642, Value: 0.0313
2025-11-29 16:56:27,853 - INFO - 训练结束，最新模型已保存到 model.pth
2025-11-29 16:56:27,855 - INFO - 保存模型快照: /home/ktfine/IAteamwork/AlphaZero_Five/models/model_game_1500.pth
2025-11-29 16:56:27,855 - INFO - 缓存区数据量: 13917
2025-11-29 16:56:29,069 - INFO - 第1501局
2025-11-29 16:56:30,048 - INFO - 2赢了
2025-11-29 16:56:30,048 - INFO - 第1502局
2025-11-29 16:56:31,323 - INFO - 1赢了
2025-11-29 16:56:31,323 - INFO - 第1503局
2025-11-29 16:56:32,122 - INFO - 2赢了
2025-11-29 16:56:32,123 - INFO - 第1504局
2025-11-29 16:56:33,485 - INFO - 1赢了
2025-11-29 16:56:33,485 - INFO - 第1505局
2025-11-29 16:56:36,777 - INFO - 2赢了
2025-11-29 16:56:36,777 - INFO - 第1506局
2025-11-29 16:56:38,527 - INFO - 2赢了
2025-11-29 16:56:38,527 - INFO - 第1507局
2025-11-29 16:56:39,819 - INFO - 2赢了
2025-11-29 16:56:39,819 - INFO - 第1508局
2025-11-29 16:56:41,113 - INFO - 1赢了
2025-11-29 16:56:41,113 - INFO - 第1509局
2025-11-29 16:56:42,301 - INFO - 1赢了
2025-11-29 16:56:42,301 - INFO - 第1510局
2025-11-29 16:56:44,451 - INFO - 2赢了
2025-11-29 16:56:44,464 - INFO - Epoch: 0, Loss: 1.9560, Policy: 1.9438, Value: 0.0305
2025-11-29 16:56:45,065 - INFO - Epoch: 100, Loss: 1.7666, Policy: 1.7419, Value: 0.0618
2025-11-29 16:56:45,559 - INFO - Epoch: 200, Loss: 1.8686, Policy: 1.8583, Value: 0.0257
2025-11-29 16:56:46,055 - INFO - Epoch: 300, Loss: 1.7784, Policy: 1.7660, Value: 0.0309
2025-11-29 16:56:46,554 - INFO - Epoch: 400, Loss: 1.8911, Policy: 1.8841, Value: 0.0176
2025-11-29 16:56:47,060 - INFO - Epoch: 500, Loss: 1.8129, Policy: 1.8032, Value: 0.0242
2025-11-29 16:56:47,564 - INFO - Epoch: 600, Loss: 1.8497, Policy: 1.8392, Value: 0.0261
2025-11-29 16:56:48,078 - INFO - Epoch: 700, Loss: 1.8050, Policy: 1.7927, Value: 0.0309
2025-11-29 16:56:48,583 - INFO - Epoch: 800, Loss: 1.8486, Policy: 1.8381, Value: 0.0261
2025-11-29 16:56:49,076 - INFO - Epoch: 900, Loss: 1.9063, Policy: 1.8875, Value: 0.0471
2025-11-29 16:56:49,581 - INFO - Epoch: 1000, Loss: 1.8712, Policy: 1.8573, Value: 0.0346
2025-11-29 16:56:49,584 - INFO - 训练结束，最新模型已保存到 model.pth
2025-11-29 16:56:49,585 - INFO - 第1511局
2025-11-29 16:56:50,890 - INFO - 2赢了
2025-11-29 16:56:50,890 - INFO - 第1512局
2025-11-29 16:56:51,917 - INFO - 2赢了
2025-11-29 16:56:51,917 - INFO - 第1513局
2025-11-29 16:56:54,268 - INFO - 1赢了
2025-11-29 16:56:54,269 - INFO - 第1514局
2025-11-29 16:56:55,139 - INFO - 2赢了
2025-11-29 16:56:55,139 - INFO - 第1515局
2025-11-29 16:56:56,514 - INFO - 1赢了
2025-11-29 16:56:56,514 - INFO - 第1516局
2025-11-29 16:56:58,340 - INFO - 2赢了
2025-11-29 16:56:58,340 - INFO - 第1517局
2025-11-29 16:56:59,392 - INFO - 1赢了
2025-11-29 16:56:59,392 - INFO - 第1518局
2025-11-29 16:57:02,172 - INFO - 2赢了
2025-11-29 16:57:02,172 - INFO - 第1519局
2025-11-29 16:57:03,454 - INFO - 2赢了
2025-11-29 16:57:03,454 - INFO - 第1520局
2025-11-29 16:57:04,979 - INFO - 2赢了
2025-11-29 16:57:04,994 - INFO - Epoch: 0, Loss: 1.7779, Policy: 1.7675, Value: 0.0259
2025-11-29 16:57:05,590 - INFO - Epoch: 100, Loss: 1.8131, Policy: 1.7986, Value: 0.0362
2025-11-29 16:57:06,102 - INFO - Epoch: 200, Loss: 1.7629, Policy: 1.7522, Value: 0.0269
2025-11-29 16:57:06,614 - INFO - Epoch: 300, Loss: 1.6761, Policy: 1.6646, Value: 0.0286
2025-11-29 16:57:07,121 - INFO - Epoch: 400, Loss: 1.6371, Policy: 1.6217, Value: 0.0386
2025-11-29 16:57:07,632 - INFO - Epoch: 500, Loss: 1.9114, Policy: 1.8969, Value: 0.0363
2025-11-29 16:57:08,154 - INFO - Epoch: 600, Loss: 1.7958, Policy: 1.7845, Value: 0.0283
2025-11-29 16:57:08,670 - INFO - Epoch: 700, Loss: 1.8394, Policy: 1.8301, Value: 0.0233
2025-11-29 16:57:09,187 - INFO - Epoch: 800, Loss: 1.7758, Policy: 1.7676, Value: 0.0206
2025-11-29 16:57:09,695 - INFO - Epoch: 900, Loss: 2.0020, Policy: 1.9902, Value: 0.0295
2025-11-29 16:57:10,206 - INFO - Epoch: 1000, Loss: 1.8080, Policy: 1.7937, Value: 0.0357
2025-11-29 16:57:10,209 - INFO - 训练结束，最新模型已保存到 model.pth
2025-11-29 16:57:10,210 - INFO - 第1521局
2025-11-29 16:57:12,166 - INFO - 2赢了
2025-11-29 16:57:12,166 - INFO - 第1522局
2025-11-29 16:57:13,736 - INFO - 2赢了
2025-11-29 16:57:13,736 - INFO - 第1523局
2025-11-29 16:57:16,627 - INFO - 2赢了
2025-11-29 16:57:16,627 - INFO - 第1524局
2025-11-29 16:57:18,000 - INFO - 2赢了
2025-11-29 16:57:18,000 - INFO - 第1525局
2025-11-29 16:57:20,924 - INFO - 2赢了
2025-11-29 16:57:20,925 - INFO - 第1526局
2025-11-29 16:57:23,741 - INFO - 2赢了
2025-11-29 16:57:23,741 - INFO - 第1527局
2025-11-29 16:57:26,826 - INFO - 2赢了
2025-11-29 16:57:26,826 - INFO - 第1528局
2025-11-29 16:57:27,727 - INFO - 2赢了
2025-11-29 16:57:27,727 - INFO - 第1529局
2025-11-29 16:57:29,213 - INFO - 2赢了
2025-11-29 16:57:29,213 - INFO - 第1530局
2025-11-29 16:57:33,075 - INFO - 2赢了
2025-11-29 16:57:33,096 - INFO - Epoch: 0, Loss: 1.7562, Policy: 1.7428, Value: 0.0336
2025-11-29 16:57:33,707 - INFO - Epoch: 100, Loss: 1.6972, Policy: 1.6838, Value: 0.0337
2025-11-29 16:57:34,234 - INFO - Epoch: 200, Loss: 1.8819, Policy: 1.8670, Value: 0.0373
2025-11-29 16:57:34,745 - INFO - Epoch: 300, Loss: 1.9183, Policy: 1.9071, Value: 0.0281
2025-11-29 16:57:35,244 - INFO - Epoch: 400, Loss: 2.0163, Policy: 2.0023, Value: 0.0351
2025-11-29 16:57:35,745 - INFO - Epoch: 500, Loss: 1.8425, Policy: 1.8297, Value: 0.0321
2025-11-29 16:57:36,270 - INFO - Epoch: 600, Loss: 1.8457, Policy: 1.8243, Value: 0.0536
2025-11-29 16:57:36,774 - INFO - Epoch: 700, Loss: 1.8887, Policy: 1.8805, Value: 0.0204
2025-11-29 16:57:37,313 - INFO - Epoch: 800, Loss: 1.8157, Policy: 1.8056, Value: 0.0254
2025-11-29 16:57:37,831 - INFO - Epoch: 900, Loss: 1.7077, Policy: 1.6953, Value: 0.0311
2025-11-29 16:57:38,364 - INFO - Epoch: 1000, Loss: 1.7701, Policy: 1.7519, Value: 0.0456
2025-11-29 16:57:38,368 - INFO - 训练结束，最新模型已保存到 model.pth
2025-11-29 16:57:38,369 - INFO - 第1531局
2025-11-29 16:57:39,995 - INFO - 2赢了
2025-11-29 16:57:39,995 - INFO - 第1532局
2025-11-29 16:57:41,430 - INFO - 2赢了
2025-11-29 16:57:41,430 - INFO - 第1533局
2025-11-29 16:57:45,583 - INFO - 2赢了
2025-11-29 16:57:45,583 - INFO - 第1534局
2025-11-29 16:57:48,370 - INFO - 2赢了
2025-11-29 16:57:48,371 - INFO - 第1535局
2025-11-29 16:57:50,237 - INFO - 1赢了
2025-11-29 16:57:50,237 - INFO - 第1536局
2025-11-29 16:57:53,045 - INFO - 1赢了
2025-11-29 16:57:53,045 - INFO - 第1537局
2025-11-29 16:57:54,794 - INFO - 2赢了
2025-11-29 16:57:54,794 - INFO - 第1538局
2025-11-29 16:57:55,833 - INFO - 2赢了
2025-11-29 16:57:55,833 - INFO - 第1539局
2025-11-29 16:57:59,620 - INFO - 1赢了
2025-11-29 16:57:59,620 - INFO - 第1540局
2025-11-29 16:58:03,632 - INFO - 1赢了
2025-11-29 16:58:03,646 - INFO - Epoch: 0, Loss: 1.9103, Policy: 1.8986, Value: 0.0293
2025-11-29 16:58:04,288 - INFO - Epoch: 100, Loss: 1.8623, Policy: 1.8476, Value: 0.0368
2025-11-29 16:58:04,870 - INFO - Epoch: 200, Loss: 1.8456, Policy: 1.8305, Value: 0.0377
2025-11-29 16:58:05,457 - INFO - Epoch: 300, Loss: 1.8661, Policy: 1.8512, Value: 0.0374
2025-11-29 16:58:06,043 - INFO - Epoch: 400, Loss: 1.7647, Policy: 1.7537, Value: 0.0275
2025-11-29 16:58:06,623 - INFO - Epoch: 500, Loss: 1.8937, Policy: 1.8681, Value: 0.0640
2025-11-29 16:58:07,157 - INFO - Epoch: 600, Loss: 1.8989, Policy: 1.8884, Value: 0.0263
2025-11-29 16:58:07,681 - INFO - Epoch: 700, Loss: 1.9724, Policy: 1.9581, Value: 0.0358
2025-11-29 16:58:08,203 - INFO - Epoch: 800, Loss: 1.9088, Policy: 1.8956, Value: 0.0329
2025-11-29 16:58:08,749 - INFO - Epoch: 900, Loss: 1.8191, Policy: 1.8062, Value: 0.0322
2025-11-29 16:58:09,299 - INFO - Epoch: 1000, Loss: 1.8353, Policy: 1.8249, Value: 0.0260
2025-11-29 16:58:09,303 - INFO - 训练结束，最新模型已保存到 model.pth
2025-11-29 16:58:09,303 - INFO - 第1541局
2025-11-29 16:58:11,935 - INFO - 2赢了
2025-11-29 16:58:11,935 - INFO - 第1542局
2025-11-29 16:58:13,197 - INFO - 2赢了
2025-11-29 16:58:13,197 - INFO - 第1543局
2025-11-29 16:58:14,280 - INFO - 1赢了
2025-11-29 16:58:14,280 - INFO - 第1544局
2025-11-29 16:58:15,710 - INFO - 1赢了
2025-11-29 16:58:15,710 - INFO - 第1545局
2025-11-29 16:58:17,248 - INFO - 2赢了
2025-11-29 16:58:17,249 - INFO - 第1546局
2025-11-29 16:58:18,745 - INFO - 2赢了
2025-11-29 16:58:18,745 - INFO - 第1547局
2025-11-29 16:58:20,810 - INFO - 2赢了
2025-11-29 16:58:20,810 - INFO - 第1548局
2025-11-29 16:58:22,778 - INFO - 2赢了
2025-11-29 16:58:22,778 - INFO - 第1549局
2025-11-29 16:58:24,192 - INFO - 1赢了
2025-11-29 16:58:24,192 - INFO - 第1550局
2025-11-29 16:58:25,564 - INFO - 2赢了
2025-11-29 16:58:25,581 - INFO - Epoch: 0, Loss: 1.8639, Policy: 1.8511, Value: 0.0321
2025-11-29 16:58:26,227 - INFO - Epoch: 100, Loss: 1.8623, Policy: 1.8532, Value: 0.0229
2025-11-29 16:58:26,778 - INFO - Epoch: 200, Loss: 1.9372, Policy: 1.9216, Value: 0.0392
2025-11-29 16:58:27,351 - INFO - Epoch: 300, Loss: 1.8580, Policy: 1.8470, Value: 0.0277
2025-11-29 16:58:27,915 - INFO - Epoch: 400, Loss: 1.8978, Policy: 1.8828, Value: 0.0376
2025-11-29 16:58:28,500 - INFO - Epoch: 500, Loss: 1.8011, Policy: 1.7910, Value: 0.0253
2025-11-29 16:58:29,073 - INFO - Epoch: 600, Loss: 1.7716, Policy: 1.7613, Value: 0.0258
2025-11-29 16:58:29,653 - INFO - Epoch: 700, Loss: 1.9255, Policy: 1.9113, Value: 0.0354
2025-11-29 16:58:30,229 - INFO - Epoch: 800, Loss: 1.8407, Policy: 1.8269, Value: 0.0346
2025-11-29 16:58:30,809 - INFO - Epoch: 900, Loss: 1.7725, Policy: 1.7578, Value: 0.0367
2025-11-29 16:58:31,403 - INFO - Epoch: 1000, Loss: 1.9049, Policy: 1.8937, Value: 0.0281
2025-11-29 16:58:31,406 - INFO - 训练结束，最新模型已保存到 model.pth
2025-11-29 16:58:31,407 - INFO - 第1551局
2025-11-29 16:58:33,641 - INFO - 2赢了
2025-11-29 16:58:33,641 - INFO - 第1552局
2025-11-29 16:58:36,789 - INFO - 2赢了
2025-11-29 16:58:36,789 - INFO - 第1553局
2025-11-29 16:58:38,123 - INFO - 1赢了
2025-11-29 16:58:38,123 - INFO - 第1554局
2025-11-29 16:58:40,408 - INFO - 2赢了
2025-11-29 16:58:40,409 - INFO - 第1555局
2025-11-29 16:58:42,266 - INFO - 2赢了
2025-11-29 16:58:42,266 - INFO - 第1556局
2025-11-29 16:58:43,400 - INFO - 2赢了
2025-11-29 16:58:43,400 - INFO - 第1557局
2025-11-29 16:58:44,311 - INFO - 2赢了
2025-11-29 16:58:44,311 - INFO - 第1558局
2025-11-29 16:58:46,515 - INFO - 2赢了
2025-11-29 16:58:46,515 - INFO - 第1559局
2025-11-29 16:58:47,975 - INFO - 1赢了
2025-11-29 16:58:47,975 - INFO - 第1560局
2025-11-29 16:58:49,668 - INFO - 2赢了
2025-11-29 16:58:49,680 - INFO - Epoch: 0, Loss: 1.9324, Policy: 1.9212, Value: 0.0281
2025-11-29 16:58:50,272 - INFO - Epoch: 100, Loss: 1.7690, Policy: 1.7590, Value: 0.0250
2025-11-29 16:58:50,774 - INFO - Epoch: 200, Loss: 1.8481, Policy: 1.8217, Value: 0.0661
2025-11-29 16:58:51,276 - INFO - Epoch: 300, Loss: 1.7381, Policy: 1.7273, Value: 0.0271
2025-11-29 16:58:51,781 - INFO - Epoch: 400, Loss: 1.7566, Policy: 1.7369, Value: 0.0495
2025-11-29 16:58:52,304 - INFO - Epoch: 500, Loss: 1.6336, Policy: 1.6178, Value: 0.0396
2025-11-29 16:58:52,823 - INFO - Epoch: 600, Loss: 1.7710, Policy: 1.7603, Value: 0.0269
2025-11-29 16:58:53,344 - INFO - Epoch: 700, Loss: 1.9874, Policy: 1.9734, Value: 0.0350
2025-11-29 16:58:53,868 - INFO - Epoch: 800, Loss: 1.8331, Policy: 1.8223, Value: 0.0268
2025-11-29 16:58:54,405 - INFO - Epoch: 900, Loss: 1.8860, Policy: 1.8716, Value: 0.0360
2025-11-29 16:58:54,920 - INFO - Epoch: 1000, Loss: 1.8417, Policy: 1.8295, Value: 0.0304
2025-11-29 16:58:54,925 - INFO - 训练结束，最新模型已保存到 model.pth
2025-11-29 16:58:54,926 - INFO - 第1561局
2025-11-29 16:58:57,081 - INFO - 2赢了
2025-11-29 16:58:57,081 - INFO - 第1562局
2025-11-29 16:58:58,628 - INFO - 2赢了
2025-11-29 16:58:58,628 - INFO - 第1563局
2025-11-29 16:58:59,783 - INFO - 1赢了
2025-11-29 16:58:59,783 - INFO - 第1564局
2025-11-29 16:59:01,366 - INFO - 2赢了
2025-11-29 16:59:01,366 - INFO - 第1565局
2025-11-29 16:59:02,399 - INFO - 2赢了
2025-11-29 16:59:02,399 - INFO - 第1566局
2025-11-29 16:59:03,749 - INFO - 1赢了
2025-11-29 16:59:03,749 - INFO - 第1567局
2025-11-29 16:59:04,869 - INFO - 1赢了
2025-11-29 16:59:04,870 - INFO - 第1568局
2025-11-29 16:59:07,403 - INFO - 2赢了
2025-11-29 16:59:07,403 - INFO - 第1569局
2025-11-29 16:59:08,590 - INFO - 1赢了
2025-11-29 16:59:08,590 - INFO - 第1570局
2025-11-29 16:59:10,430 - INFO - 2赢了
2025-11-29 16:59:10,447 - INFO - Epoch: 0, Loss: 1.7829, Policy: 1.7712, Value: 0.0291
2025-11-29 16:59:11,047 - INFO - Epoch: 100, Loss: 1.8000, Policy: 1.7869, Value: 0.0327
2025-11-29 16:59:11,633 - INFO - Epoch: 200, Loss: 1.9123, Policy: 1.8984, Value: 0.0347
2025-11-29 16:59:12,206 - INFO - Epoch: 300, Loss: 1.7835, Policy: 1.7715, Value: 0.0300
2025-11-29 16:59:12,797 - INFO - Epoch: 400, Loss: 1.7791, Policy: 1.7705, Value: 0.0215
2025-11-29 16:59:13,380 - INFO - Epoch: 500, Loss: 1.8685, Policy: 1.8599, Value: 0.0214
2025-11-29 16:59:13,929 - INFO - Epoch: 600, Loss: 1.8412, Policy: 1.8296, Value: 0.0290
2025-11-29 16:59:14,515 - INFO - Epoch: 700, Loss: 1.7028, Policy: 1.6838, Value: 0.0474
2025-11-29 16:59:15,075 - INFO - Epoch: 800, Loss: 1.8794, Policy: 1.8650, Value: 0.0360
2025-11-29 16:59:15,636 - INFO - Epoch: 900, Loss: 1.8785, Policy: 1.8661, Value: 0.0310
2025-11-29 16:59:16,196 - INFO - Epoch: 1000, Loss: 1.8454, Policy: 1.8345, Value: 0.0273
2025-11-29 16:59:16,200 - INFO - 训练结束，最新模型已保存到 model.pth
2025-11-29 16:59:16,201 - INFO - 第1571局
2025-11-29 16:59:18,559 - INFO - 2赢了
2025-11-29 16:59:18,559 - INFO - 第1572局
2025-11-29 16:59:22,236 - INFO - 2赢了
2025-11-29 16:59:22,236 - INFO - 第1573局
2025-11-29 16:59:23,566 - INFO - 1赢了
2025-11-29 16:59:23,566 - INFO - 第1574局
2025-11-29 16:59:25,794 - INFO - 2赢了
2025-11-29 16:59:25,794 - INFO - 第1575局
2025-11-29 16:59:26,879 - INFO - 2赢了
2025-11-29 16:59:26,879 - INFO - 第1576局
2025-11-29 16:59:28,716 - INFO - 2赢了
2025-11-29 16:59:28,716 - INFO - 第1577局
2025-11-29 16:59:30,244 - INFO - 2赢了
2025-11-29 16:59:30,244 - INFO - 第1578局
2025-11-29 16:59:31,781 - INFO - 2赢了
2025-11-29 16:59:31,781 - INFO - 第1579局
2025-11-29 16:59:33,103 - INFO - 2赢了
2025-11-29 16:59:33,104 - INFO - 第1580局
2025-11-29 16:59:34,921 - INFO - 2赢了
2025-11-29 16:59:34,934 - INFO - Epoch: 0, Loss: 1.8163, Policy: 1.8066, Value: 0.0242
2025-11-29 16:59:35,547 - INFO - Epoch: 100, Loss: 1.7862, Policy: 1.7712, Value: 0.0375
2025-11-29 16:59:36,065 - INFO - Epoch: 200, Loss: 1.8176, Policy: 1.7936, Value: 0.0599
2025-11-29 16:59:36,579 - INFO - Epoch: 300, Loss: 1.7695, Policy: 1.7613, Value: 0.0205
2025-11-29 16:59:37,115 - INFO - Epoch: 400, Loss: 1.9505, Policy: 1.9393, Value: 0.0280
2025-11-29 16:59:37,641 - INFO - Epoch: 500, Loss: 1.8905, Policy: 1.8793, Value: 0.0278
2025-11-29 16:59:38,178 - INFO - Epoch: 600, Loss: 1.7973, Policy: 1.7849, Value: 0.0308
2025-11-29 16:59:39,752 - INFO - Epoch: 700, Loss: 1.8828, Policy: 1.8705, Value: 0.0308
2025-11-29 16:59:40,255 - INFO - Epoch: 800, Loss: 1.8886, Policy: 1.8799, Value: 0.0217
2025-11-29 16:59:40,760 - INFO - Epoch: 900, Loss: 1.8780, Policy: 1.8664, Value: 0.0291
2025-11-29 16:59:41,265 - INFO - Epoch: 1000, Loss: 1.8967, Policy: 1.8843, Value: 0.0312
2025-11-29 16:59:41,270 - INFO - 训练结束，最新模型已保存到 model.pth
2025-11-29 16:59:41,270 - INFO - 第1581局
2025-11-29 16:59:42,311 - INFO - 1赢了
2025-11-29 16:59:42,311 - INFO - 第1582局
2025-11-29 16:59:43,628 - INFO - 1赢了
2025-11-29 16:59:43,628 - INFO - 第1583局
2025-11-29 16:59:45,314 - INFO - 2赢了
2025-11-29 16:59:45,314 - INFO - 第1584局
2025-11-29 16:59:46,870 - INFO - 2赢了
2025-11-29 16:59:46,871 - INFO - 第1585局
2025-11-29 16:59:48,313 - INFO - 2赢了
2025-11-29 16:59:48,313 - INFO - 第1586局
2025-11-29 16:59:50,328 - INFO - 2赢了
2025-11-29 16:59:50,328 - INFO - 第1587局
2025-11-29 16:59:52,174 - INFO - 2赢了
2025-11-29 16:59:52,174 - INFO - 第1588局
2025-11-29 16:59:53,390 - INFO - 1赢了
2025-11-29 16:59:53,390 - INFO - 第1589局
2025-11-29 16:59:54,972 - INFO - 2赢了
2025-11-29 16:59:54,972 - INFO - 第1590局
2025-11-29 16:59:57,584 - INFO - 1赢了
2025-11-29 16:59:57,603 - INFO - Epoch: 0, Loss: 1.8848, Policy: 1.8745, Value: 0.0258
2025-11-29 16:59:58,228 - INFO - Epoch: 100, Loss: 1.9037, Policy: 1.8844, Value: 0.0482
2025-11-29 16:59:58,738 - INFO - Epoch: 200, Loss: 1.9083, Policy: 1.8966, Value: 0.0292
2025-11-29 16:59:59,247 - INFO - Epoch: 300, Loss: 1.8750, Policy: 1.8616, Value: 0.0335
2025-11-29 16:59:59,769 - INFO - Epoch: 400, Loss: 1.7836, Policy: 1.7745, Value: 0.0226
2025-11-29 17:00:00,277 - INFO - Epoch: 500, Loss: 1.8881, Policy: 1.8749, Value: 0.0331
2025-11-29 17:00:00,786 - INFO - Epoch: 600, Loss: 1.8349, Policy: 1.8195, Value: 0.0386
2025-11-29 17:00:01,292 - INFO - Epoch: 700, Loss: 1.8981, Policy: 1.8861, Value: 0.0302
2025-11-29 17:00:01,790 - INFO - Epoch: 800, Loss: 1.8882, Policy: 1.8780, Value: 0.0256
2025-11-29 17:00:02,293 - INFO - Epoch: 900, Loss: 1.8023, Policy: 1.7934, Value: 0.0224
2025-11-29 17:00:02,831 - INFO - Epoch: 1000, Loss: 1.8862, Policy: 1.8774, Value: 0.0220
2025-11-29 17:00:02,834 - INFO - 训练结束，最新模型已保存到 model.pth
2025-11-29 17:00:02,835 - INFO - 第1591局
2025-11-29 17:00:04,315 - INFO - 2赢了
2025-11-29 17:00:04,315 - INFO - 第1592局
2025-11-29 17:00:05,274 - INFO - 2赢了
2025-11-29 17:00:05,274 - INFO - 第1593局
2025-11-29 17:00:08,358 - INFO - 2赢了
2025-11-29 17:00:08,358 - INFO - 第1594局
2025-11-29 17:00:09,984 - INFO - 2赢了
2025-11-29 17:00:09,984 - INFO - 第1595局
2025-11-29 17:00:13,396 - INFO - 2赢了
2025-11-29 17:00:13,396 - INFO - 第1596局
2025-11-29 17:00:14,839 - INFO - 2赢了
2025-11-29 17:00:14,839 - INFO - 第1597局
2025-11-29 17:00:17,155 - INFO - 2赢了
2025-11-29 17:00:17,155 - INFO - 第1598局
2025-11-29 17:00:18,857 - INFO - 2赢了
2025-11-29 17:00:18,857 - INFO - 第1599局
2025-11-29 17:00:39,806 - INFO - 1赢了
2025-11-29 17:00:39,806 - INFO - 第1600局
2025-11-29 17:00:41,005 - INFO - 2赢了
2025-11-29 17:00:41,026 - INFO - Epoch: 0, Loss: 1.8503, Policy: 1.8369, Value: 0.0337
2025-11-29 17:00:41,664 - INFO - Epoch: 100, Loss: 1.8573, Policy: 1.8371, Value: 0.0506
2025-11-29 17:00:42,205 - INFO - Epoch: 200, Loss: 1.8548, Policy: 1.8407, Value: 0.0350
2025-11-29 17:00:42,717 - INFO - Epoch: 300, Loss: 1.8759, Policy: 1.8632, Value: 0.0319
2025-11-29 17:00:43,251 - INFO - Epoch: 400, Loss: 1.6279, Policy: 1.6167, Value: 0.0279
2025-11-29 17:00:43,776 - INFO - Epoch: 500, Loss: 1.9129, Policy: 1.8990, Value: 0.0348
2025-11-29 17:00:44,300 - INFO - Epoch: 600, Loss: 1.7986, Policy: 1.7850, Value: 0.0340
2025-11-29 17:00:44,848 - INFO - Epoch: 700, Loss: 1.7871, Policy: 1.7752, Value: 0.0298
2025-11-29 17:00:45,391 - INFO - Epoch: 800, Loss: 1.8213, Policy: 1.8100, Value: 0.0281
2025-11-29 17:00:47,258 - INFO - Epoch: 900, Loss: 1.7653, Policy: 1.7508, Value: 0.0361
2025-11-29 17:00:47,758 - INFO - Epoch: 1000, Loss: 1.7960, Policy: 1.7867, Value: 0.0232
2025-11-29 17:00:47,762 - INFO - 训练结束，最新模型已保存到 model.pth
2025-11-29 17:00:47,763 - INFO - 第1601局
2025-11-29 17:00:49,934 - INFO - 1赢了
2025-11-29 17:00:49,934 - INFO - 第1602局
2025-11-29 17:00:51,083 - INFO - 2赢了
2025-11-29 17:00:51,083 - INFO - 第1603局
2025-11-29 17:00:53,867 - INFO - 2赢了
2025-11-29 17:00:53,867 - INFO - 第1604局
2025-11-29 17:00:55,182 - INFO - 2赢了
2025-11-29 17:00:55,182 - INFO - 第1605局
2025-11-29 17:00:57,340 - INFO - 2赢了
2025-11-29 17:00:57,341 - INFO - 第1606局
2025-11-29 17:00:58,480 - INFO - 2赢了
2025-11-29 17:00:58,480 - INFO - 第1607局
2025-11-29 17:00:59,557 - INFO - 1赢了
2025-11-29 17:00:59,557 - INFO - 第1608局
2025-11-29 17:01:01,325 - INFO - 1赢了
2025-11-29 17:01:01,325 - INFO - 第1609局
2025-11-29 17:01:02,697 - INFO - 2赢了
2025-11-29 17:01:02,697 - INFO - 第1610局
2025-11-29 17:01:03,787 - INFO - 2赢了
2025-11-29 17:01:03,807 - INFO - Epoch: 0, Loss: 1.7592, Policy: 1.7475, Value: 0.0293
2025-11-29 17:01:04,411 - INFO - Epoch: 100, Loss: 1.7702, Policy: 1.7559, Value: 0.0357
2025-11-29 17:01:04,913 - INFO - Epoch: 200, Loss: 1.9602, Policy: 1.9481, Value: 0.0303
2025-11-29 17:01:05,425 - INFO - Epoch: 300, Loss: 1.9813, Policy: 1.9725, Value: 0.0219
2025-11-29 17:01:05,943 - INFO - Epoch: 400, Loss: 1.9740, Policy: 1.9569, Value: 0.0427
2025-11-29 17:01:06,485 - INFO - Epoch: 500, Loss: 1.8304, Policy: 1.8151, Value: 0.0383
2025-11-29 17:01:06,992 - INFO - Epoch: 600, Loss: 1.8915, Policy: 1.8715, Value: 0.0501
2025-11-29 17:01:07,498 - INFO - Epoch: 700, Loss: 1.6788, Policy: 1.6668, Value: 0.0300
2025-11-29 17:01:08,024 - INFO - Epoch: 800, Loss: 1.8280, Policy: 1.8136, Value: 0.0361
2025-11-29 17:01:08,548 - INFO - Epoch: 900, Loss: 1.8653, Policy: 1.8520, Value: 0.0332
2025-11-29 17:01:09,043 - INFO - Epoch: 1000, Loss: 1.7299, Policy: 1.7142, Value: 0.0393
2025-11-29 17:01:09,046 - INFO - 训练结束，最新模型已保存到 model.pth
2025-11-29 17:01:09,047 - INFO - 第1611局
2025-11-29 17:01:10,390 - INFO - 2赢了
2025-11-29 17:01:10,390 - INFO - 第1612局
2025-11-29 17:01:11,419 - INFO - 1赢了
2025-11-29 17:01:11,419 - INFO - 第1613局
2025-11-29 17:01:15,407 - INFO - 1赢了
2025-11-29 17:01:15,408 - INFO - 第1614局
2025-11-29 17:01:18,442 - INFO - 2赢了
2025-11-29 17:01:18,442 - INFO - 第1615局
2025-11-29 17:01:20,926 - INFO - 2赢了
2025-11-29 17:01:20,926 - INFO - 第1616局
2025-11-29 17:01:22,117 - INFO - 1赢了
2025-11-29 17:01:22,117 - INFO - 第1617局
2025-11-29 17:01:25,047 - INFO - 2赢了
2025-11-29 17:01:25,047 - INFO - 第1618局
2025-11-29 17:01:27,218 - INFO - 2赢了
2025-11-29 17:01:27,218 - INFO - 第1619局
2025-11-29 17:01:28,326 - INFO - 1赢了
2025-11-29 17:01:28,326 - INFO - 第1620局
2025-11-29 17:01:29,623 - INFO - 2赢了
2025-11-29 17:01:29,638 - INFO - Epoch: 0, Loss: 1.9313, Policy: 1.9186, Value: 0.0315
2025-11-29 17:01:30,225 - INFO - Epoch: 100, Loss: 2.0268, Policy: 2.0137, Value: 0.0329
2025-11-29 17:01:30,694 - INFO - Epoch: 200, Loss: 1.9273, Policy: 1.9054, Value: 0.0548
2025-11-29 17:01:31,174 - INFO - Epoch: 300, Loss: 1.9222, Policy: 1.9085, Value: 0.0342
2025-11-29 17:01:31,652 - INFO - Epoch: 400, Loss: 1.9690, Policy: 1.9584, Value: 0.0264
2025-11-29 17:01:32,135 - INFO - Epoch: 500, Loss: 1.8986, Policy: 1.8697, Value: 0.0722
2025-11-29 17:01:32,597 - INFO - Epoch: 600, Loss: 1.8937, Policy: 1.8832, Value: 0.0263
2025-11-29 17:01:33,064 - INFO - Epoch: 700, Loss: 1.8709, Policy: 1.8581, Value: 0.0319
2025-11-29 17:01:33,532 - INFO - Epoch: 800, Loss: 1.8673, Policy: 1.8538, Value: 0.0339
2025-11-29 17:01:33,999 - INFO - Epoch: 900, Loss: 1.8114, Policy: 1.8005, Value: 0.0273
2025-11-29 17:01:34,479 - INFO - Epoch: 1000, Loss: 1.8955, Policy: 1.8841, Value: 0.0285
2025-11-29 17:01:34,482 - INFO - 训练结束，最新模型已保存到 model.pth
2025-11-29 17:01:34,483 - INFO - 第1621局
2025-11-29 17:01:35,351 - INFO - 2赢了
2025-11-29 17:01:35,351 - INFO - 第1622局
2025-11-29 17:01:37,057 - INFO - 2赢了
2025-11-29 17:01:37,057 - INFO - 第1623局
2025-11-29 17:01:38,032 - INFO - 2赢了
2025-11-29 17:01:38,032 - INFO - 第1624局
2025-11-29 17:01:40,842 - INFO - 1赢了
2025-11-29 17:01:40,842 - INFO - 第1625局
2025-11-29 17:01:47,546 - INFO - 1赢了
2025-11-29 17:01:47,546 - INFO - 第1626局
2025-11-29 17:01:49,092 - INFO - 1赢了
2025-11-29 17:01:49,092 - INFO - 第1627局
2025-11-29 17:01:51,047 - INFO - 2赢了
2025-11-29 17:01:51,047 - INFO - 第1628局
2025-11-29 17:01:53,066 - INFO - 2赢了
2025-11-29 17:01:53,066 - INFO - 第1629局
2025-11-29 17:01:57,112 - INFO - 2赢了
2025-11-29 17:01:57,112 - INFO - 第1630局
2025-11-29 17:01:59,729 - INFO - 1赢了
2025-11-29 17:01:59,745 - INFO - Epoch: 0, Loss: 1.8952, Policy: 1.8849, Value: 0.0257
2025-11-29 17:02:00,339 - INFO - Epoch: 100, Loss: 1.9350, Policy: 1.9239, Value: 0.0277
2025-11-29 17:02:00,871 - INFO - Epoch: 200, Loss: 1.7493, Policy: 1.7379, Value: 0.0286
2025-11-29 17:02:01,388 - INFO - Epoch: 300, Loss: 1.7950, Policy: 1.7844, Value: 0.0266
2025-11-29 17:02:01,898 - INFO - Epoch: 400, Loss: 1.8952, Policy: 1.8844, Value: 0.0272
2025-11-29 17:02:02,435 - INFO - Epoch: 500, Loss: 1.8543, Policy: 1.8401, Value: 0.0356
2025-11-29 17:02:02,948 - INFO - Epoch: 600, Loss: 1.9253, Policy: 1.9168, Value: 0.0211
2025-11-29 17:02:03,459 - INFO - Epoch: 700, Loss: 1.8173, Policy: 1.8028, Value: 0.0362
2025-11-29 17:02:03,943 - INFO - Epoch: 800, Loss: 1.8453, Policy: 1.8213, Value: 0.0602
2025-11-29 17:02:04,436 - INFO - Epoch: 900, Loss: 1.9069, Policy: 1.8946, Value: 0.0307
2025-11-29 17:02:04,948 - INFO - Epoch: 1000, Loss: 1.8074, Policy: 1.7968, Value: 0.0266
2025-11-29 17:02:04,952 - INFO - 训练结束，最新模型已保存到 model.pth
2025-11-29 17:02:04,953 - INFO - 第1631局
2025-11-29 17:02:06,247 - INFO - 2赢了
2025-11-29 17:02:06,247 - INFO - 第1632局
2025-11-29 17:02:07,502 - INFO - 2赢了
2025-11-29 17:02:07,503 - INFO - 第1633局
2025-11-29 17:02:08,606 - INFO - 2赢了
2025-11-29 17:02:08,606 - INFO - 第1634局
2025-11-29 17:02:10,211 - INFO - 2赢了
2025-11-29 17:02:10,211 - INFO - 第1635局
2025-11-29 17:02:13,139 - INFO - 2赢了
2025-11-29 17:02:13,139 - INFO - 第1636局
2025-11-29 17:02:14,199 - INFO - 2赢了
2025-11-29 17:02:14,199 - INFO - 第1637局
2025-11-29 17:02:15,507 - INFO - 1赢了
2025-11-29 17:02:15,507 - INFO - 第1638局
2025-11-29 17:02:18,163 - INFO - 2赢了
2025-11-29 17:02:18,163 - INFO - 第1639局
2025-11-29 17:02:19,412 - INFO - 2赢了
2025-11-29 17:02:19,412 - INFO - 第1640局
2025-11-29 17:02:20,775 - INFO - 1赢了
2025-11-29 17:02:20,793 - INFO - Epoch: 0, Loss: 1.7875, Policy: 1.7773, Value: 0.0257
2025-11-29 17:02:21,410 - INFO - Epoch: 100, Loss: 1.8251, Policy: 1.8097, Value: 0.0385
2025-11-29 17:02:21,921 - INFO - Epoch: 200, Loss: 1.8654, Policy: 1.8490, Value: 0.0409
2025-11-29 17:02:22,424 - INFO - Epoch: 300, Loss: 1.8232, Policy: 1.8130, Value: 0.0256
2025-11-29 17:02:22,942 - INFO - Epoch: 400, Loss: 1.9153, Policy: 1.9044, Value: 0.0272
2025-11-29 17:02:23,475 - INFO - Epoch: 500, Loss: 1.9609, Policy: 1.9479, Value: 0.0326
2025-11-29 17:02:23,996 - INFO - Epoch: 600, Loss: 1.8839, Policy: 1.8704, Value: 0.0337
2025-11-29 17:02:24,523 - INFO - Epoch: 700, Loss: 1.7133, Policy: 1.6903, Value: 0.0576
2025-11-29 17:02:25,095 - INFO - Epoch: 800, Loss: 1.9345, Policy: 1.9212, Value: 0.0332
2025-11-29 17:02:25,641 - INFO - Epoch: 900, Loss: 1.8965, Policy: 1.8829, Value: 0.0340
2025-11-29 17:02:26,196 - INFO - Epoch: 1000, Loss: 1.8454, Policy: 1.8361, Value: 0.0232
2025-11-29 17:02:26,200 - INFO - 训练结束，最新模型已保存到 model.pth
2025-11-29 17:02:26,201 - INFO - 第1641局
2025-11-29 17:02:29,079 - INFO - 2赢了
2025-11-29 17:02:29,080 - INFO - 第1642局
2025-11-29 17:02:30,804 - INFO - 2赢了
2025-11-29 17:02:30,804 - INFO - 第1643局
2025-11-29 17:02:32,260 - INFO - 1赢了
2025-11-29 17:02:32,260 - INFO - 第1644局
2025-11-29 17:02:34,586 - INFO - 1赢了
2025-11-29 17:02:34,586 - INFO - 第1645局
2025-11-29 17:02:35,855 - INFO - 1赢了
2025-11-29 17:02:35,855 - INFO - 第1646局
2025-11-29 17:02:36,866 - INFO - 2赢了
2025-11-29 17:02:36,866 - INFO - 第1647局
2025-11-29 17:02:38,162 - INFO - 2赢了
2025-11-29 17:02:38,162 - INFO - 第1648局
2025-11-29 17:02:39,390 - INFO - 2赢了
2025-11-29 17:02:39,390 - INFO - 第1649局
2025-11-29 17:02:40,301 - INFO - 2赢了
2025-11-29 17:02:40,301 - INFO - 第1650局
2025-11-29 17:02:44,299 - INFO - 1赢了
2025-11-29 17:02:44,316 - INFO - Epoch: 0, Loss: 2.0065, Policy: 1.9804, Value: 0.0652
2025-11-29 17:02:44,893 - INFO - Epoch: 100, Loss: 1.7253, Policy: 1.7119, Value: 0.0334
2025-11-29 17:02:45,400 - INFO - Epoch: 200, Loss: 1.8686, Policy: 1.8511, Value: 0.0439
2025-11-29 17:02:45,905 - INFO - Epoch: 300, Loss: 1.9624, Policy: 1.9418, Value: 0.0514
2025-11-29 17:02:46,408 - INFO - Epoch: 400, Loss: 1.8208, Policy: 1.8087, Value: 0.0302
2025-11-29 17:02:46,914 - INFO - Epoch: 500, Loss: 1.7580, Policy: 1.7481, Value: 0.0247
2025-11-29 17:02:47,429 - INFO - Epoch: 600, Loss: 1.8963, Policy: 1.8829, Value: 0.0337
2025-11-29 17:02:47,933 - INFO - Epoch: 700, Loss: 1.8148, Policy: 1.8007, Value: 0.0351
2025-11-29 17:02:48,443 - INFO - Epoch: 800, Loss: 1.9721, Policy: 1.9611, Value: 0.0276
2025-11-29 17:02:48,946 - INFO - Epoch: 900, Loss: 1.7177, Policy: 1.7031, Value: 0.0366
2025-11-29 17:02:49,443 - INFO - Epoch: 1000, Loss: 1.8923, Policy: 1.8808, Value: 0.0288
2025-11-29 17:02:49,447 - INFO - 训练结束，最新模型已保存到 model.pth
2025-11-29 17:02:49,448 - INFO - 第1651局
2025-11-29 17:02:51,537 - INFO - 2赢了
2025-11-29 17:02:51,537 - INFO - 第1652局
2025-11-29 17:02:55,027 - INFO - 2赢了
2025-11-29 17:02:55,027 - INFO - 第1653局
2025-11-29 17:02:56,675 - INFO - 2赢了
2025-11-29 17:02:56,675 - INFO - 第1654局
2025-11-29 17:02:57,980 - INFO - 1赢了
2025-11-29 17:02:57,980 - INFO - 第1655局
2025-11-29 17:02:58,972 - INFO - 2赢了
2025-11-29 17:02:58,972 - INFO - 第1656局
2025-11-29 17:03:00,125 - INFO - 2赢了
2025-11-29 17:03:00,125 - INFO - 第1657局
2025-11-29 17:03:02,810 - INFO - 1赢了
2025-11-29 17:03:02,810 - INFO - 第1658局
2025-11-29 17:03:07,099 - INFO - 2赢了
2025-11-29 17:03:07,099 - INFO - 第1659局
2025-11-29 17:03:08,668 - INFO - 2赢了
2025-11-29 17:03:08,668 - INFO - 第1660局
2025-11-29 17:03:12,707 - INFO - 2赢了
2025-11-29 17:03:12,738 - INFO - Epoch: 0, Loss: 1.9199, Policy: 1.9037, Value: 0.0406
2025-11-29 17:03:13,335 - INFO - Epoch: 100, Loss: 1.8608, Policy: 1.8507, Value: 0.0254
2025-11-29 17:03:13,818 - INFO - Epoch: 200, Loss: 1.8082, Policy: 1.7948, Value: 0.0334
2025-11-29 17:03:14,308 - INFO - Epoch: 300, Loss: 1.8215, Policy: 1.8108, Value: 0.0268
2025-11-29 17:03:14,790 - INFO - Epoch: 400, Loss: 1.7916, Policy: 1.7811, Value: 0.0262
2025-11-29 17:03:15,261 - INFO - Epoch: 500, Loss: 1.8684, Policy: 1.8581, Value: 0.0259
2025-11-29 17:03:15,765 - INFO - Epoch: 600, Loss: 1.9492, Policy: 1.9371, Value: 0.0303
2025-11-29 17:03:16,235 - INFO - Epoch: 700, Loss: 1.8186, Policy: 1.8058, Value: 0.0318
2025-11-29 17:03:16,704 - INFO - Epoch: 800, Loss: 1.9315, Policy: 1.9209, Value: 0.0264
2025-11-29 17:03:17,177 - INFO - Epoch: 900, Loss: 1.8427, Policy: 1.8195, Value: 0.0579
2025-11-29 17:03:17,645 - INFO - Epoch: 1000, Loss: 1.8036, Policy: 1.7919, Value: 0.0292
2025-11-29 17:03:17,649 - INFO - 训练结束，最新模型已保存到 model.pth
2025-11-29 17:03:17,650 - INFO - 第1661局
2025-11-29 17:03:18,840 - INFO - 2赢了
2025-11-29 17:03:18,840 - INFO - 第1662局
2025-11-29 17:03:20,815 - INFO - 1赢了
2025-11-29 17:03:20,815 - INFO - 第1663局
2025-11-29 17:03:21,797 - INFO - 2赢了
2025-11-29 17:03:21,797 - INFO - 第1664局
2025-11-29 17:03:22,854 - INFO - 2赢了
2025-11-29 17:03:22,854 - INFO - 第1665局
2025-11-29 17:03:24,658 - INFO - 2赢了
2025-11-29 17:03:24,658 - INFO - 第1666局
2025-11-29 17:03:34,376 - INFO - 2赢了
2025-11-29 17:03:34,376 - INFO - 第1667局
2025-11-29 17:03:37,885 - INFO - 2赢了
2025-11-29 17:03:37,885 - INFO - 第1668局
2025-11-29 17:03:39,433 - INFO - 2赢了
2025-11-29 17:03:39,433 - INFO - 第1669局
2025-11-29 17:03:40,497 - INFO - 2赢了
2025-11-29 17:03:40,497 - INFO - 第1670局
2025-11-29 17:03:42,135 - INFO - 1赢了
2025-11-29 17:03:42,160 - INFO - Epoch: 0, Loss: 1.9545, Policy: 1.9417, Value: 0.0322
2025-11-29 17:03:42,769 - INFO - Epoch: 100, Loss: 1.7988, Policy: 1.7819, Value: 0.0423
2025-11-29 17:03:43,300 - INFO - Epoch: 200, Loss: 1.9250, Policy: 1.9137, Value: 0.0282
2025-11-29 17:03:43,811 - INFO - Epoch: 300, Loss: 1.8394, Policy: 1.8252, Value: 0.0357
2025-11-29 17:03:44,325 - INFO - Epoch: 400, Loss: 1.6871, Policy: 1.6669, Value: 0.0505
2025-11-29 17:03:44,794 - INFO - Epoch: 500, Loss: 1.7999, Policy: 1.7870, Value: 0.0324
2025-11-29 17:03:45,265 - INFO - Epoch: 600, Loss: 1.7567, Policy: 1.7472, Value: 0.0238
2025-11-29 17:03:45,749 - INFO - Epoch: 700, Loss: 1.7962, Policy: 1.7833, Value: 0.0323
2025-11-29 17:03:46,224 - INFO - Epoch: 800, Loss: 1.8974, Policy: 1.8817, Value: 0.0393
2025-11-29 17:03:46,688 - INFO - Epoch: 900, Loss: 1.7082, Policy: 1.6944, Value: 0.0343
2025-11-29 17:03:47,161 - INFO - Epoch: 1000, Loss: 1.7428, Policy: 1.7286, Value: 0.0356
2025-11-29 17:03:47,164 - INFO - 训练结束，最新模型已保存到 model.pth
2025-11-29 17:03:47,165 - INFO - 第1671局
2025-11-29 17:03:48,689 - INFO - 2赢了
2025-11-29 17:03:48,690 - INFO - 第1672局
2025-11-29 17:03:50,313 - INFO - 1赢了
2025-11-29 17:03:50,313 - INFO - 第1673局
2025-11-29 17:03:53,445 - INFO - 1赢了
2025-11-29 17:03:53,445 - INFO - 第1674局
2025-11-29 17:03:57,822 - INFO - 2赢了
2025-11-29 17:03:57,822 - INFO - 第1675局
2025-11-29 17:03:59,661 - INFO - 2赢了
2025-11-29 17:03:59,661 - INFO - 第1676局
2025-11-29 17:04:01,791 - INFO - 2赢了
2025-11-29 17:04:01,791 - INFO - 第1677局
2025-11-29 17:04:03,371 - INFO - 1赢了
2025-11-29 17:04:03,371 - INFO - 第1678局
2025-11-29 17:04:05,792 - INFO - 2赢了
2025-11-29 17:04:05,792 - INFO - 第1679局
2025-11-29 17:04:07,228 - INFO - 2赢了
2025-11-29 17:04:07,229 - INFO - 第1680局
2025-11-29 17:04:10,175 - INFO - 2赢了
2025-11-29 17:04:10,196 - INFO - Epoch: 0, Loss: 1.8742, Policy: 1.8608, Value: 0.0335
2025-11-29 17:04:10,832 - INFO - Epoch: 100, Loss: 1.8017, Policy: 1.7904, Value: 0.0281
2025-11-29 17:04:11,397 - INFO - Epoch: 200, Loss: 1.8501, Policy: 1.8372, Value: 0.0321
2025-11-29 17:04:11,971 - INFO - Epoch: 300, Loss: 1.7577, Policy: 1.7469, Value: 0.0271
2025-11-29 17:04:12,539 - INFO - Epoch: 400, Loss: 1.7923, Policy: 1.7773, Value: 0.0375
2025-11-29 17:04:13,094 - INFO - Epoch: 500, Loss: 1.7087, Policy: 1.6963, Value: 0.0311
2025-11-29 17:04:13,658 - INFO - Epoch: 600, Loss: 1.9070, Policy: 1.8880, Value: 0.0475
2025-11-29 17:04:14,223 - INFO - Epoch: 700, Loss: 1.9909, Policy: 1.9741, Value: 0.0419
2025-11-29 17:04:14,792 - INFO - Epoch: 800, Loss: 1.8050, Policy: 1.7947, Value: 0.0257
2025-11-29 17:04:15,391 - INFO - Epoch: 900, Loss: 1.8645, Policy: 1.8510, Value: 0.0338
2025-11-29 17:04:15,984 - INFO - Epoch: 1000, Loss: 1.7864, Policy: 1.7724, Value: 0.0351
2025-11-29 17:04:15,989 - INFO - 训练结束，最新模型已保存到 model.pth
2025-11-29 17:04:15,990 - INFO - 第1681局
2025-11-29 17:04:18,208 - INFO - 1赢了
2025-11-29 17:04:18,208 - INFO - 第1682局
2025-11-29 17:04:20,211 - INFO - 1赢了
2025-11-29 17:04:20,211 - INFO - 第1683局
2025-11-29 17:04:22,341 - INFO - 1赢了
2025-11-29 17:04:22,341 - INFO - 第1684局
2025-11-29 17:04:26,330 - INFO - 2赢了
2025-11-29 17:04:26,330 - INFO - 第1685局
2025-11-29 17:04:27,905 - INFO - 2赢了
2025-11-29 17:04:27,905 - INFO - 第1686局
2025-11-29 17:04:31,616 - INFO - 2赢了
2025-11-29 17:04:31,617 - INFO - 第1687局
2025-11-29 17:04:33,665 - INFO - 1赢了
2025-11-29 17:04:33,665 - INFO - 第1688局
2025-11-29 17:04:35,278 - INFO - 2赢了
2025-11-29 17:04:35,278 - INFO - 第1689局
2025-11-29 17:04:37,292 - INFO - 2赢了
2025-11-29 17:04:37,292 - INFO - 第1690局
2025-11-29 17:04:39,548 - INFO - 2赢了
2025-11-29 17:04:39,565 - INFO - Epoch: 0, Loss: 1.8316, Policy: 1.8132, Value: 0.0458
2025-11-29 17:04:40,158 - INFO - Epoch: 100, Loss: 1.8639, Policy: 1.8527, Value: 0.0281
2025-11-29 17:04:40,657 - INFO - Epoch: 200, Loss: 1.8949, Policy: 1.8824, Value: 0.0314
2025-11-29 17:04:41,160 - INFO - Epoch: 300, Loss: 1.9739, Policy: 1.9576, Value: 0.0408
2025-11-29 17:04:41,661 - INFO - Epoch: 400, Loss: 1.9326, Policy: 1.9209, Value: 0.0293
2025-11-29 17:04:43,750 - INFO - Epoch: 500, Loss: 1.9017, Policy: 1.8901, Value: 0.0290
2025-11-29 17:04:44,276 - INFO - Epoch: 600, Loss: 1.7835, Policy: 1.7733, Value: 0.0256
2025-11-29 17:04:44,779 - INFO - Epoch: 700, Loss: 1.8209, Policy: 1.8048, Value: 0.0402
2025-11-29 17:04:45,291 - INFO - Epoch: 800, Loss: 1.8253, Policy: 1.8120, Value: 0.0333
2025-11-29 17:04:45,802 - INFO - Epoch: 900, Loss: 1.7626, Policy: 1.7520, Value: 0.0265
2025-11-29 17:04:46,328 - INFO - Epoch: 1000, Loss: 1.9287, Policy: 1.9038, Value: 0.0622
2025-11-29 17:04:46,331 - INFO - 训练结束，最新模型已保存到 model.pth
2025-11-29 17:04:46,332 - INFO - 第1691局
2025-11-29 17:04:48,288 - INFO - 2赢了
2025-11-29 17:04:48,289 - INFO - 第1692局
2025-11-29 17:04:50,330 - INFO - 2赢了
2025-11-29 17:04:50,330 - INFO - 第1693局
2025-11-29 17:04:52,799 - INFO - 2赢了
2025-11-29 17:04:52,800 - INFO - 第1694局
2025-11-29 17:04:57,470 - INFO - 1赢了
2025-11-29 17:04:57,470 - INFO - 第1695局
2025-11-29 17:04:58,924 - INFO - 2赢了
2025-11-29 17:04:58,924 - INFO - 第1696局
2025-11-29 17:05:00,303 - INFO - 2赢了
2025-11-29 17:05:00,303 - INFO - 第1697局
2025-11-29 17:05:01,969 - INFO - 2赢了
2025-11-29 17:05:01,969 - INFO - 第1698局
2025-11-29 17:05:03,071 - INFO - 2赢了
2025-11-29 17:05:03,071 - INFO - 第1699局
2025-11-29 17:05:05,241 - INFO - 1赢了
2025-11-29 17:05:05,241 - INFO - 第1700局
2025-11-29 17:05:07,725 - INFO - 2赢了
2025-11-29 17:05:07,744 - INFO - Epoch: 0, Loss: 1.9365, Policy: 1.9235, Value: 0.0325
2025-11-29 17:05:08,355 - INFO - Epoch: 100, Loss: 1.8898, Policy: 1.8799, Value: 0.0249
2025-11-29 17:05:08,925 - INFO - Epoch: 200, Loss: 1.9775, Policy: 1.9662, Value: 0.0282
2025-11-29 17:05:09,504 - INFO - Epoch: 300, Loss: 1.8081, Policy: 1.7826, Value: 0.0638
2025-11-29 17:05:10,096 - INFO - Epoch: 400, Loss: 1.7066, Policy: 1.6934, Value: 0.0330
2025-11-29 17:05:10,671 - INFO - Epoch: 500, Loss: 1.8975, Policy: 1.8852, Value: 0.0307
2025-11-29 17:05:11,251 - INFO - Epoch: 600, Loss: 1.9247, Policy: 1.9083, Value: 0.0412
2025-11-29 17:05:11,823 - INFO - Epoch: 700, Loss: 1.8213, Policy: 1.8074, Value: 0.0347
2025-11-29 17:05:12,391 - INFO - Epoch: 800, Loss: 1.8518, Policy: 1.8375, Value: 0.0356
2025-11-29 17:05:12,950 - INFO - Epoch: 900, Loss: 1.9215, Policy: 1.8998, Value: 0.0543
2025-11-29 17:05:13,483 - INFO - Epoch: 1000, Loss: 1.8255, Policy: 1.8090, Value: 0.0414
2025-11-29 17:05:13,487 - INFO - 训练结束，最新模型已保存到 model.pth
2025-11-29 17:05:13,487 - INFO - 第1701局
2025-11-29 17:05:14,900 - INFO - 1赢了
2025-11-29 17:05:14,901 - INFO - 第1702局
2025-11-29 17:05:19,234 - INFO - 2赢了
2025-11-29 17:05:19,234 - INFO - 第1703局
2025-11-29 17:05:21,394 - INFO - 2赢了
2025-11-29 17:05:21,394 - INFO - 第1704局
2025-11-29 17:05:24,737 - INFO - 1赢了
2025-11-29 17:05:24,737 - INFO - 第1705局
2025-11-29 17:05:27,865 - INFO - 1赢了
2025-11-29 17:05:27,865 - INFO - 第1706局
2025-11-29 17:05:29,501 - INFO - 2赢了
2025-11-29 17:05:29,501 - INFO - 第1707局
2025-11-29 17:05:34,931 - INFO - 2赢了
2025-11-29 17:05:34,931 - INFO - 第1708局
2025-11-29 17:05:37,208 - INFO - 2赢了
2025-11-29 17:05:37,208 - INFO - 第1709局
2025-11-29 17:05:38,115 - INFO - 2赢了
2025-11-29 17:05:38,115 - INFO - 第1710局
2025-11-29 17:05:40,141 - INFO - 2赢了
2025-11-29 17:05:40,161 - INFO - Epoch: 0, Loss: 1.8387, Policy: 1.8270, Value: 0.0291
2025-11-29 17:05:40,773 - INFO - Epoch: 100, Loss: 1.8840, Policy: 1.8744, Value: 0.0241
2025-11-29 17:05:41,277 - INFO - Epoch: 200, Loss: 1.9389, Policy: 1.9259, Value: 0.0327
2025-11-29 17:05:41,776 - INFO - Epoch: 300, Loss: 1.7772, Policy: 1.7671, Value: 0.0251
2025-11-29 17:05:42,276 - INFO - Epoch: 400, Loss: 2.0139, Policy: 2.0001, Value: 0.0345
2025-11-29 17:05:42,776 - INFO - Epoch: 500, Loss: 1.7943, Policy: 1.7776, Value: 0.0418
2025-11-29 17:05:43,279 - INFO - Epoch: 600, Loss: 1.9449, Policy: 1.9307, Value: 0.0356
2025-11-29 17:05:43,786 - INFO - Epoch: 700, Loss: 1.9881, Policy: 1.9725, Value: 0.0390
2025-11-29 17:05:44,284 - INFO - Epoch: 800, Loss: 1.8596, Policy: 1.8479, Value: 0.0293
2025-11-29 17:05:44,776 - INFO - Epoch: 900, Loss: 1.7984, Policy: 1.7829, Value: 0.0389
2025-11-29 17:05:45,286 - INFO - Epoch: 1000, Loss: 1.7977, Policy: 1.7872, Value: 0.0263
2025-11-29 17:05:45,290 - INFO - 训练结束，最新模型已保存到 model.pth
2025-11-29 17:05:45,291 - INFO - 第1711局
2025-11-29 17:05:47,287 - INFO - 2赢了
2025-11-29 17:05:47,287 - INFO - 第1712局
2025-11-29 17:05:48,663 - INFO - 1赢了
2025-11-29 17:05:48,664 - INFO - 第1713局
2025-11-29 17:05:52,388 - INFO - 2赢了
2025-11-29 17:05:52,389 - INFO - 第1714局
2025-11-29 17:05:53,757 - INFO - 2赢了
2025-11-29 17:05:53,757 - INFO - 第1715局
2025-11-29 17:05:56,390 - INFO - 1赢了
2025-11-29 17:05:56,390 - INFO - 第1716局
2025-11-29 17:05:57,911 - INFO - 2赢了
2025-11-29 17:05:57,911 - INFO - 第1717局
2025-11-29 17:05:59,135 - INFO - 2赢了
2025-11-29 17:05:59,135 - INFO - 第1718局
2025-11-29 17:06:00,752 - INFO - 2赢了
2025-11-29 17:06:00,752 - INFO - 第1719局
2025-11-29 17:06:01,742 - INFO - 2赢了
2025-11-29 17:06:01,742 - INFO - 第1720局
2025-11-29 17:06:04,884 - INFO - 2赢了
2025-11-29 17:06:04,904 - INFO - Epoch: 0, Loss: 1.9690, Policy: 1.9576, Value: 0.0283
2025-11-29 17:06:05,502 - INFO - Epoch: 100, Loss: 1.8865, Policy: 1.8672, Value: 0.0483
2025-11-29 17:06:05,992 - INFO - Epoch: 200, Loss: 1.8806, Policy: 1.8691, Value: 0.0287
2025-11-29 17:06:06,491 - INFO - Epoch: 300, Loss: 1.8831, Policy: 1.8745, Value: 0.0213
2025-11-29 17:06:06,989 - INFO - Epoch: 400, Loss: 1.8571, Policy: 1.8439, Value: 0.0329
2025-11-29 17:06:07,491 - INFO - Epoch: 500, Loss: 1.8918, Policy: 1.8828, Value: 0.0226
2025-11-29 17:06:08,004 - INFO - Epoch: 600, Loss: 1.7749, Policy: 1.7516, Value: 0.0583
2025-11-29 17:06:08,514 - INFO - Epoch: 700, Loss: 1.8107, Policy: 1.7953, Value: 0.0384
2025-11-29 17:06:09,035 - INFO - Epoch: 800, Loss: 1.9047, Policy: 1.8928, Value: 0.0299
2025-11-29 17:06:09,541 - INFO - Epoch: 900, Loss: 1.9850, Policy: 1.9756, Value: 0.0234
2025-11-29 17:06:10,081 - INFO - Epoch: 1000, Loss: 1.9292, Policy: 1.9144, Value: 0.0371
2025-11-29 17:06:10,085 - INFO - 训练结束，最新模型已保存到 model.pth
2025-11-29 17:06:10,086 - INFO - 第1721局
2025-11-29 17:06:11,300 - INFO - 2赢了
2025-11-29 17:06:11,300 - INFO - 第1722局
2025-11-29 17:06:13,184 - INFO - 2赢了
2025-11-29 17:06:13,185 - INFO - 第1723局
2025-11-29 17:06:22,885 - INFO - 2赢了
2025-11-29 17:06:22,885 - INFO - 第1724局
2025-11-29 17:06:25,627 - INFO - 2赢了
2025-11-29 17:06:25,627 - INFO - 第1725局
2025-11-29 17:06:28,719 - INFO - 2赢了
2025-11-29 17:06:28,719 - INFO - 第1726局
2025-11-29 17:06:30,600 - INFO - 2赢了
2025-11-29 17:06:30,601 - INFO - 第1727局
2025-11-29 17:06:32,095 - INFO - 2赢了
2025-11-29 17:06:32,095 - INFO - 第1728局
2025-11-29 17:06:33,152 - INFO - 1赢了
2025-11-29 17:06:33,152 - INFO - 第1729局
2025-11-29 17:06:35,256 - INFO - 2赢了
2025-11-29 17:06:35,256 - INFO - 第1730局
2025-11-29 17:06:36,727 - INFO - 2赢了
2025-11-29 17:06:36,744 - INFO - Epoch: 0, Loss: 1.9312, Policy: 1.9191, Value: 0.0303
2025-11-29 17:06:37,322 - INFO - Epoch: 100, Loss: 1.8372, Policy: 1.8219, Value: 0.0382
2025-11-29 17:06:37,843 - INFO - Epoch: 200, Loss: 1.8430, Policy: 1.8309, Value: 0.0301
2025-11-29 17:06:38,352 - INFO - Epoch: 300, Loss: 1.8652, Policy: 1.8532, Value: 0.0301
2025-11-29 17:06:38,917 - INFO - Epoch: 400, Loss: 1.7809, Policy: 1.7697, Value: 0.0280
2025-11-29 17:06:39,446 - INFO - Epoch: 500, Loss: 1.8194, Policy: 1.8084, Value: 0.0276
2025-11-29 17:06:39,974 - INFO - Epoch: 600, Loss: 1.8955, Policy: 1.8822, Value: 0.0331
2025-11-29 17:06:40,510 - INFO - Epoch: 700, Loss: 1.9294, Policy: 1.9172, Value: 0.0305
2025-11-29 17:06:41,030 - INFO - Epoch: 800, Loss: 1.9787, Policy: 1.9624, Value: 0.0407
2025-11-29 17:06:41,559 - INFO - Epoch: 900, Loss: 1.7622, Policy: 1.7492, Value: 0.0324
2025-11-29 17:06:42,068 - INFO - Epoch: 1000, Loss: 1.9197, Policy: 1.9073, Value: 0.0311
2025-11-29 17:06:42,072 - INFO - 训练结束，最新模型已保存到 model.pth
2025-11-29 17:06:42,073 - INFO - 第1731局
2025-11-29 17:06:43,995 - INFO - 1赢了
2025-11-29 17:06:43,995 - INFO - 第1732局
2025-11-29 17:06:45,462 - INFO - 1赢了
2025-11-29 17:06:45,462 - INFO - 第1733局
2025-11-29 17:06:47,480 - INFO - 2赢了
2025-11-29 17:06:47,481 - INFO - 第1734局
2025-11-29 17:06:48,930 - INFO - 1赢了
2025-11-29 17:06:48,930 - INFO - 第1735局
2025-11-29 17:06:51,086 - INFO - 2赢了
2025-11-29 17:06:51,086 - INFO - 第1736局
2025-11-29 17:06:52,696 - INFO - 2赢了
2025-11-29 17:06:52,697 - INFO - 第1737局
2025-11-29 17:06:56,005 - INFO - 2赢了
2025-11-29 17:06:56,005 - INFO - 第1738局
2025-11-29 17:06:59,110 - INFO - 2赢了
2025-11-29 17:06:59,110 - INFO - 第1739局
2025-11-29 17:07:01,047 - INFO - 2赢了
2025-11-29 17:07:01,047 - INFO - 第1740局
2025-11-29 17:07:01,912 - INFO - 2赢了
2025-11-29 17:07:01,931 - INFO - Epoch: 0, Loss: 1.9637, Policy: 1.9482, Value: 0.0386
2025-11-29 17:07:02,540 - INFO - Epoch: 100, Loss: 1.9044, Policy: 1.8945, Value: 0.0247
2025-11-29 17:07:03,114 - INFO - Epoch: 200, Loss: 1.8582, Policy: 1.8467, Value: 0.0289
2025-11-29 17:07:03,686 - INFO - Epoch: 300, Loss: 1.8866, Policy: 1.8743, Value: 0.0307
2025-11-29 17:07:04,234 - INFO - Epoch: 400, Loss: 1.8387, Policy: 1.8247, Value: 0.0349
2025-11-29 17:07:04,752 - INFO - Epoch: 500, Loss: 1.8208, Policy: 1.8046, Value: 0.0405
2025-11-29 17:07:05,253 - INFO - Epoch: 600, Loss: 1.7240, Policy: 1.7159, Value: 0.0203
2025-11-29 17:07:05,737 - INFO - Epoch: 700, Loss: 1.9499, Policy: 1.9346, Value: 0.0384
2025-11-29 17:07:06,216 - INFO - Epoch: 800, Loss: 1.8294, Policy: 1.8165, Value: 0.0323
2025-11-29 17:07:06,681 - INFO - Epoch: 900, Loss: 1.9463, Policy: 1.9364, Value: 0.0248
2025-11-29 17:07:07,158 - INFO - Epoch: 1000, Loss: 1.6186, Policy: 1.6040, Value: 0.0364
2025-11-29 17:07:07,161 - INFO - 训练结束，最新模型已保存到 model.pth
2025-11-29 17:07:07,162 - INFO - 第1741局
2025-11-29 17:07:07,890 - INFO - 2赢了
2025-11-29 17:07:07,890 - INFO - 第1742局
2025-11-29 17:07:10,055 - INFO - 2赢了
2025-11-29 17:07:10,055 - INFO - 第1743局
2025-11-29 17:07:12,291 - INFO - 2赢了
2025-11-29 17:07:12,291 - INFO - 第1744局
2025-11-29 17:07:13,245 - INFO - 2赢了
2025-11-29 17:07:13,245 - INFO - 第1745局
2025-11-29 17:07:16,717 - INFO - 2赢了
2025-11-29 17:07:16,717 - INFO - 第1746局
2025-11-29 17:07:18,655 - INFO - 2赢了
2025-11-29 17:07:18,655 - INFO - 第1747局
2025-11-29 17:07:20,886 - INFO - 2赢了
2025-11-29 17:07:20,886 - INFO - 第1748局
2025-11-29 17:07:21,959 - INFO - 2赢了
2025-11-29 17:07:21,959 - INFO - 第1749局
2025-11-29 17:07:22,923 - INFO - 2赢了
2025-11-29 17:07:22,923 - INFO - 第1750局
2025-11-29 17:07:24,715 - INFO - 2赢了
2025-11-29 17:07:24,734 - INFO - Epoch: 0, Loss: 1.7311, Policy: 1.7098, Value: 0.0533
2025-11-29 17:07:25,323 - INFO - Epoch: 100, Loss: 1.7796, Policy: 1.7586, Value: 0.0525
2025-11-29 17:07:25,826 - INFO - Epoch: 200, Loss: 1.9048, Policy: 1.8914, Value: 0.0335
2025-11-29 17:07:26,327 - INFO - Epoch: 300, Loss: 1.7854, Policy: 1.7773, Value: 0.0202
2025-11-29 17:07:26,832 - INFO - Epoch: 400, Loss: 1.9181, Policy: 1.9078, Value: 0.0257
2025-11-29 17:07:27,346 - INFO - Epoch: 500, Loss: 1.9344, Policy: 1.9194, Value: 0.0375
2025-11-29 17:07:27,867 - INFO - Epoch: 600, Loss: 1.8440, Policy: 1.8355, Value: 0.0212
2025-11-29 17:07:28,378 - INFO - Epoch: 700, Loss: 1.7495, Policy: 1.7407, Value: 0.0220
2025-11-29 17:07:28,890 - INFO - Epoch: 800, Loss: 1.9165, Policy: 1.9049, Value: 0.0290
2025-11-29 17:07:29,403 - INFO - Epoch: 900, Loss: 1.8962, Policy: 1.8825, Value: 0.0343
2025-11-29 17:07:29,920 - INFO - Epoch: 1000, Loss: 1.8882, Policy: 1.8634, Value: 0.0619
2025-11-29 17:07:29,924 - INFO - 训练结束，最新模型已保存到 model.pth
2025-11-29 17:07:29,924 - INFO - 第1751局
2025-11-29 17:07:33,766 - INFO - 1赢了
2025-11-29 17:07:33,766 - INFO - 第1752局
2025-11-29 17:07:36,468 - INFO - 2赢了
2025-11-29 17:07:36,468 - INFO - 第1753局
2025-11-29 17:07:38,723 - INFO - 1赢了
2025-11-29 17:07:38,723 - INFO - 第1754局
2025-11-29 17:07:39,671 - INFO - 2赢了
2025-11-29 17:07:39,671 - INFO - 第1755局
2025-11-29 17:07:40,743 - INFO - 2赢了
2025-11-29 17:07:40,743 - INFO - 第1756局
2025-11-29 17:07:41,710 - INFO - 2赢了
2025-11-29 17:07:41,710 - INFO - 第1757局
2025-11-29 17:07:42,924 - INFO - 1赢了
2025-11-29 17:07:42,924 - INFO - 第1758局
2025-11-29 17:07:45,190 - INFO - 2赢了
2025-11-29 17:07:45,190 - INFO - 第1759局
2025-11-29 17:07:46,415 - INFO - 1赢了
2025-11-29 17:07:46,415 - INFO - 第1760局
2025-11-29 17:07:47,841 - INFO - 2赢了
2025-11-29 17:07:47,860 - INFO - Epoch: 0, Loss: 1.9001, Policy: 1.8906, Value: 0.0239
2025-11-29 17:07:48,454 - INFO - Epoch: 100, Loss: 1.8838, Policy: 1.8744, Value: 0.0234
2025-11-29 17:07:48,948 - INFO - Epoch: 200, Loss: 1.9140, Policy: 1.8911, Value: 0.0571
2025-11-29 17:07:49,445 - INFO - Epoch: 300, Loss: 1.9354, Policy: 1.9199, Value: 0.0387
2025-11-29 17:07:49,941 - INFO - Epoch: 400, Loss: 1.8932, Policy: 1.8809, Value: 0.0309
2025-11-29 17:07:50,453 - INFO - Epoch: 500, Loss: 1.8060, Policy: 1.7953, Value: 0.0269
2025-11-29 17:07:50,948 - INFO - Epoch: 600, Loss: 1.7323, Policy: 1.7203, Value: 0.0300
2025-11-29 17:07:51,444 - INFO - Epoch: 700, Loss: 2.0087, Policy: 1.9972, Value: 0.0288
2025-11-29 17:07:51,947 - INFO - Epoch: 800, Loss: 1.6836, Policy: 1.6762, Value: 0.0186
2025-11-29 17:07:52,463 - INFO - Epoch: 900, Loss: 1.6834, Policy: 1.6698, Value: 0.0341
2025-11-29 17:07:52,974 - INFO - Epoch: 1000, Loss: 1.8531, Policy: 1.8247, Value: 0.0710
2025-11-29 17:07:52,977 - INFO - 训练结束，最新模型已保存到 model.pth
2025-11-29 17:07:52,978 - INFO - 第1761局
2025-11-29 17:07:55,438 - INFO - 1赢了
2025-11-29 17:07:55,438 - INFO - 第1762局
2025-11-29 17:07:56,563 - INFO - 2赢了
2025-11-29 17:07:56,563 - INFO - 第1763局
2025-11-29 17:07:58,379 - INFO - 2赢了
2025-11-29 17:07:58,379 - INFO - 第1764局
2025-11-29 17:08:00,279 - INFO - 2赢了
2025-11-29 17:08:00,279 - INFO - 第1765局
2025-11-29 17:08:01,157 - INFO - 2赢了
2025-11-29 17:08:01,157 - INFO - 第1766局
2025-11-29 17:08:02,164 - INFO - 2赢了
2025-11-29 17:08:02,165 - INFO - 第1767局
2025-11-29 17:08:04,631 - INFO - 2赢了
2025-11-29 17:08:04,632 - INFO - 第1768局
2025-11-29 17:08:08,811 - INFO - 2赢了
2025-11-29 17:08:08,811 - INFO - 第1769局
2025-11-29 17:08:10,855 - INFO - 1赢了
2025-11-29 17:08:10,855 - INFO - 第1770局
2025-11-29 17:08:11,711 - INFO - 2赢了
2025-11-29 17:08:11,726 - INFO - Epoch: 0, Loss: 1.9055, Policy: 1.8933, Value: 0.0304
2025-11-29 17:08:12,320 - INFO - Epoch: 100, Loss: 1.8615, Policy: 1.8446, Value: 0.0424
2025-11-29 17:08:12,885 - INFO - Epoch: 200, Loss: 1.7898, Policy: 1.7803, Value: 0.0238
2025-11-29 17:08:13,411 - INFO - Epoch: 300, Loss: 1.9371, Policy: 1.9130, Value: 0.0604
2025-11-29 17:08:13,997 - INFO - Epoch: 400, Loss: 1.9252, Policy: 1.9108, Value: 0.0362
2025-11-29 17:08:14,496 - INFO - Epoch: 500, Loss: 1.9860, Policy: 1.9589, Value: 0.0679
2025-11-29 17:08:15,014 - INFO - Epoch: 600, Loss: 1.7569, Policy: 1.7459, Value: 0.0275
2025-11-29 17:08:15,515 - INFO - Epoch: 700, Loss: 1.7164, Policy: 1.7097, Value: 0.0167
2025-11-29 17:08:16,040 - INFO - Epoch: 800, Loss: 1.8518, Policy: 1.8386, Value: 0.0330
2025-11-29 17:08:16,593 - INFO - Epoch: 900, Loss: 1.9579, Policy: 1.9478, Value: 0.0252
2025-11-29 17:08:17,127 - INFO - Epoch: 1000, Loss: 1.8857, Policy: 1.8717, Value: 0.0351
2025-11-29 17:08:17,131 - INFO - 训练结束，最新模型已保存到 model.pth
2025-11-29 17:08:17,132 - INFO - 第1771局
2025-11-29 17:08:19,047 - INFO - 1赢了
2025-11-29 17:08:19,047 - INFO - 第1772局
2025-11-29 17:08:21,021 - INFO - 2赢了
2025-11-29 17:08:21,022 - INFO - 第1773局
2025-11-29 17:08:26,132 - INFO - 1赢了
2025-11-29 17:08:26,132 - INFO - 第1774局
2025-11-29 17:08:28,753 - INFO - 2赢了
2025-11-29 17:08:28,753 - INFO - 第1775局
2025-11-29 17:08:31,827 - INFO - 2赢了
2025-11-29 17:08:31,828 - INFO - 第1776局
2025-11-29 17:08:33,035 - INFO - 1赢了
2025-11-29 17:08:33,035 - INFO - 第1777局
2025-11-29 17:08:34,127 - INFO - 2赢了
2025-11-29 17:08:34,127 - INFO - 第1778局
2025-11-29 17:08:35,853 - INFO - 2赢了
2025-11-29 17:08:35,853 - INFO - 第1779局
2025-11-29 17:08:37,346 - INFO - 2赢了
2025-11-29 17:08:37,346 - INFO - 第1780局
2025-11-29 17:08:40,549 - INFO - 2赢了
2025-11-29 17:08:40,563 - INFO - Epoch: 0, Loss: 1.8483, Policy: 1.8348, Value: 0.0338
2025-11-29 17:08:41,132 - INFO - Epoch: 100, Loss: 1.7583, Policy: 1.7407, Value: 0.0438
2025-11-29 17:08:41,632 - INFO - Epoch: 200, Loss: 1.7255, Policy: 1.7171, Value: 0.0211
2025-11-29 17:08:42,146 - INFO - Epoch: 300, Loss: 2.0798, Policy: 2.0599, Value: 0.0498
2025-11-29 17:08:42,635 - INFO - Epoch: 400, Loss: 1.8206, Policy: 1.8054, Value: 0.0380
2025-11-29 17:08:43,139 - INFO - Epoch: 500, Loss: 1.8905, Policy: 1.8783, Value: 0.0305
2025-11-29 17:08:43,633 - INFO - Epoch: 600, Loss: 1.9714, Policy: 1.9588, Value: 0.0313
2025-11-29 17:08:44,148 - INFO - Epoch: 700, Loss: 1.8778, Policy: 1.8673, Value: 0.0263
2025-11-29 17:08:44,648 - INFO - Epoch: 800, Loss: 1.8221, Policy: 1.8142, Value: 0.0199
2025-11-29 17:08:45,167 - INFO - Epoch: 900, Loss: 1.8667, Policy: 1.8558, Value: 0.0273
2025-11-29 17:08:45,668 - INFO - Epoch: 1000, Loss: 1.8492, Policy: 1.8351, Value: 0.0355
2025-11-29 17:08:45,671 - INFO - 训练结束，最新模型已保存到 model.pth
2025-11-29 17:08:45,672 - INFO - 第1781局
2025-11-29 17:08:47,654 - INFO - 2赢了
2025-11-29 17:08:47,655 - INFO - 第1782局
2025-11-29 17:08:51,438 - INFO - 2赢了
2025-11-29 17:08:51,439 - INFO - 第1783局
2025-11-29 17:08:53,073 - INFO - 2赢了
2025-11-29 17:08:53,073 - INFO - 第1784局
2025-11-29 17:08:58,527 - INFO - 2赢了
2025-11-29 17:08:58,527 - INFO - 第1785局
2025-11-29 17:09:00,863 - INFO - 2赢了
2025-11-29 17:09:00,863 - INFO - 第1786局
2025-11-29 17:09:01,879 - INFO - 2赢了
2025-11-29 17:09:01,879 - INFO - 第1787局
2025-11-29 17:09:03,165 - INFO - 1赢了
2025-11-29 17:09:03,165 - INFO - 第1788局
2025-11-29 17:09:06,671 - INFO - 1赢了
2025-11-29 17:09:06,671 - INFO - 第1789局
2025-11-29 17:09:08,409 - INFO - 2赢了
2025-11-29 17:09:08,409 - INFO - 第1790局
2025-11-29 17:09:11,149 - INFO - 2赢了
2025-11-29 17:09:11,174 - INFO - Epoch: 0, Loss: 1.8656, Policy: 1.8516, Value: 0.0349
2025-11-29 17:09:11,779 - INFO - Epoch: 100, Loss: 1.9569, Policy: 1.9468, Value: 0.0252
2025-11-29 17:09:13,716 - INFO - Epoch: 200, Loss: 1.8580, Policy: 1.8480, Value: 0.0249
2025-11-29 17:09:14,231 - INFO - Epoch: 300, Loss: 1.7040, Policy: 1.6877, Value: 0.0409
2025-11-29 17:09:14,748 - INFO - Epoch: 400, Loss: 1.7501, Policy: 1.7321, Value: 0.0450
2025-11-29 17:09:15,276 - INFO - Epoch: 500, Loss: 1.8922, Policy: 1.8687, Value: 0.0588
2025-11-29 17:09:15,783 - INFO - Epoch: 600, Loss: 1.9903, Policy: 1.9791, Value: 0.0280
2025-11-29 17:09:16,294 - INFO - Epoch: 700, Loss: 1.8484, Policy: 1.8415, Value: 0.0173
2025-11-29 17:09:16,793 - INFO - Epoch: 800, Loss: 1.8075, Policy: 1.7947, Value: 0.0320
2025-11-29 17:09:17,289 - INFO - Epoch: 900, Loss: 1.7549, Policy: 1.7409, Value: 0.0349
2025-11-29 17:09:17,790 - INFO - Epoch: 1000, Loss: 1.8605, Policy: 1.8489, Value: 0.0289
2025-11-29 17:09:17,794 - INFO - 训练结束，最新模型已保存到 model.pth
2025-11-29 17:09:17,795 - INFO - 第1791局
2025-11-29 17:09:18,963 - INFO - 1赢了
2025-11-29 17:09:18,963 - INFO - 第1792局
2025-11-29 17:09:20,269 - INFO - 2赢了
2025-11-29 17:09:20,269 - INFO - 第1793局
2025-11-29 17:09:21,422 - INFO - 1赢了
2025-11-29 17:09:21,422 - INFO - 第1794局
2025-11-29 17:09:22,643 - INFO - 2赢了
2025-11-29 17:09:22,644 - INFO - 第1795局
2025-11-29 17:09:24,300 - INFO - 2赢了
2025-11-29 17:09:24,300 - INFO - 第1796局
2025-11-29 17:09:25,557 - INFO - 1赢了
2025-11-29 17:09:25,557 - INFO - 第1797局
2025-11-29 17:09:26,595 - INFO - 2赢了
2025-11-29 17:09:26,595 - INFO - 第1798局
2025-11-29 17:09:28,491 - INFO - 2赢了
2025-11-29 17:09:28,491 - INFO - 第1799局
2025-11-29 17:09:32,314 - INFO - 2赢了
2025-11-29 17:09:32,314 - INFO - 第1800局
2025-11-29 17:09:33,649 - INFO - 1赢了
2025-11-29 17:09:33,668 - INFO - Epoch: 0, Loss: 1.8179, Policy: 1.8083, Value: 0.0241
2025-11-29 17:09:34,279 - INFO - Epoch: 100, Loss: 1.7513, Policy: 1.7404, Value: 0.0272
2025-11-29 17:09:34,787 - INFO - Epoch: 200, Loss: 1.9542, Policy: 1.9410, Value: 0.0332
2025-11-29 17:09:35,284 - INFO - Epoch: 300, Loss: 1.9452, Policy: 1.9291, Value: 0.0403
2025-11-29 17:09:35,809 - INFO - Epoch: 400, Loss: 1.8829, Policy: 1.8654, Value: 0.0437
2025-11-29 17:09:36,328 - INFO - Epoch: 500, Loss: 1.8026, Policy: 1.7911, Value: 0.0288
2025-11-29 17:09:36,836 - INFO - Epoch: 600, Loss: 1.8398, Policy: 1.8246, Value: 0.0381
2025-11-29 17:09:37,359 - INFO - Epoch: 700, Loss: 1.9080, Policy: 1.8957, Value: 0.0307
2025-11-29 17:09:37,860 - INFO - Epoch: 800, Loss: 1.9558, Policy: 1.9458, Value: 0.0249
2025-11-29 17:09:38,362 - INFO - Epoch: 900, Loss: 1.8284, Policy: 1.8159, Value: 0.0313
2025-11-29 17:09:38,859 - INFO - Epoch: 1000, Loss: 1.8736, Policy: 1.8566, Value: 0.0424
2025-11-29 17:09:38,863 - INFO - 训练结束，最新模型已保存到 model.pth
2025-11-29 17:09:38,864 - INFO - 保存模型快照: /home/ktfine/IAteamwork/AlphaZero_Five/models/model_game_1800.pth
2025-11-29 17:09:38,865 - INFO - 缓存区数据量: 16681
2025-11-29 17:09:40,314 - INFO - 第1801局
2025-11-29 17:09:41,412 - INFO - 2赢了
2025-11-29 17:09:41,412 - INFO - 第1802局
2025-11-29 17:09:44,009 - INFO - 2赢了
2025-11-29 17:09:44,009 - INFO - 第1803局
2025-11-29 17:09:47,254 - INFO - 2赢了
2025-11-29 17:09:47,254 - INFO - 第1804局
2025-11-29 17:09:48,554 - INFO - 1赢了
2025-11-29 17:09:48,554 - INFO - 第1805局
2025-11-29 17:09:50,073 - INFO - 2赢了
2025-11-29 17:09:50,074 - INFO - 第1806局
2025-11-29 17:09:51,509 - INFO - 2赢了
2025-11-29 17:09:51,509 - INFO - 第1807局
2025-11-29 17:09:53,090 - INFO - 2赢了
2025-11-29 17:09:53,090 - INFO - 第1808局
2025-11-29 17:09:54,532 - INFO - 2赢了
2025-11-29 17:09:54,532 - INFO - 第1809局
2025-11-29 17:09:56,165 - INFO - 2赢了
2025-11-29 17:09:56,165 - INFO - 第1810局
2025-11-29 17:09:58,663 - INFO - 1赢了
2025-11-29 17:09:58,680 - INFO - Epoch: 0, Loss: 1.8394, Policy: 1.8274, Value: 0.0299
2025-11-29 17:09:59,265 - INFO - Epoch: 100, Loss: 1.8504, Policy: 1.8354, Value: 0.0374
2025-11-29 17:09:59,758 - INFO - Epoch: 200, Loss: 1.7559, Policy: 1.7340, Value: 0.0549
2025-11-29 17:10:00,270 - INFO - Epoch: 300, Loss: 1.9533, Policy: 1.9320, Value: 0.0534
2025-11-29 17:10:00,774 - INFO - Epoch: 400, Loss: 1.7395, Policy: 1.7246, Value: 0.0374
2025-11-29 17:10:01,278 - INFO - Epoch: 500, Loss: 1.5956, Policy: 1.5875, Value: 0.0203
2025-11-29 17:10:01,771 - INFO - Epoch: 600, Loss: 1.8483, Policy: 1.8261, Value: 0.0555
2025-11-29 17:10:02,284 - INFO - Epoch: 700, Loss: 1.7017, Policy: 1.6900, Value: 0.0295
2025-11-29 17:10:02,786 - INFO - Epoch: 800, Loss: 1.8348, Policy: 1.8265, Value: 0.0207
2025-11-29 17:10:03,295 - INFO - Epoch: 900, Loss: 1.9057, Policy: 1.8979, Value: 0.0195
2025-11-29 17:10:03,824 - INFO - Epoch: 1000, Loss: 1.7756, Policy: 1.7644, Value: 0.0281
2025-11-29 17:10:03,828 - INFO - 训练结束，最新模型已保存到 model.pth
2025-11-29 17:10:03,829 - INFO - 第1811局
2025-11-29 17:10:05,562 - INFO - 1赢了
2025-11-29 17:10:05,563 - INFO - 第1812局
2025-11-29 17:10:07,188 - INFO - 2赢了
2025-11-29 17:10:07,188 - INFO - 第1813局
2025-11-29 17:10:09,151 - INFO - 1赢了
2025-11-29 17:10:09,151 - INFO - 第1814局
2025-11-29 17:10:10,177 - INFO - 2赢了
2025-11-29 17:10:10,177 - INFO - 第1815局
2025-11-29 17:10:12,191 - INFO - 2赢了
2025-11-29 17:10:12,191 - INFO - 第1816局
2025-11-29 17:10:14,670 - INFO - 2赢了
2025-11-29 17:10:14,670 - INFO - 第1817局
2025-11-29 17:10:16,419 - INFO - 2赢了
2025-11-29 17:10:16,419 - INFO - 第1818局
2025-11-29 17:10:17,613 - INFO - 2赢了
2025-11-29 17:10:17,613 - INFO - 第1819局
2025-11-29 17:10:20,901 - INFO - 2赢了
2025-11-29 17:10:20,901 - INFO - 第1820局
2025-11-29 17:10:23,066 - INFO - 2赢了
2025-11-29 17:10:23,085 - INFO - Epoch: 0, Loss: 1.8436, Policy: 1.8297, Value: 0.0346
2025-11-29 17:10:23,730 - INFO - Epoch: 100, Loss: 1.8533, Policy: 1.8364, Value: 0.0422
2025-11-29 17:10:24,287 - INFO - Epoch: 200, Loss: 1.9662, Policy: 1.9485, Value: 0.0442
2025-11-29 17:10:24,852 - INFO - Epoch: 300, Loss: 1.9631, Policy: 1.9383, Value: 0.0621
2025-11-29 17:10:25,425 - INFO - Epoch: 400, Loss: 1.8403, Policy: 1.8310, Value: 0.0234
2025-11-29 17:10:25,985 - INFO - Epoch: 500, Loss: 1.9072, Policy: 1.8952, Value: 0.0300
2025-11-29 17:10:26,544 - INFO - Epoch: 600, Loss: 1.6656, Policy: 1.6410, Value: 0.0616
2025-11-29 17:10:27,091 - INFO - Epoch: 700, Loss: 1.8726, Policy: 1.8588, Value: 0.0344
2025-11-29 17:10:27,635 - INFO - Epoch: 800, Loss: 1.8636, Policy: 1.8550, Value: 0.0214
2025-11-29 17:10:28,165 - INFO - Epoch: 900, Loss: 1.8223, Policy: 1.8106, Value: 0.0293
2025-11-29 17:10:28,712 - INFO - Epoch: 1000, Loss: 1.9069, Policy: 1.8953, Value: 0.0289
2025-11-29 17:10:28,716 - INFO - 训练结束，最新模型已保存到 model.pth
2025-11-29 17:10:28,717 - INFO - 第1821局
2025-11-29 17:10:31,050 - INFO - 1赢了
2025-11-29 17:10:31,051 - INFO - 第1822局
2025-11-29 17:10:32,995 - INFO - 2赢了
2025-11-29 17:10:32,995 - INFO - 第1823局
2025-11-29 17:10:36,121 - INFO - 2赢了
2025-11-29 17:10:36,121 - INFO - 第1824局
2025-11-29 17:10:37,984 - INFO - 2赢了
2025-11-29 17:10:37,985 - INFO - 第1825局
2025-11-29 17:10:38,924 - INFO - 2赢了
2025-11-29 17:10:38,924 - INFO - 第1826局
2025-11-29 17:10:40,248 - INFO - 2赢了
2025-11-29 17:10:40,249 - INFO - 第1827局
2025-11-29 17:10:41,472 - INFO - 2赢了
2025-11-29 17:10:41,472 - INFO - 第1828局
2025-11-29 17:10:43,144 - INFO - 2赢了
2025-11-29 17:10:43,144 - INFO - 第1829局
2025-11-29 17:10:44,940 - INFO - 2赢了
2025-11-29 17:10:44,940 - INFO - 第1830局
2025-11-29 17:10:45,855 - INFO - 2赢了
2025-11-29 17:10:45,868 - INFO - Epoch: 0, Loss: 1.8780, Policy: 1.8666, Value: 0.0286
2025-11-29 17:10:46,451 - INFO - Epoch: 100, Loss: 1.7751, Policy: 1.7632, Value: 0.0296
2025-11-29 17:10:46,976 - INFO - Epoch: 200, Loss: 2.0005, Policy: 1.9769, Value: 0.0590
2025-11-29 17:10:47,479 - INFO - Epoch: 300, Loss: 1.7916, Policy: 1.7789, Value: 0.0316
2025-11-29 17:10:47,979 - INFO - Epoch: 400, Loss: 1.8865, Policy: 1.8729, Value: 0.0338
2025-11-29 17:10:48,490 - INFO - Epoch: 500, Loss: 1.9390, Policy: 1.9286, Value: 0.0260
2025-11-29 17:10:49,003 - INFO - Epoch: 600, Loss: 2.1035, Policy: 2.0924, Value: 0.0276
2025-11-29 17:10:49,516 - INFO - Epoch: 700, Loss: 1.9282, Policy: 1.9202, Value: 0.0201
2025-11-29 17:10:50,024 - INFO - Epoch: 800, Loss: 1.7733, Policy: 1.7548, Value: 0.0463
2025-11-29 17:10:50,537 - INFO - Epoch: 900, Loss: 1.8742, Policy: 1.8642, Value: 0.0250
2025-11-29 17:10:51,042 - INFO - Epoch: 1000, Loss: 1.8081, Policy: 1.7981, Value: 0.0251
2025-11-29 17:10:51,046 - INFO - 训练结束，最新模型已保存到 model.pth
2025-11-29 17:10:51,047 - INFO - 第1831局
2025-11-29 17:10:52,267 - INFO - 1赢了
2025-11-29 17:10:52,267 - INFO - 第1832局
2025-11-29 17:10:55,530 - INFO - 2赢了
2025-11-29 17:10:55,530 - INFO - 第1833局
2025-11-29 17:11:00,022 - INFO - 2赢了
2025-11-29 17:11:00,022 - INFO - 第1834局
2025-11-29 17:11:02,707 - INFO - 1赢了
2025-11-29 17:11:02,707 - INFO - 第1835局
2025-11-29 17:11:05,315 - INFO - 2赢了
2025-11-29 17:11:05,315 - INFO - 第1836局
2025-11-29 17:11:07,873 - INFO - 1赢了
2025-11-29 17:11:07,873 - INFO - 第1837局
2025-11-29 17:11:09,707 - INFO - 2赢了
2025-11-29 17:11:09,707 - INFO - 第1838局
2025-11-29 17:11:11,457 - INFO - 2赢了
2025-11-29 17:11:11,457 - INFO - 第1839局
2025-11-29 17:11:14,130 - INFO - 2赢了
2025-11-29 17:11:14,130 - INFO - 第1840局
2025-11-29 17:11:15,165 - INFO - 2赢了
2025-11-29 17:11:15,183 - INFO - Epoch: 0, Loss: 1.8601, Policy: 1.8498, Value: 0.0257
2025-11-29 17:11:15,812 - INFO - Epoch: 100, Loss: 1.7390, Policy: 1.7218, Value: 0.0430
2025-11-29 17:11:16,392 - INFO - Epoch: 200, Loss: 1.9027, Policy: 1.8909, Value: 0.0296
2025-11-29 17:11:16,939 - INFO - Epoch: 300, Loss: 1.8637, Policy: 1.8463, Value: 0.0435
2025-11-29 17:11:17,477 - INFO - Epoch: 400, Loss: 1.8792, Policy: 1.8635, Value: 0.0393
2025-11-29 17:11:18,002 - INFO - Epoch: 500, Loss: 1.7982, Policy: 1.7852, Value: 0.0327
2025-11-29 17:11:18,547 - INFO - Epoch: 600, Loss: 1.8693, Policy: 1.8529, Value: 0.0408
2025-11-29 17:11:19,094 - INFO - Epoch: 700, Loss: 1.7722, Policy: 1.7595, Value: 0.0318
2025-11-29 17:11:19,638 - INFO - Epoch: 800, Loss: 1.7969, Policy: 1.7735, Value: 0.0583
2025-11-29 17:11:20,195 - INFO - Epoch: 900, Loss: 1.8171, Policy: 1.7986, Value: 0.0462
2025-11-29 17:11:20,718 - INFO - Epoch: 1000, Loss: 1.8621, Policy: 1.8521, Value: 0.0252
2025-11-29 17:11:20,722 - INFO - 训练结束，最新模型已保存到 model.pth
2025-11-29 17:11:20,723 - INFO - 第1841局
2025-11-29 17:11:24,771 - INFO - 2赢了
2025-11-29 17:11:24,771 - INFO - 第1842局
2025-11-29 17:11:26,554 - INFO - 2赢了
2025-11-29 17:11:26,554 - INFO - 第1843局
2025-11-29 17:11:29,295 - INFO - 1赢了
2025-11-29 17:11:29,295 - INFO - 第1844局
2025-11-29 17:11:30,604 - INFO - 2赢了
2025-11-29 17:11:30,604 - INFO - 第1845局
2025-11-29 17:11:32,929 - INFO - 2赢了
2025-11-29 17:11:32,929 - INFO - 第1846局
2025-11-29 17:11:34,471 - INFO - 2赢了
2025-11-29 17:11:34,471 - INFO - 第1847局
2025-11-29 17:11:36,271 - INFO - 2赢了
2025-11-29 17:11:36,271 - INFO - 第1848局
2025-11-29 17:11:37,650 - INFO - 2赢了
2025-11-29 17:11:37,650 - INFO - 第1849局
2025-11-29 17:11:38,890 - INFO - 2赢了
2025-11-29 17:11:38,890 - INFO - 第1850局
2025-11-29 17:11:40,058 - INFO - 2赢了
2025-11-29 17:11:40,077 - INFO - Epoch: 0, Loss: 1.7492, Policy: 1.7318, Value: 0.0435
2025-11-29 17:11:40,675 - INFO - Epoch: 100, Loss: 1.8782, Policy: 1.8468, Value: 0.0785
2025-11-29 17:11:41,196 - INFO - Epoch: 200, Loss: 1.8853, Policy: 1.8489, Value: 0.0909
2025-11-29 17:11:41,710 - INFO - Epoch: 300, Loss: 1.8173, Policy: 1.8030, Value: 0.0357
2025-11-29 17:11:42,215 - INFO - Epoch: 400, Loss: 1.8030, Policy: 1.7917, Value: 0.0281
2025-11-29 17:11:42,719 - INFO - Epoch: 500, Loss: 1.7453, Policy: 1.7289, Value: 0.0410
2025-11-29 17:11:43,231 - INFO - Epoch: 600, Loss: 2.0658, Policy: 2.0532, Value: 0.0315
2025-11-29 17:11:43,732 - INFO - Epoch: 700, Loss: 1.7447, Policy: 1.7343, Value: 0.0260
2025-11-29 17:11:44,250 - INFO - Epoch: 800, Loss: 1.7871, Policy: 1.7770, Value: 0.0252
2025-11-29 17:11:44,753 - INFO - Epoch: 900, Loss: 1.9723, Policy: 1.9523, Value: 0.0499
2025-11-29 17:11:45,243 - INFO - Epoch: 1000, Loss: 1.8163, Policy: 1.8055, Value: 0.0268
2025-11-29 17:11:45,247 - INFO - 训练结束，最新模型已保存到 model.pth
2025-11-29 17:11:45,247 - INFO - 第1851局
2025-11-29 17:11:46,176 - INFO - 2赢了
2025-11-29 17:11:46,176 - INFO - 第1852局
2025-11-29 17:11:47,108 - INFO - 2赢了
2025-11-29 17:11:47,108 - INFO - 第1853局
2025-11-29 17:11:48,551 - INFO - 2赢了
2025-11-29 17:11:48,551 - INFO - 第1854局
2025-11-29 17:11:50,931 - INFO - 2赢了
2025-11-29 17:11:50,931 - INFO - 第1855局
2025-11-29 17:11:52,471 - INFO - 2赢了
2025-11-29 17:11:52,471 - INFO - 第1856局
2025-11-29 17:11:54,821 - INFO - 1赢了
2025-11-29 17:11:54,822 - INFO - 第1857局
2025-11-29 17:11:56,448 - INFO - 2赢了
2025-11-29 17:11:56,448 - INFO - 第1858局
2025-11-29 17:11:57,830 - INFO - 2赢了
2025-11-29 17:11:57,830 - INFO - 第1859局
2025-11-29 17:12:00,428 - INFO - 2赢了
2025-11-29 17:12:00,428 - INFO - 第1860局
2025-11-29 17:12:03,372 - INFO - 1赢了
2025-11-29 17:12:03,385 - INFO - Epoch: 0, Loss: 1.7232, Policy: 1.7066, Value: 0.0416
2025-11-29 17:12:03,949 - INFO - Epoch: 100, Loss: 1.9546, Policy: 1.9391, Value: 0.0387
2025-11-29 17:12:04,455 - INFO - Epoch: 200, Loss: 1.6826, Policy: 1.6723, Value: 0.0259
2025-11-29 17:12:04,980 - INFO - Epoch: 300, Loss: 1.8441, Policy: 1.8332, Value: 0.0273
2025-11-29 17:12:05,510 - INFO - Epoch: 400, Loss: 1.9037, Policy: 1.8874, Value: 0.0407
2025-11-29 17:12:06,042 - INFO - Epoch: 500, Loss: 1.7853, Policy: 1.7752, Value: 0.0252
2025-11-29 17:12:06,568 - INFO - Epoch: 600, Loss: 1.7961, Policy: 1.7870, Value: 0.0229
2025-11-29 17:12:07,058 - INFO - Epoch: 700, Loss: 1.7825, Policy: 1.7659, Value: 0.0415
2025-11-29 17:12:07,543 - INFO - Epoch: 800, Loss: 1.7307, Policy: 1.7196, Value: 0.0275
2025-11-29 17:12:08,034 - INFO - Epoch: 900, Loss: 1.7737, Policy: 1.7640, Value: 0.0243
2025-11-29 17:12:08,548 - INFO - Epoch: 1000, Loss: 1.7718, Policy: 1.7596, Value: 0.0306
2025-11-29 17:12:08,551 - INFO - 训练结束，最新模型已保存到 model.pth
2025-11-29 17:12:08,552 - INFO - 第1861局
2025-11-29 17:12:10,119 - INFO - 1赢了
2025-11-29 17:12:10,119 - INFO - 第1862局
2025-11-29 17:12:11,528 - INFO - 2赢了
2025-11-29 17:12:11,528 - INFO - 第1863局
2025-11-29 17:12:17,950 - INFO - 2赢了
2025-11-29 17:12:17,950 - INFO - 第1864局
2025-11-29 17:12:20,629 - INFO - 2赢了
2025-11-29 17:12:20,629 - INFO - 第1865局
2025-11-29 17:12:22,252 - INFO - 2赢了
2025-11-29 17:12:22,252 - INFO - 第1866局
2025-11-29 17:12:25,191 - INFO - 2赢了
2025-11-29 17:12:25,191 - INFO - 第1867局
2025-11-29 17:12:27,094 - INFO - 2赢了
2025-11-29 17:12:27,094 - INFO - 第1868局
2025-11-29 17:12:30,012 - INFO - 2赢了
2025-11-29 17:12:30,012 - INFO - 第1869局
2025-11-29 17:12:31,662 - INFO - 2赢了
2025-11-29 17:12:31,663 - INFO - 第1870局
2025-11-29 17:12:36,231 - INFO - 2赢了
2025-11-29 17:12:36,249 - INFO - Epoch: 0, Loss: 1.8466, Policy: 1.8301, Value: 0.0413
2025-11-29 17:12:36,859 - INFO - Epoch: 100, Loss: 1.8063, Policy: 1.7932, Value: 0.0327
2025-11-29 17:12:37,354 - INFO - Epoch: 200, Loss: 1.9553, Policy: 1.9464, Value: 0.0224
2025-11-29 17:12:37,849 - INFO - Epoch: 300, Loss: 1.7508, Policy: 1.7399, Value: 0.0272
2025-11-29 17:12:38,350 - INFO - Epoch: 400, Loss: 2.0216, Policy: 2.0081, Value: 0.0338
2025-11-29 17:12:38,860 - INFO - Epoch: 500, Loss: 1.7150, Policy: 1.7022, Value: 0.0322
2025-11-29 17:12:39,356 - INFO - Epoch: 600, Loss: 1.8922, Policy: 1.8725, Value: 0.0492
2025-11-29 17:12:39,873 - INFO - Epoch: 700, Loss: 1.9551, Policy: 1.9428, Value: 0.0307
2025-11-29 17:12:40,414 - INFO - Epoch: 800, Loss: 1.7535, Policy: 1.7378, Value: 0.0392
2025-11-29 17:12:40,962 - INFO - Epoch: 900, Loss: 1.8563, Policy: 1.8445, Value: 0.0295
2025-11-29 17:12:41,496 - INFO - Epoch: 1000, Loss: 1.7949, Policy: 1.7862, Value: 0.0216
2025-11-29 17:12:41,500 - INFO - 训练结束，最新模型已保存到 model.pth
2025-11-29 17:12:41,501 - INFO - 第1871局
2025-11-29 17:12:43,171 - INFO - 2赢了
2025-11-29 17:12:43,171 - INFO - 第1872局
2025-11-29 17:12:48,469 - INFO - 1赢了
2025-11-29 17:12:48,469 - INFO - 第1873局
2025-11-29 17:12:49,845 - INFO - 2赢了
2025-11-29 17:12:49,845 - INFO - 第1874局
2025-11-29 17:12:52,146 - INFO - 2赢了
2025-11-29 17:12:52,146 - INFO - 第1875局
2025-11-29 17:12:56,264 - INFO - 2赢了
2025-11-29 17:12:56,264 - INFO - 第1876局
2025-11-29 17:12:57,363 - INFO - 1赢了
2025-11-29 17:12:57,363 - INFO - 第1877局
2025-11-29 17:12:58,934 - INFO - 2赢了
2025-11-29 17:12:58,935 - INFO - 第1878局
2025-11-29 17:13:00,209 - INFO - 1赢了
2025-11-29 17:13:00,209 - INFO - 第1879局
2025-11-29 17:13:00,991 - INFO - 2赢了
2025-11-29 17:13:00,991 - INFO - 第1880局
2025-11-29 17:13:01,998 - INFO - 2赢了
2025-11-29 17:13:02,017 - INFO - Epoch: 0, Loss: 1.7110, Policy: 1.7018, Value: 0.0228
2025-11-29 17:13:02,638 - INFO - Epoch: 100, Loss: 1.8496, Policy: 1.8352, Value: 0.0360
2025-11-29 17:13:03,157 - INFO - Epoch: 200, Loss: 1.8804, Policy: 1.8621, Value: 0.0457
2025-11-29 17:13:03,660 - INFO - Epoch: 300, Loss: 1.8229, Policy: 1.8111, Value: 0.0295
2025-11-29 17:13:04,167 - INFO - Epoch: 400, Loss: 1.9106, Policy: 1.8929, Value: 0.0442
2025-11-29 17:13:04,670 - INFO - Epoch: 500, Loss: 1.9561, Policy: 1.9407, Value: 0.0385
2025-11-29 17:13:05,162 - INFO - Epoch: 600, Loss: 1.8911, Policy: 1.8784, Value: 0.0318
2025-11-29 17:13:05,668 - INFO - Epoch: 700, Loss: 1.9246, Policy: 1.9122, Value: 0.0309
2025-11-29 17:13:06,243 - INFO - Epoch: 800, Loss: 1.7438, Policy: 1.7265, Value: 0.0431
2025-11-29 17:13:06,749 - INFO - Epoch: 900, Loss: 1.9085, Policy: 1.8908, Value: 0.0441
2025-11-29 17:13:07,268 - INFO - Epoch: 1000, Loss: 1.8407, Policy: 1.8297, Value: 0.0275
2025-11-29 17:13:07,272 - INFO - 训练结束，最新模型已保存到 model.pth
2025-11-29 17:13:07,273 - INFO - 第1881局
2025-11-29 17:13:10,186 - INFO - 1赢了
2025-11-29 17:13:10,187 - INFO - 第1882局
2025-11-29 17:13:12,400 - INFO - 2赢了
2025-11-29 17:13:12,400 - INFO - 第1883局
2025-11-29 17:13:14,533 - INFO - 2赢了
2025-11-29 17:13:14,533 - INFO - 第1884局
2025-11-29 17:13:16,432 - INFO - 1赢了
2025-11-29 17:13:16,433 - INFO - 第1885局
2025-11-29 17:13:17,605 - INFO - 1赢了
2025-11-29 17:13:17,605 - INFO - 第1886局
2025-11-29 17:13:18,987 - INFO - 2赢了
2025-11-29 17:13:18,987 - INFO - 第1887局
2025-11-29 17:13:20,376 - INFO - 1赢了
2025-11-29 17:13:20,376 - INFO - 第1888局
2025-11-29 17:13:24,156 - INFO - 2赢了
2025-11-29 17:13:24,157 - INFO - 第1889局
2025-11-29 17:13:25,599 - INFO - 2赢了
2025-11-29 17:13:25,599 - INFO - 第1890局
2025-11-29 17:13:26,802 - INFO - 1赢了
2025-11-29 17:13:26,815 - INFO - Epoch: 0, Loss: 1.7827, Policy: 1.7743, Value: 0.0211
2025-11-29 17:13:27,412 - INFO - Epoch: 100, Loss: 1.7274, Policy: 1.7169, Value: 0.0263
2025-11-29 17:13:27,932 - INFO - Epoch: 200, Loss: 1.7845, Policy: 1.7734, Value: 0.0277
2025-11-29 17:13:28,429 - INFO - Epoch: 300, Loss: 1.8345, Policy: 1.8227, Value: 0.0294
2025-11-29 17:13:28,928 - INFO - Epoch: 400, Loss: 1.9699, Policy: 1.9600, Value: 0.0247
2025-11-29 17:13:29,435 - INFO - Epoch: 500, Loss: 1.9495, Policy: 1.9236, Value: 0.0650
2025-11-29 17:13:29,959 - INFO - Epoch: 600, Loss: 1.9172, Policy: 1.9062, Value: 0.0276
2025-11-29 17:13:30,472 - INFO - Epoch: 700, Loss: 1.9160, Policy: 1.9071, Value: 0.0221
2025-11-29 17:13:30,985 - INFO - Epoch: 800, Loss: 1.9215, Policy: 1.8998, Value: 0.0542
2025-11-29 17:13:31,488 - INFO - Epoch: 900, Loss: 2.0182, Policy: 2.0032, Value: 0.0374
2025-11-29 17:13:31,985 - INFO - Epoch: 1000, Loss: 1.7624, Policy: 1.7501, Value: 0.0308
2025-11-29 17:13:31,988 - INFO - 训练结束，最新模型已保存到 model.pth
2025-11-29 17:13:31,989 - INFO - 第1891局
2025-11-29 17:13:33,158 - INFO - 2赢了
2025-11-29 17:13:33,158 - INFO - 第1892局
2025-11-29 17:13:34,556 - INFO - 2赢了
2025-11-29 17:13:34,556 - INFO - 第1893局
2025-11-29 17:13:35,523 - INFO - 2赢了
2025-11-29 17:13:35,523 - INFO - 第1894局
2025-11-29 17:13:37,728 - INFO - 1赢了
2025-11-29 17:13:37,728 - INFO - 第1895局
2025-11-29 17:13:38,740 - INFO - 2赢了
2025-11-29 17:13:38,740 - INFO - 第1896局
2025-11-29 17:13:40,052 - INFO - 2赢了
2025-11-29 17:13:40,052 - INFO - 第1897局
2025-11-29 17:13:41,079 - INFO - 2赢了
2025-11-29 17:13:41,079 - INFO - 第1898局
2025-11-29 17:13:42,635 - INFO - 1赢了
2025-11-29 17:13:42,635 - INFO - 第1899局
2025-11-29 17:13:44,085 - INFO - 2赢了
2025-11-29 17:13:44,085 - INFO - 第1900局
2025-11-29 17:13:45,433 - INFO - 1赢了
2025-11-29 17:13:45,451 - INFO - Epoch: 0, Loss: 1.8673, Policy: 1.8574, Value: 0.0248
2025-11-29 17:13:46,031 - INFO - Epoch: 100, Loss: 1.7241, Policy: 1.7096, Value: 0.0362
2025-11-29 17:13:46,535 - INFO - Epoch: 200, Loss: 1.7972, Policy: 1.7815, Value: 0.0393
2025-11-29 17:13:47,026 - INFO - Epoch: 300, Loss: 1.7606, Policy: 1.7503, Value: 0.0256
2025-11-29 17:13:47,531 - INFO - Epoch: 400, Loss: 2.0148, Policy: 2.0058, Value: 0.0225
2025-11-29 17:13:48,031 - INFO - Epoch: 500, Loss: 1.8438, Policy: 1.8298, Value: 0.0351
2025-11-29 17:13:48,532 - INFO - Epoch: 600, Loss: 1.9551, Policy: 1.9347, Value: 0.0510
2025-11-29 17:13:49,021 - INFO - Epoch: 700, Loss: 1.8124, Policy: 1.8019, Value: 0.0262
2025-11-29 17:13:49,529 - INFO - Epoch: 800, Loss: 1.8043, Policy: 1.7958, Value: 0.0213
2025-11-29 17:13:50,035 - INFO - Epoch: 900, Loss: 1.8303, Policy: 1.8185, Value: 0.0294
2025-11-29 17:13:50,528 - INFO - Epoch: 1000, Loss: 1.9845, Policy: 1.9695, Value: 0.0375
2025-11-29 17:13:50,532 - INFO - 训练结束，最新模型已保存到 model.pth
2025-11-29 17:13:50,533 - INFO - 第1901局
2025-11-29 17:13:51,914 - INFO - 2赢了
2025-11-29 17:13:51,914 - INFO - 第1902局
2025-11-29 17:13:53,640 - INFO - 2赢了
2025-11-29 17:13:53,640 - INFO - 第1903局
2025-11-29 17:13:56,675 - INFO - 2赢了
2025-11-29 17:13:56,675 - INFO - 第1904局
2025-11-29 17:14:00,163 - INFO - 2赢了
2025-11-29 17:14:00,163 - INFO - 第1905局
2025-11-29 17:14:02,828 - INFO - 2赢了
2025-11-29 17:14:02,828 - INFO - 第1906局
2025-11-29 17:14:03,887 - INFO - 2赢了
2025-11-29 17:14:03,887 - INFO - 第1907局
2025-11-29 17:14:05,199 - INFO - 1赢了
2025-11-29 17:14:05,199 - INFO - 第1908局
2025-11-29 17:14:06,420 - INFO - 1赢了
2025-11-29 17:14:06,420 - INFO - 第1909局
2025-11-29 17:14:07,420 - INFO - 2赢了
2025-11-29 17:14:07,420 - INFO - 第1910局
2025-11-29 17:14:08,593 - INFO - 2赢了
2025-11-29 17:14:08,607 - INFO - Epoch: 0, Loss: 1.8125, Policy: 1.8006, Value: 0.0299
2025-11-29 17:14:09,222 - INFO - Epoch: 100, Loss: 1.7523, Policy: 1.7408, Value: 0.0286
2025-11-29 17:14:09,789 - INFO - Epoch: 200, Loss: 1.8586, Policy: 1.8451, Value: 0.0339
2025-11-29 17:14:10,332 - INFO - Epoch: 300, Loss: 1.8374, Policy: 1.8134, Value: 0.0601
2025-11-29 17:14:10,879 - INFO - Epoch: 400, Loss: 1.9603, Policy: 1.9494, Value: 0.0272
2025-11-29 17:14:11,434 - INFO - Epoch: 500, Loss: 1.9060, Policy: 1.8947, Value: 0.0282
2025-11-29 17:14:12,011 - INFO - Epoch: 600, Loss: 1.7627, Policy: 1.7521, Value: 0.0267
2025-11-29 17:14:12,537 - INFO - Epoch: 700, Loss: 1.8246, Policy: 1.8127, Value: 0.0298
2025-11-29 17:14:13,078 - INFO - Epoch: 800, Loss: 1.8054, Policy: 1.7896, Value: 0.0394
2025-11-29 17:14:13,607 - INFO - Epoch: 900, Loss: 1.7219, Policy: 1.7100, Value: 0.0297
2025-11-29 17:14:14,145 - INFO - Epoch: 1000, Loss: 1.8968, Policy: 1.8819, Value: 0.0373
2025-11-29 17:14:14,150 - INFO - 训练结束，最新模型已保存到 model.pth
2025-11-29 17:14:14,151 - INFO - 第1911局
2025-11-29 17:14:15,626 - INFO - 2赢了
2025-11-29 17:14:15,627 - INFO - 第1912局
2025-11-29 17:14:17,092 - INFO - 2赢了
2025-11-29 17:14:17,092 - INFO - 第1913局
2025-11-29 17:14:20,537 - INFO - 1赢了
2025-11-29 17:14:20,537 - INFO - 第1914局
2025-11-29 17:14:21,763 - INFO - 1赢了
2025-11-29 17:14:21,763 - INFO - 第1915局
2025-11-29 17:14:23,771 - INFO - 2赢了
2025-11-29 17:14:23,771 - INFO - 第1916局
2025-11-29 17:14:24,928 - INFO - 2赢了
2025-11-29 17:14:24,928 - INFO - 第1917局
2025-11-29 17:14:26,607 - INFO - 2赢了
2025-11-29 17:14:26,607 - INFO - 第1918局
2025-11-29 17:14:27,597 - INFO - 2赢了
2025-11-29 17:14:27,598 - INFO - 第1919局
2025-11-29 17:14:30,639 - INFO - 2赢了
2025-11-29 17:14:30,640 - INFO - 第1920局
2025-11-29 17:14:32,826 - INFO - 2赢了
2025-11-29 17:14:32,838 - INFO - Epoch: 0, Loss: 1.9867, Policy: 1.9706, Value: 0.0403
2025-11-29 17:14:33,426 - INFO - Epoch: 100, Loss: 1.7972, Policy: 1.7817, Value: 0.0387
2025-11-29 17:14:33,935 - INFO - Epoch: 200, Loss: 1.8727, Policy: 1.8599, Value: 0.0319
2025-11-29 17:14:34,433 - INFO - Epoch: 300, Loss: 1.7656, Policy: 1.7559, Value: 0.0243
2025-11-29 17:14:34,934 - INFO - Epoch: 400, Loss: 1.8080, Policy: 1.7943, Value: 0.0342
2025-11-29 17:14:35,442 - INFO - Epoch: 500, Loss: 1.9515, Policy: 1.9380, Value: 0.0336
2025-11-29 17:14:36,007 - INFO - Epoch: 600, Loss: 1.9135, Policy: 1.8989, Value: 0.0366
2025-11-29 17:14:36,498 - INFO - Epoch: 700, Loss: 1.7986, Policy: 1.7837, Value: 0.0375
2025-11-29 17:14:37,055 - INFO - Epoch: 800, Loss: 1.7829, Policy: 1.7713, Value: 0.0290
2025-11-29 17:14:37,560 - INFO - Epoch: 900, Loss: 1.9214, Policy: 1.9087, Value: 0.0318
2025-11-29 17:14:38,076 - INFO - Epoch: 1000, Loss: 1.8337, Policy: 1.8200, Value: 0.0342
2025-11-29 17:14:38,080 - INFO - 训练结束，最新模型已保存到 model.pth
2025-11-29 17:14:38,081 - INFO - 第1921局
2025-11-29 17:14:39,591 - INFO - 2赢了
2025-11-29 17:14:39,591 - INFO - 第1922局
2025-11-29 17:14:40,505 - INFO - 2赢了
2025-11-29 17:14:40,505 - INFO - 第1923局
2025-11-29 17:14:41,715 - INFO - 1赢了
2025-11-29 17:14:41,715 - INFO - 第1924局
2025-11-29 17:14:43,015 - INFO - 1赢了
2025-11-29 17:14:43,016 - INFO - 第1925局
2025-11-29 17:14:43,997 - INFO - 2赢了
2025-11-29 17:14:43,997 - INFO - 第1926局
2025-11-29 17:14:45,231 - INFO - 1赢了
2025-11-29 17:14:45,231 - INFO - 第1927局
2025-11-29 17:14:46,254 - INFO - 2赢了
2025-11-29 17:14:46,254 - INFO - 第1928局
2025-11-29 17:14:50,624 - INFO - 1赢了
2025-11-29 17:14:50,624 - INFO - 第1929局
2025-11-29 17:14:54,185 - INFO - 2赢了
2025-11-29 17:14:54,185 - INFO - 第1930局
2025-11-29 17:14:55,406 - INFO - 2赢了
2025-11-29 17:14:55,419 - INFO - Epoch: 0, Loss: 1.7788, Policy: 1.7659, Value: 0.0323
2025-11-29 17:14:56,008 - INFO - Epoch: 100, Loss: 1.9118, Policy: 1.8969, Value: 0.0372
2025-11-29 17:14:56,539 - INFO - Epoch: 200, Loss: 1.7775, Policy: 1.7655, Value: 0.0302
2025-11-29 17:14:57,062 - INFO - Epoch: 300, Loss: 1.6931, Policy: 1.6720, Value: 0.0528
2025-11-29 17:14:57,557 - INFO - Epoch: 400, Loss: 1.7563, Policy: 1.7481, Value: 0.0205
2025-11-29 17:14:58,058 - INFO - Epoch: 500, Loss: 1.9442, Policy: 1.9319, Value: 0.0307
2025-11-29 17:14:58,557 - INFO - Epoch: 600, Loss: 1.8537, Policy: 1.8455, Value: 0.0204
2025-11-29 17:14:59,065 - INFO - Epoch: 700, Loss: 1.7494, Policy: 1.7396, Value: 0.0243
2025-11-29 17:14:59,574 - INFO - Epoch: 800, Loss: 1.8830, Policy: 1.8658, Value: 0.0430
2025-11-29 17:15:00,080 - INFO - Epoch: 900, Loss: 1.8842, Policy: 1.8713, Value: 0.0324
2025-11-29 17:15:00,589 - INFO - Epoch: 1000, Loss: 1.9392, Policy: 1.9264, Value: 0.0322
2025-11-29 17:15:00,592 - INFO - 训练结束，最新模型已保存到 model.pth
2025-11-29 17:15:00,592 - INFO - 第1931局
2025-11-29 17:15:02,126 - INFO - 2赢了
2025-11-29 17:15:02,127 - INFO - 第1932局
2025-11-29 17:15:03,887 - INFO - 2赢了
2025-11-29 17:15:03,887 - INFO - 第1933局
2025-11-29 17:15:07,228 - INFO - 2赢了
2025-11-29 17:15:07,228 - INFO - 第1934局
2025-11-29 17:15:08,808 - INFO - 2赢了
2025-11-29 17:15:08,808 - INFO - 第1935局
2025-11-29 17:15:10,839 - INFO - 2赢了
2025-11-29 17:15:10,839 - INFO - 第1936局
2025-11-29 17:15:12,284 - INFO - 1赢了
2025-11-29 17:15:12,284 - INFO - 第1937局
2025-11-29 17:15:13,600 - INFO - 1赢了
2025-11-29 17:15:13,600 - INFO - 第1938局
2025-11-29 17:15:15,660 - INFO - 2赢了
2025-11-29 17:15:15,660 - INFO - 第1939局
2025-11-29 17:15:17,078 - INFO - 2赢了
2025-11-29 17:15:17,078 - INFO - 第1940局
2025-11-29 17:15:18,345 - INFO - 2赢了
2025-11-29 17:15:18,362 - INFO - Epoch: 0, Loss: 1.8083, Policy: 1.7918, Value: 0.0413
2025-11-29 17:15:18,937 - INFO - Epoch: 100, Loss: 2.0150, Policy: 2.0051, Value: 0.0248
2025-11-29 17:15:19,435 - INFO - Epoch: 200, Loss: 1.7961, Policy: 1.7777, Value: 0.0460
2025-11-29 17:15:19,939 - INFO - Epoch: 300, Loss: 1.8012, Policy: 1.7891, Value: 0.0303
2025-11-29 17:15:20,465 - INFO - Epoch: 400, Loss: 1.8541, Policy: 1.8410, Value: 0.0326
2025-11-29 17:15:20,995 - INFO - Epoch: 500, Loss: 1.8838, Policy: 1.8738, Value: 0.0250
2025-11-29 17:15:21,507 - INFO - Epoch: 600, Loss: 1.7543, Policy: 1.7426, Value: 0.0291
2025-11-29 17:15:22,018 - INFO - Epoch: 700, Loss: 1.9583, Policy: 1.9483, Value: 0.0250
2025-11-29 17:15:22,523 - INFO - Epoch: 800, Loss: 1.9503, Policy: 1.9404, Value: 0.0247
2025-11-29 17:15:23,023 - INFO - Epoch: 900, Loss: 1.7073, Policy: 1.6948, Value: 0.0311
2025-11-29 17:15:23,528 - INFO - Epoch: 1000, Loss: 1.8341, Policy: 1.8194, Value: 0.0366
2025-11-29 17:15:23,532 - INFO - 训练结束，最新模型已保存到 model.pth
2025-11-29 17:15:23,533 - INFO - 第1941局
2025-11-29 17:15:25,976 - INFO - 2赢了
2025-11-29 17:15:25,976 - INFO - 第1942局
2025-11-29 17:15:27,863 - INFO - 2赢了
2025-11-29 17:15:27,863 - INFO - 第1943局
2025-11-29 17:15:29,348 - INFO - 1赢了
2025-11-29 17:15:29,349 - INFO - 第1944局
2025-11-29 17:15:31,036 - INFO - 2赢了
2025-11-29 17:15:31,037 - INFO - 第1945局
2025-11-29 17:15:32,349 - INFO - 2赢了
2025-11-29 17:15:32,349 - INFO - 第1946局
2025-11-29 17:15:33,583 - INFO - 2赢了
2025-11-29 17:15:33,583 - INFO - 第1947局
2025-11-29 17:15:35,363 - INFO - 2赢了
2025-11-29 17:15:35,363 - INFO - 第1948局
2025-11-29 17:15:37,068 - INFO - 2赢了
2025-11-29 17:15:37,068 - INFO - 第1949局
2025-11-29 17:15:38,221 - INFO - 1赢了
2025-11-29 17:15:38,221 - INFO - 第1950局
2025-11-29 17:15:41,665 - INFO - 1赢了
2025-11-29 17:15:41,683 - INFO - Epoch: 0, Loss: 2.0137, Policy: 2.0025, Value: 0.0280
2025-11-29 17:15:42,273 - INFO - Epoch: 100, Loss: 1.9066, Policy: 1.8926, Value: 0.0350
2025-11-29 17:15:42,780 - INFO - Epoch: 200, Loss: 1.9269, Policy: 1.9127, Value: 0.0355
2025-11-29 17:15:43,308 - INFO - Epoch: 300, Loss: 2.0200, Policy: 2.0054, Value: 0.0366
2025-11-29 17:15:43,830 - INFO - Epoch: 400, Loss: 1.8101, Policy: 1.7964, Value: 0.0343
2025-11-29 17:15:44,359 - INFO - Epoch: 500, Loss: 1.9455, Policy: 1.9313, Value: 0.0356
2025-11-29 17:15:44,877 - INFO - Epoch: 600, Loss: 1.8448, Policy: 1.8294, Value: 0.0384
2025-11-29 17:15:45,404 - INFO - Epoch: 700, Loss: 2.0494, Policy: 2.0383, Value: 0.0278
2025-11-29 17:15:45,980 - INFO - Epoch: 800, Loss: 1.8356, Policy: 1.8139, Value: 0.0545
2025-11-29 17:15:46,505 - INFO - Epoch: 900, Loss: 2.0519, Policy: 2.0431, Value: 0.0219
2025-11-29 17:15:47,030 - INFO - Epoch: 1000, Loss: 1.9041, Policy: 1.8925, Value: 0.0289
2025-11-29 17:15:47,034 - INFO - 训练结束，最新模型已保存到 model.pth
2025-11-29 17:15:47,035 - INFO - 第1951局
2025-11-29 17:15:48,281 - INFO - 2赢了
2025-11-29 17:15:48,282 - INFO - 第1952局
2025-11-29 17:15:50,175 - INFO - 2赢了
2025-11-29 17:15:50,176 - INFO - 第1953局
2025-11-29 17:15:51,746 - INFO - 1赢了
2025-11-29 17:15:51,746 - INFO - 第1954局
2025-11-29 17:15:53,432 - INFO - 2赢了
2025-11-29 17:15:53,432 - INFO - 第1955局
2025-11-29 17:15:54,813 - INFO - 1赢了
2025-11-29 17:15:54,814 - INFO - 第1956局
2025-11-29 17:15:56,595 - INFO - 2赢了
2025-11-29 17:15:56,595 - INFO - 第1957局
2025-11-29 17:15:57,497 - INFO - 2赢了
2025-11-29 17:15:57,497 - INFO - 第1958局
2025-11-29 17:15:59,379 - INFO - 1赢了
2025-11-29 17:15:59,379 - INFO - 第1959局
2025-11-29 17:16:01,940 - INFO - 2赢了
2025-11-29 17:16:01,940 - INFO - 第1960局
2025-11-29 17:16:03,826 - INFO - 2赢了
2025-11-29 17:16:03,846 - INFO - Epoch: 0, Loss: 1.9886, Policy: 1.9784, Value: 0.0254
2025-11-29 17:16:04,488 - INFO - Epoch: 100, Loss: 1.9249, Policy: 1.9125, Value: 0.0310
2025-11-29 17:16:05,033 - INFO - Epoch: 200, Loss: 1.6724, Policy: 1.6580, Value: 0.0360
2025-11-29 17:16:05,573 - INFO - Epoch: 300, Loss: 1.7790, Policy: 1.7653, Value: 0.0343
2025-11-29 17:16:06,097 - INFO - Epoch: 400, Loss: 1.7734, Policy: 1.7638, Value: 0.0239
2025-11-29 17:16:06,611 - INFO - Epoch: 500, Loss: 1.8852, Policy: 1.8723, Value: 0.0320
2025-11-29 17:16:07,110 - INFO - Epoch: 600, Loss: 1.8585, Policy: 1.8476, Value: 0.0273
2025-11-29 17:16:07,644 - INFO - Epoch: 700, Loss: 1.8765, Policy: 1.8648, Value: 0.0293
2025-11-29 17:16:08,183 - INFO - Epoch: 800, Loss: 1.8819, Policy: 1.8708, Value: 0.0276
2025-11-29 17:16:08,719 - INFO - Epoch: 900, Loss: 1.8823, Policy: 1.8681, Value: 0.0355
2025-11-29 17:16:09,302 - INFO - Epoch: 1000, Loss: 2.0106, Policy: 1.9992, Value: 0.0286
2025-11-29 17:16:09,305 - INFO - 训练结束，最新模型已保存到 model.pth
2025-11-29 17:16:09,306 - INFO - 第1961局
2025-11-29 17:16:10,501 - INFO - 1赢了
2025-11-29 17:16:10,501 - INFO - 第1962局
2025-11-29 17:16:12,342 - INFO - 1赢了
2025-11-29 17:16:12,343 - INFO - 第1963局
2025-11-29 17:16:15,679 - INFO - 2赢了
2025-11-29 17:16:15,679 - INFO - 第1964局
2025-11-29 17:16:16,847 - INFO - 1赢了
2025-11-29 17:16:16,847 - INFO - 第1965局
2025-11-29 17:16:18,394 - INFO - 2赢了
2025-11-29 17:16:18,394 - INFO - 第1966局
2025-11-29 17:16:21,838 - INFO - 2赢了
2025-11-29 17:16:21,838 - INFO - 第1967局
2025-11-29 17:16:22,783 - INFO - 2赢了
2025-11-29 17:16:22,784 - INFO - 第1968局
2025-11-29 17:16:26,257 - INFO - 1赢了
2025-11-29 17:16:26,257 - INFO - 第1969局
2025-11-29 17:16:27,748 - INFO - 1赢了
2025-11-29 17:16:27,748 - INFO - 第1970局
2025-11-29 17:16:30,372 - INFO - 2赢了
2025-11-29 17:16:30,385 - INFO - Epoch: 0, Loss: 1.7954, Policy: 1.7735, Value: 0.0546
2025-11-29 17:16:31,035 - INFO - Epoch: 100, Loss: 1.8053, Policy: 1.7978, Value: 0.0187
2025-11-29 17:16:31,614 - INFO - Epoch: 200, Loss: 1.8816, Policy: 1.8680, Value: 0.0342
2025-11-29 17:16:32,191 - INFO - Epoch: 300, Loss: 1.8136, Policy: 1.8008, Value: 0.0320
2025-11-29 17:16:32,773 - INFO - Epoch: 400, Loss: 1.9155, Policy: 1.9049, Value: 0.0266
2025-11-29 17:16:33,346 - INFO - Epoch: 500, Loss: 1.8340, Policy: 1.8212, Value: 0.0321
2025-11-29 17:16:33,877 - INFO - Epoch: 600, Loss: 1.6914, Policy: 1.6778, Value: 0.0340
2025-11-29 17:16:34,412 - INFO - Epoch: 700, Loss: 1.8274, Policy: 1.8141, Value: 0.0332
2025-11-29 17:16:34,917 - INFO - Epoch: 800, Loss: 1.7705, Policy: 1.7601, Value: 0.0260
2025-11-29 17:16:35,432 - INFO - Epoch: 900, Loss: 1.7478, Policy: 1.7397, Value: 0.0202
2025-11-29 17:16:35,945 - INFO - Epoch: 1000, Loss: 1.8294, Policy: 1.8189, Value: 0.0264
2025-11-29 17:16:35,949 - INFO - 训练结束，最新模型已保存到 model.pth
2025-11-29 17:16:35,949 - INFO - 第1971局
2025-11-29 17:16:37,048 - INFO - 1赢了
2025-11-29 17:16:37,048 - INFO - 第1972局
2025-11-29 17:16:38,613 - INFO - 2赢了
2025-11-29 17:16:38,613 - INFO - 第1973局
2025-11-29 17:16:40,236 - INFO - 2赢了
2025-11-29 17:16:40,236 - INFO - 第1974局
2025-11-29 17:16:43,070 - INFO - 2赢了
2025-11-29 17:16:43,070 - INFO - 第1975局
2025-11-29 17:16:45,745 - INFO - 2赢了
2025-11-29 17:16:45,745 - INFO - 第1976局
2025-11-29 17:16:48,746 - INFO - 2赢了
2025-11-29 17:16:48,746 - INFO - 第1977局
2025-11-29 17:16:52,157 - INFO - 1赢了
2025-11-29 17:16:52,157 - INFO - 第1978局
2025-11-29 17:16:54,980 - INFO - 2赢了
2025-11-29 17:16:54,980 - INFO - 第1979局
2025-11-29 17:16:57,022 - INFO - 1赢了
2025-11-29 17:16:57,022 - INFO - 第1980局
2025-11-29 17:17:00,708 - INFO - 2赢了
2025-11-29 17:17:00,722 - INFO - Epoch: 0, Loss: 1.9016, Policy: 1.8903, Value: 0.0282
2025-11-29 17:17:01,341 - INFO - Epoch: 100, Loss: 1.9141, Policy: 1.8993, Value: 0.0371
2025-11-29 17:17:01,879 - INFO - Epoch: 200, Loss: 1.9521, Policy: 1.9385, Value: 0.0341
2025-11-29 17:17:02,379 - INFO - Epoch: 300, Loss: 1.7667, Policy: 1.7494, Value: 0.0432
2025-11-29 17:17:02,874 - INFO - Epoch: 400, Loss: 1.7789, Policy: 1.7655, Value: 0.0335
2025-11-29 17:17:03,383 - INFO - Epoch: 500, Loss: 1.9583, Policy: 1.9499, Value: 0.0209
2025-11-29 17:17:03,905 - INFO - Epoch: 600, Loss: 1.8576, Policy: 1.8452, Value: 0.0308
2025-11-29 17:17:04,434 - INFO - Epoch: 700, Loss: 1.8456, Policy: 1.8310, Value: 0.0364
2025-11-29 17:17:04,979 - INFO - Epoch: 800, Loss: 1.9011, Policy: 1.8871, Value: 0.0351
2025-11-29 17:17:05,495 - INFO - Epoch: 900, Loss: 1.8553, Policy: 1.8405, Value: 0.0371
2025-11-29 17:17:06,047 - INFO - Epoch: 1000, Loss: 1.7445, Policy: 1.7302, Value: 0.0359
2025-11-29 17:17:06,051 - INFO - 训练结束，最新模型已保存到 model.pth
2025-11-29 17:17:06,051 - INFO - 第1981局
2025-11-29 17:17:08,369 - INFO - 1赢了
2025-11-29 17:17:08,369 - INFO - 第1982局
2025-11-29 17:17:09,187 - INFO - 2赢了
2025-11-29 17:17:09,187 - INFO - 第1983局
2025-11-29 17:17:11,224 - INFO - 1赢了
2025-11-29 17:17:11,224 - INFO - 第1984局
2025-11-29 17:17:14,299 - INFO - 2赢了
2025-11-29 17:17:14,299 - INFO - 第1985局
2025-11-29 17:17:15,786 - INFO - 2赢了
2025-11-29 17:17:15,787 - INFO - 第1986局
2025-11-29 17:17:18,210 - INFO - 2赢了
2025-11-29 17:17:18,210 - INFO - 第1987局
2025-11-29 17:17:19,719 - INFO - 2赢了
2025-11-29 17:17:19,719 - INFO - 第1988局
2025-11-29 17:17:22,653 - INFO - 2赢了
2025-11-29 17:17:22,653 - INFO - 第1989局
2025-11-29 17:17:25,382 - INFO - 1赢了
2025-11-29 17:17:25,382 - INFO - 第1990局
2025-11-29 17:17:26,228 - INFO - 2赢了
2025-11-29 17:17:26,246 - INFO - Epoch: 0, Loss: 1.9028, Policy: 1.8913, Value: 0.0289
2025-11-29 17:17:26,883 - INFO - Epoch: 100, Loss: 1.8328, Policy: 1.8184, Value: 0.0360
2025-11-29 17:17:27,453 - INFO - Epoch: 200, Loss: 1.8058, Policy: 1.7903, Value: 0.0386
2025-11-29 17:17:28,027 - INFO - Epoch: 300, Loss: 1.8411, Policy: 1.8295, Value: 0.0290
2025-11-29 17:17:28,613 - INFO - Epoch: 400, Loss: 1.8884, Policy: 1.8753, Value: 0.0328
2025-11-29 17:17:29,195 - INFO - Epoch: 500, Loss: 1.7244, Policy: 1.7090, Value: 0.0384
2025-11-29 17:17:29,760 - INFO - Epoch: 600, Loss: 1.8728, Policy: 1.8636, Value: 0.0232
2025-11-29 17:17:30,335 - INFO - Epoch: 700, Loss: 1.7170, Policy: 1.7066, Value: 0.0260
2025-11-29 17:17:30,897 - INFO - Epoch: 800, Loss: 1.8094, Policy: 1.7975, Value: 0.0296
2025-11-29 17:17:31,440 - INFO - Epoch: 900, Loss: 1.8515, Policy: 1.8403, Value: 0.0280
2025-11-29 17:17:31,970 - INFO - Epoch: 1000, Loss: 1.8817, Policy: 1.8709, Value: 0.0270
2025-11-29 17:17:31,973 - INFO - 训练结束，最新模型已保存到 model.pth
2025-11-29 17:17:31,974 - INFO - 第1991局
2025-11-29 17:17:33,042 - INFO - 1赢了
2025-11-29 17:17:33,042 - INFO - 第1992局
2025-11-29 17:17:34,327 - INFO - 1赢了
2025-11-29 17:17:34,327 - INFO - 第1993局
2025-11-29 17:17:35,267 - INFO - 2赢了
2025-11-29 17:17:35,267 - INFO - 第1994局
2025-11-29 17:17:36,462 - INFO - 2赢了
2025-11-29 17:17:36,462 - INFO - 第1995局
2025-11-29 17:17:37,982 - INFO - 2赢了
2025-11-29 17:17:37,982 - INFO - 第1996局
2025-11-29 17:17:42,889 - INFO - 1赢了
2025-11-29 17:17:42,889 - INFO - 第1997局
2025-11-29 17:17:45,034 - INFO - 2赢了
2025-11-29 17:17:45,034 - INFO - 第1998局
2025-11-29 17:17:46,633 - INFO - 2赢了
2025-11-29 17:17:46,634 - INFO - 第1999局
2025-11-29 17:17:49,621 - INFO - 2赢了
2025-11-29 17:17:49,621 - INFO - 第2000局
2025-11-29 17:17:51,005 - INFO - 1赢了
2025-11-29 17:17:51,025 - INFO - Epoch: 0, Loss: 1.8925, Policy: 1.8817, Value: 0.0269
2025-11-29 17:17:51,600 - INFO - Epoch: 100, Loss: 1.7825, Policy: 1.7651, Value: 0.0437
2025-11-29 17:17:52,101 - INFO - Epoch: 200, Loss: 1.8392, Policy: 1.8266, Value: 0.0316
2025-11-29 17:17:52,608 - INFO - Epoch: 300, Loss: 1.9194, Policy: 1.9061, Value: 0.0334
2025-11-29 17:17:53,113 - INFO - Epoch: 400, Loss: 1.9671, Policy: 1.9544, Value: 0.0317
2025-11-29 17:17:55,003 - INFO - Epoch: 500, Loss: 1.8825, Policy: 1.8714, Value: 0.0278
2025-11-29 17:17:55,518 - INFO - Epoch: 600, Loss: 1.9258, Policy: 1.9139, Value: 0.0299
2025-11-29 17:17:56,017 - INFO - Epoch: 700, Loss: 1.8866, Policy: 1.8741, Value: 0.0313
2025-11-29 17:17:56,513 - INFO - Epoch: 800, Loss: 1.9740, Policy: 1.9521, Value: 0.0547
2025-11-29 17:17:57,021 - INFO - Epoch: 900, Loss: 1.8367, Policy: 1.8196, Value: 0.0427
2025-11-29 17:17:57,524 - INFO - Epoch: 1000, Loss: 1.9316, Policy: 1.9242, Value: 0.0186
2025-11-29 17:17:57,527 - INFO - 训练结束，最新模型已保存到 model.pth
2025-11-29 17:17:57,528 - INFO - 第2001局
2025-11-29 17:17:59,401 - INFO - 1赢了
2025-11-29 17:17:59,401 - INFO - 第2002局
2025-11-29 17:18:00,389 - INFO - 1赢了
2025-11-29 17:18:00,389 - INFO - 第2003局
2025-11-29 17:18:02,938 - INFO - 1赢了
2025-11-29 17:18:02,938 - INFO - 第2004局
2025-11-29 17:18:06,063 - INFO - 2赢了
2025-11-29 17:18:06,064 - INFO - 第2005局
2025-11-29 17:18:08,830 - INFO - 1赢了
2025-11-29 17:18:08,830 - INFO - 第2006局
2025-11-29 17:18:11,057 - INFO - 2赢了
2025-11-29 17:18:11,058 - INFO - 第2007局
2025-11-29 17:18:14,139 - INFO - 2赢了
2025-11-29 17:18:14,139 - INFO - 第2008局
2025-11-29 17:18:15,949 - INFO - 2赢了
2025-11-29 17:18:15,949 - INFO - 第2009局
2025-11-29 17:18:17,652 - INFO - 2赢了
2025-11-29 17:18:17,652 - INFO - 第2010局
2025-11-29 17:18:19,134 - INFO - 2赢了
2025-11-29 17:18:19,153 - INFO - Epoch: 0, Loss: 1.7898, Policy: 1.7727, Value: 0.0429
2025-11-29 17:18:19,749 - INFO - Epoch: 100, Loss: 1.8517, Policy: 1.8381, Value: 0.0339
2025-11-29 17:18:20,270 - INFO - Epoch: 200, Loss: 1.8915, Policy: 1.8788, Value: 0.0318
2025-11-29 17:18:20,796 - INFO - Epoch: 300, Loss: 1.8395, Policy: 1.8247, Value: 0.0370
2025-11-29 17:18:21,371 - INFO - Epoch: 400, Loss: 1.8446, Policy: 1.8329, Value: 0.0293
2025-11-29 17:18:21,918 - INFO - Epoch: 500, Loss: 1.9575, Policy: 1.9385, Value: 0.0477
2025-11-29 17:18:22,434 - INFO - Epoch: 600, Loss: 1.9107, Policy: 1.8955, Value: 0.0379
2025-11-29 17:18:22,974 - INFO - Epoch: 700, Loss: 1.9568, Policy: 1.9400, Value: 0.0420
2025-11-29 17:18:23,492 - INFO - Epoch: 800, Loss: 1.9776, Policy: 1.9586, Value: 0.0474
2025-11-29 17:18:24,012 - INFO - Epoch: 900, Loss: 1.9220, Policy: 1.9083, Value: 0.0343
2025-11-29 17:18:24,527 - INFO - Epoch: 1000, Loss: 1.8157, Policy: 1.8012, Value: 0.0363
2025-11-29 17:18:24,530 - INFO - 训练结束，最新模型已保存到 model.pth
2025-11-29 17:18:24,531 - INFO - 第2011局
2025-11-29 17:18:26,254 - INFO - 2赢了
2025-11-29 17:18:26,254 - INFO - 第2012局
2025-11-29 17:18:29,022 - INFO - 2赢了
2025-11-29 17:18:29,022 - INFO - 第2013局
2025-11-29 17:18:30,063 - INFO - 2赢了
2025-11-29 17:18:30,063 - INFO - 第2014局
2025-11-29 17:18:32,425 - INFO - 2赢了
2025-11-29 17:18:32,425 - INFO - 第2015局
2025-11-29 17:18:34,495 - INFO - 2赢了
2025-11-29 17:18:34,495 - INFO - 第2016局
2025-11-29 17:18:36,179 - INFO - 2赢了
2025-11-29 17:18:36,179 - INFO - 第2017局
2025-11-29 17:18:37,966 - INFO - 2赢了
2025-11-29 17:18:37,966 - INFO - 第2018局
2025-11-29 17:18:40,585 - INFO - 2赢了
2025-11-29 17:18:40,585 - INFO - 第2019局
2025-11-29 17:18:41,515 - INFO - 2赢了
2025-11-29 17:18:41,515 - INFO - 第2020局
2025-11-29 17:18:47,036 - INFO - 2赢了
2025-11-29 17:18:47,071 - INFO - Epoch: 0, Loss: 1.8363, Policy: 1.8239, Value: 0.0312
2025-11-29 17:18:47,735 - INFO - Epoch: 100, Loss: 1.9224, Policy: 1.9093, Value: 0.0327
2025-11-29 17:18:48,311 - INFO - Epoch: 200, Loss: 1.9722, Policy: 1.9459, Value: 0.0656
2025-11-29 17:18:48,893 - INFO - Epoch: 300, Loss: 1.8233, Policy: 1.8108, Value: 0.0312
2025-11-29 17:18:49,418 - INFO - Epoch: 400, Loss: 1.9397, Policy: 1.9257, Value: 0.0351
2025-11-29 17:18:49,964 - INFO - Epoch: 500, Loss: 1.8915, Policy: 1.8818, Value: 0.0243
2025-11-29 17:18:50,503 - INFO - Epoch: 600, Loss: 1.8899, Policy: 1.8637, Value: 0.0655
2025-11-29 17:18:51,054 - INFO - Epoch: 700, Loss: 1.7350, Policy: 1.7223, Value: 0.0317
2025-11-29 17:18:51,566 - INFO - Epoch: 800, Loss: 1.8767, Policy: 1.8680, Value: 0.0218
2025-11-29 17:18:52,088 - INFO - Epoch: 900, Loss: 1.9846, Policy: 1.9731, Value: 0.0289
2025-11-29 17:18:52,615 - INFO - Epoch: 1000, Loss: 1.8923, Policy: 1.8779, Value: 0.0360
2025-11-29 17:18:52,619 - INFO - 训练结束，最新模型已保存到 model.pth
2025-11-29 17:18:52,620 - INFO - 第2021局
2025-11-29 17:18:54,335 - INFO - 2赢了
2025-11-29 17:18:54,336 - INFO - 第2022局
2025-11-29 17:18:56,175 - INFO - 2赢了
2025-11-29 17:18:56,175 - INFO - 第2023局
2025-11-29 17:18:58,261 - INFO - 2赢了
2025-11-29 17:18:58,261 - INFO - 第2024局
2025-11-29 17:18:59,574 - INFO - 2赢了
2025-11-29 17:18:59,574 - INFO - 第2025局
2025-11-29 17:19:00,618 - INFO - 2赢了
2025-11-29 17:19:00,618 - INFO - 第2026局
2025-11-29 17:19:03,073 - INFO - 2赢了
2025-11-29 17:19:03,073 - INFO - 第2027局
2025-11-29 17:19:07,590 - INFO - 1赢了
2025-11-29 17:19:07,590 - INFO - 第2028局
2025-11-29 17:19:08,710 - INFO - 2赢了
2025-11-29 17:19:08,711 - INFO - 第2029局
2025-11-29 17:19:09,683 - INFO - 1赢了
2025-11-29 17:19:09,683 - INFO - 第2030局
2025-11-29 17:19:12,542 - INFO - 1赢了
2025-11-29 17:19:12,559 - INFO - Epoch: 0, Loss: 1.7397, Policy: 1.7287, Value: 0.0275
2025-11-29 17:19:13,152 - INFO - Epoch: 100, Loss: 1.8797, Policy: 1.8591, Value: 0.0517
2025-11-29 17:19:13,653 - INFO - Epoch: 200, Loss: 1.8296, Policy: 1.8186, Value: 0.0274
2025-11-29 17:19:14,140 - INFO - Epoch: 300, Loss: 2.0037, Policy: 1.9891, Value: 0.0365
2025-11-29 17:19:14,640 - INFO - Epoch: 400, Loss: 1.8808, Policy: 1.8691, Value: 0.0292
2025-11-29 17:19:15,133 - INFO - Epoch: 500, Loss: 1.9931, Policy: 1.9771, Value: 0.0402
2025-11-29 17:19:15,656 - INFO - Epoch: 600, Loss: 1.7751, Policy: 1.7634, Value: 0.0293
2025-11-29 17:19:16,179 - INFO - Epoch: 700, Loss: 1.8548, Policy: 1.8456, Value: 0.0230
2025-11-29 17:19:16,667 - INFO - Epoch: 800, Loss: 1.8594, Policy: 1.8493, Value: 0.0252
2025-11-29 17:19:17,151 - INFO - Epoch: 900, Loss: 1.8348, Policy: 1.8273, Value: 0.0188
2025-11-29 17:19:17,646 - INFO - Epoch: 1000, Loss: 1.9778, Policy: 1.9603, Value: 0.0437
2025-11-29 17:19:17,650 - INFO - 训练结束，最新模型已保存到 model.pth
2025-11-29 17:19:17,650 - INFO - 第2031局
2025-11-29 17:19:18,563 - INFO - 1赢了
2025-11-29 17:19:18,563 - INFO - 第2032局
2025-11-29 17:19:19,773 - INFO - 1赢了
2025-11-29 17:19:19,774 - INFO - 第2033局
2025-11-29 17:19:20,758 - INFO - 2赢了
2025-11-29 17:19:20,758 - INFO - 第2034局
2025-11-29 17:19:21,585 - INFO - 2赢了
2025-11-29 17:19:21,585 - INFO - 第2035局
2025-11-29 17:19:23,903 - INFO - 1赢了
2025-11-29 17:19:23,903 - INFO - 第2036局
2025-11-29 17:19:30,398 - INFO - 2赢了
2025-11-29 17:19:30,398 - INFO - 第2037局
2025-11-29 17:19:31,987 - INFO - 1赢了
2025-11-29 17:19:31,987 - INFO - 第2038局
2025-11-29 17:19:33,200 - INFO - 2赢了
2025-11-29 17:19:33,200 - INFO - 第2039局
2025-11-29 17:19:34,960 - INFO - 2赢了
2025-11-29 17:19:34,960 - INFO - 第2040局
2025-11-29 17:19:36,109 - INFO - 1赢了
2025-11-29 17:19:36,121 - INFO - Epoch: 0, Loss: 1.8385, Policy: 1.8284, Value: 0.0252
2025-11-29 17:19:36,710 - INFO - Epoch: 100, Loss: 1.8466, Policy: 1.8316, Value: 0.0374
2025-11-29 17:19:37,227 - INFO - Epoch: 200, Loss: 1.8175, Policy: 1.8073, Value: 0.0255
2025-11-29 17:19:37,755 - INFO - Epoch: 300, Loss: 1.9430, Policy: 1.9309, Value: 0.0303
2025-11-29 17:19:38,251 - INFO - Epoch: 400, Loss: 1.8544, Policy: 1.8453, Value: 0.0229
2025-11-29 17:19:38,752 - INFO - Epoch: 500, Loss: 1.9591, Policy: 1.9459, Value: 0.0330
2025-11-29 17:19:39,252 - INFO - Epoch: 600, Loss: 1.7550, Policy: 1.7464, Value: 0.0215
2025-11-29 17:19:39,757 - INFO - Epoch: 700, Loss: 1.7972, Policy: 1.7816, Value: 0.0390
2025-11-29 17:19:40,250 - INFO - Epoch: 800, Loss: 1.7634, Policy: 1.7549, Value: 0.0211
2025-11-29 17:19:40,738 - INFO - Epoch: 900, Loss: 1.8999, Policy: 1.8889, Value: 0.0275
2025-11-29 17:19:41,238 - INFO - Epoch: 1000, Loss: 1.8792, Policy: 1.8687, Value: 0.0262
2025-11-29 17:19:41,242 - INFO - 训练结束，最新模型已保存到 model.pth
2025-11-29 17:19:41,243 - INFO - 第2041局
2025-11-29 17:19:42,224 - INFO - 1赢了
2025-11-29 17:19:42,224 - INFO - 第2042局
2025-11-29 17:19:43,434 - INFO - 2赢了
2025-11-29 17:19:43,435 - INFO - 第2043局
2025-11-29 17:19:46,646 - INFO - 2赢了
2025-11-29 17:19:46,646 - INFO - 第2044局
2025-11-29 17:19:48,149 - INFO - 2赢了
2025-11-29 17:19:48,150 - INFO - 第2045局
2025-11-29 17:19:49,980 - INFO - 2赢了
2025-11-29 17:19:49,980 - INFO - 第2046局
2025-11-29 17:19:53,827 - INFO - 2赢了
2025-11-29 17:19:53,827 - INFO - 第2047局
2025-11-29 17:19:54,814 - INFO - 2赢了
2025-11-29 17:19:54,814 - INFO - 第2048局
2025-11-29 17:19:56,918 - INFO - 1赢了
2025-11-29 17:19:56,918 - INFO - 第2049局
2025-11-29 17:19:57,949 - INFO - 2赢了
2025-11-29 17:19:57,949 - INFO - 第2050局
2025-11-29 17:19:59,407 - INFO - 2赢了
2025-11-29 17:19:59,419 - INFO - Epoch: 0, Loss: 1.6491, Policy: 1.6364, Value: 0.0318
2025-11-29 17:19:59,979 - INFO - Epoch: 100, Loss: 1.8628, Policy: 1.8349, Value: 0.0696
2025-11-29 17:20:00,479 - INFO - Epoch: 200, Loss: 2.0044, Policy: 1.9916, Value: 0.0319
2025-11-29 17:20:00,977 - INFO - Epoch: 300, Loss: 1.8429, Policy: 1.8307, Value: 0.0306
2025-11-29 17:20:01,474 - INFO - Epoch: 400, Loss: 1.8776, Policy: 1.8638, Value: 0.0345
2025-11-29 17:20:01,969 - INFO - Epoch: 500, Loss: 1.8949, Policy: 1.8813, Value: 0.0340
2025-11-29 17:20:02,466 - INFO - Epoch: 600, Loss: 1.8172, Policy: 1.8053, Value: 0.0297
2025-11-29 17:20:02,951 - INFO - Epoch: 700, Loss: 1.8397, Policy: 1.8233, Value: 0.0411
2025-11-29 17:20:03,444 - INFO - Epoch: 800, Loss: 1.7501, Policy: 1.7367, Value: 0.0335
2025-11-29 17:20:03,940 - INFO - Epoch: 900, Loss: 1.9277, Policy: 1.9166, Value: 0.0276
2025-11-29 17:20:04,471 - INFO - Epoch: 1000, Loss: 1.9474, Policy: 1.9354, Value: 0.0300
2025-11-29 17:20:04,474 - INFO - 训练结束，最新模型已保存到 model.pth
2025-11-29 17:20:04,475 - INFO - 第2051局
2025-11-29 17:20:06,280 - INFO - 1赢了
2025-11-29 17:20:06,280 - INFO - 第2052局
2025-11-29 17:20:08,500 - INFO - 2赢了
2025-11-29 17:20:08,500 - INFO - 第2053局
2025-11-29 17:20:09,642 - INFO - 2赢了
2025-11-29 17:20:09,642 - INFO - 第2054局
2025-11-29 17:20:13,609 - INFO - 1赢了
2025-11-29 17:20:13,609 - INFO - 第2055局
2025-11-29 17:20:14,785 - INFO - 1赢了
2025-11-29 17:20:14,785 - INFO - 第2056局
2025-11-29 17:20:16,287 - INFO - 1赢了
2025-11-29 17:20:16,287 - INFO - 第2057局
2025-11-29 17:20:18,043 - INFO - 2赢了
2025-11-29 17:20:18,043 - INFO - 第2058局
2025-11-29 17:20:20,000 - INFO - 2赢了
2025-11-29 17:20:20,000 - INFO - 第2059局
2025-11-29 17:20:21,153 - INFO - 2赢了
2025-11-29 17:20:21,154 - INFO - 第2060局
2025-11-29 17:20:22,482 - INFO - 2赢了
2025-11-29 17:20:22,495 - INFO - Epoch: 0, Loss: 1.9282, Policy: 1.9107, Value: 0.0437
2025-11-29 17:20:23,124 - INFO - Epoch: 100, Loss: 1.8442, Policy: 1.8299, Value: 0.0358
2025-11-29 17:20:23,637 - INFO - Epoch: 200, Loss: 1.9288, Policy: 1.9145, Value: 0.0357
2025-11-29 17:20:25,489 - INFO - Epoch: 300, Loss: 1.8081, Policy: 1.7986, Value: 0.0237
2025-11-29 17:20:26,031 - INFO - Epoch: 400, Loss: 1.8257, Policy: 1.8151, Value: 0.0264
2025-11-29 17:20:26,549 - INFO - Epoch: 500, Loss: 1.7380, Policy: 1.7233, Value: 0.0368
2025-11-29 17:20:27,082 - INFO - Epoch: 600, Loss: 1.7571, Policy: 1.7417, Value: 0.0384
2025-11-29 17:20:27,607 - INFO - Epoch: 700, Loss: 1.9028, Policy: 1.8915, Value: 0.0282
2025-11-29 17:20:28,122 - INFO - Epoch: 800, Loss: 1.8247, Policy: 1.8147, Value: 0.0249
2025-11-29 17:20:28,637 - INFO - Epoch: 900, Loss: 1.8944, Policy: 1.8794, Value: 0.0373
2025-11-29 17:20:29,160 - INFO - Epoch: 1000, Loss: 1.8056, Policy: 1.7878, Value: 0.0446
2025-11-29 17:20:29,164 - INFO - 训练结束，最新模型已保存到 model.pth
2025-11-29 17:20:29,164 - INFO - 第2061局
2025-11-29 17:20:30,221 - INFO - 1赢了
2025-11-29 17:20:30,221 - INFO - 第2062局
2025-11-29 17:20:32,267 - INFO - 2赢了
2025-11-29 17:20:32,267 - INFO - 第2063局
2025-11-29 17:20:33,475 - INFO - 1赢了
2025-11-29 17:20:33,475 - INFO - 第2064局
2025-11-29 17:20:36,081 - INFO - 1赢了
2025-11-29 17:20:36,081 - INFO - 第2065局
2025-11-29 17:20:37,198 - INFO - 2赢了
2025-11-29 17:20:37,198 - INFO - 第2066局
2025-11-29 17:20:38,268 - INFO - 2赢了
2025-11-29 17:20:38,268 - INFO - 第2067局
2025-11-29 17:20:42,432 - INFO - 2赢了
2025-11-29 17:20:42,432 - INFO - 第2068局
2025-11-29 17:20:43,522 - INFO - 1赢了
2025-11-29 17:20:43,522 - INFO - 第2069局
2025-11-29 17:20:47,500 - INFO - 2赢了
2025-11-29 17:20:47,501 - INFO - 第2070局
2025-11-29 17:20:48,543 - INFO - 2赢了
2025-11-29 17:20:48,562 - INFO - Epoch: 0, Loss: 1.9016, Policy: 1.8924, Value: 0.0229
2025-11-29 17:20:49,156 - INFO - Epoch: 100, Loss: 2.1101, Policy: 2.0965, Value: 0.0339
2025-11-29 17:20:49,666 - INFO - Epoch: 200, Loss: 1.7370, Policy: 1.7151, Value: 0.0549
2025-11-29 17:20:50,169 - INFO - Epoch: 300, Loss: 1.7337, Policy: 1.7220, Value: 0.0291
2025-11-29 17:20:50,690 - INFO - Epoch: 400, Loss: 1.9323, Policy: 1.9206, Value: 0.0293
2025-11-29 17:20:51,192 - INFO - Epoch: 500, Loss: 1.9702, Policy: 1.9572, Value: 0.0326
2025-11-29 17:20:51,715 - INFO - Epoch: 600, Loss: 1.8655, Policy: 1.8543, Value: 0.0281
2025-11-29 17:20:52,241 - INFO - Epoch: 700, Loss: 1.7753, Policy: 1.7623, Value: 0.0325
2025-11-29 17:20:52,750 - INFO - Epoch: 800, Loss: 1.7943, Policy: 1.7819, Value: 0.0311
2025-11-29 17:20:53,271 - INFO - Epoch: 900, Loss: 1.8774, Policy: 1.8576, Value: 0.0496
2025-11-29 17:20:53,781 - INFO - Epoch: 1000, Loss: 1.8087, Policy: 1.7960, Value: 0.0317
2025-11-29 17:20:53,785 - INFO - 训练结束，最新模型已保存到 model.pth
2025-11-29 17:20:53,786 - INFO - 第2071局
2025-11-29 17:20:55,185 - INFO - 2赢了
2025-11-29 17:20:55,185 - INFO - 第2072局
2025-11-29 17:20:56,097 - INFO - 1赢了
2025-11-29 17:20:56,097 - INFO - 第2073局
2025-11-29 17:21:01,165 - INFO - 2赢了
2025-11-29 17:21:01,165 - INFO - 第2074局
2025-11-29 17:21:03,549 - INFO - 2赢了
2025-11-29 17:21:03,550 - INFO - 第2075局
2025-11-29 17:21:04,674 - INFO - 1赢了
2025-11-29 17:21:04,674 - INFO - 第2076局
2025-11-29 17:21:06,290 - INFO - 1赢了
2025-11-29 17:21:06,290 - INFO - 第2077局
2025-11-29 17:21:07,350 - INFO - 2赢了
2025-11-29 17:21:07,350 - INFO - 第2078局
2025-11-29 17:21:08,590 - INFO - 1赢了
2025-11-29 17:21:08,590 - INFO - 第2079局
2025-11-29 17:21:09,624 - INFO - 2赢了
2025-11-29 17:21:09,624 - INFO - 第2080局
2025-11-29 17:21:12,332 - INFO - 2赢了
2025-11-29 17:21:12,347 - INFO - Epoch: 0, Loss: 1.7727, Policy: 1.7637, Value: 0.0223
2025-11-29 17:21:12,945 - INFO - Epoch: 100, Loss: 1.8741, Policy: 1.8617, Value: 0.0310
2025-11-29 17:21:13,486 - INFO - Epoch: 200, Loss: 1.8172, Policy: 1.8029, Value: 0.0358
2025-11-29 17:21:14,004 - INFO - Epoch: 300, Loss: 1.8764, Policy: 1.8628, Value: 0.0339
2025-11-29 17:21:14,516 - INFO - Epoch: 400, Loss: 1.9128, Policy: 1.8958, Value: 0.0425
2025-11-29 17:21:15,045 - INFO - Epoch: 500, Loss: 1.8141, Policy: 1.7979, Value: 0.0403
2025-11-29 17:21:15,564 - INFO - Epoch: 600, Loss: 1.8984, Policy: 1.8839, Value: 0.0363
2025-11-29 17:21:16,094 - INFO - Epoch: 700, Loss: 1.8434, Policy: 1.8290, Value: 0.0360
2025-11-29 17:21:16,621 - INFO - Epoch: 800, Loss: 1.8377, Policy: 1.8255, Value: 0.0305
2025-11-29 17:21:17,157 - INFO - Epoch: 900, Loss: 1.9131, Policy: 1.9034, Value: 0.0243
2025-11-29 17:21:17,718 - INFO - Epoch: 1000, Loss: 1.8338, Policy: 1.8238, Value: 0.0250
2025-11-29 17:21:17,722 - INFO - 训练结束，最新模型已保存到 model.pth
2025-11-29 17:21:17,723 - INFO - 第2081局
2025-11-29 17:21:18,922 - INFO - 2赢了
2025-11-29 17:21:18,922 - INFO - 第2082局
2025-11-29 17:21:22,003 - INFO - 2赢了
2025-11-29 17:21:22,003 - INFO - 第2083局
2025-11-29 17:21:23,191 - INFO - 2赢了
2025-11-29 17:21:23,191 - INFO - 第2084局
2025-11-29 17:21:24,740 - INFO - 1赢了
2025-11-29 17:21:24,740 - INFO - 第2085局
2025-11-29 17:21:25,760 - INFO - 2赢了
2025-11-29 17:21:25,760 - INFO - 第2086局
2025-11-29 17:21:26,628 - INFO - 1赢了
2025-11-29 17:21:26,628 - INFO - 第2087局
2025-11-29 17:21:30,242 - INFO - 2赢了
2025-11-29 17:21:30,242 - INFO - 第2088局
2025-11-29 17:21:34,149 - INFO - 2赢了
2025-11-29 17:21:34,149 - INFO - 第2089局
2025-11-29 17:21:35,312 - INFO - 1赢了
2025-11-29 17:21:35,312 - INFO - 第2090局
2025-11-29 17:21:37,199 - INFO - 2赢了
2025-11-29 17:21:37,219 - INFO - Epoch: 0, Loss: 1.9309, Policy: 1.9178, Value: 0.0329
2025-11-29 17:21:37,812 - INFO - Epoch: 100, Loss: 1.9106, Policy: 1.9021, Value: 0.0211
2025-11-29 17:21:38,335 - INFO - Epoch: 200, Loss: 1.7130, Policy: 1.7002, Value: 0.0321
2025-11-29 17:21:38,844 - INFO - Epoch: 300, Loss: 1.8756, Policy: 1.8631, Value: 0.0313
2025-11-29 17:21:39,364 - INFO - Epoch: 400, Loss: 1.7938, Policy: 1.7797, Value: 0.0353
2025-11-29 17:21:39,880 - INFO - Epoch: 500, Loss: 1.9239, Policy: 1.9105, Value: 0.0335
2025-11-29 17:21:40,415 - INFO - Epoch: 600, Loss: 1.7317, Policy: 1.7217, Value: 0.0250
2025-11-29 17:21:40,952 - INFO - Epoch: 700, Loss: 1.9323, Policy: 1.9199, Value: 0.0310
2025-11-29 17:21:41,482 - INFO - Epoch: 800, Loss: 1.8577, Policy: 1.8457, Value: 0.0300
2025-11-29 17:21:41,989 - INFO - Epoch: 900, Loss: 1.8398, Policy: 1.8242, Value: 0.0389
2025-11-29 17:21:42,483 - INFO - Epoch: 1000, Loss: 1.9320, Policy: 1.9245, Value: 0.0188
2025-11-29 17:21:42,486 - INFO - 训练结束，最新模型已保存到 model.pth
2025-11-29 17:21:42,487 - INFO - 第2091局
2025-11-29 17:21:44,004 - INFO - 1赢了
2025-11-29 17:21:44,004 - INFO - 第2092局
2025-11-29 17:21:45,509 - INFO - 2赢了
2025-11-29 17:21:45,510 - INFO - 第2093局
2025-11-29 17:21:46,980 - INFO - 2赢了
2025-11-29 17:21:46,980 - INFO - 第2094局
2025-11-29 17:21:48,569 - INFO - 2赢了
2025-11-29 17:21:48,569 - INFO - 第2095局
2025-11-29 17:21:49,901 - INFO - 1赢了
2025-11-29 17:21:49,901 - INFO - 第2096局
2025-11-29 17:21:54,309 - INFO - 2赢了
2025-11-29 17:21:54,309 - INFO - 第2097局
2025-11-29 17:21:57,052 - INFO - 1赢了
2025-11-29 17:21:57,052 - INFO - 第2098局
2025-11-29 17:21:58,628 - INFO - 2赢了
2025-11-29 17:21:58,628 - INFO - 第2099局
2025-11-29 17:22:01,091 - INFO - 1赢了
2025-11-29 17:22:01,091 - INFO - 第2100局
2025-11-29 17:22:02,153 - INFO - 2赢了
2025-11-29 17:22:02,170 - INFO - Epoch: 0, Loss: 1.9218, Policy: 1.9042, Value: 0.0441
2025-11-29 17:22:02,756 - INFO - Epoch: 100, Loss: 1.8303, Policy: 1.8182, Value: 0.0303
2025-11-29 17:22:03,315 - INFO - Epoch: 200, Loss: 1.8553, Policy: 1.8405, Value: 0.0369
2025-11-29 17:22:03,865 - INFO - Epoch: 300, Loss: 1.8928, Policy: 1.8749, Value: 0.0448
2025-11-29 17:22:04,430 - INFO - Epoch: 400, Loss: 1.7273, Policy: 1.7142, Value: 0.0327
2025-11-29 17:22:06,500 - INFO - Epoch: 500, Loss: 1.9420, Policy: 1.9308, Value: 0.0280
2025-11-29 17:22:07,044 - INFO - Epoch: 600, Loss: 1.7767, Policy: 1.7645, Value: 0.0305
2025-11-29 17:22:07,569 - INFO - Epoch: 700, Loss: 1.8471, Policy: 1.8361, Value: 0.0275
2025-11-29 17:22:08,124 - INFO - Epoch: 800, Loss: 1.9612, Policy: 1.9444, Value: 0.0421
2025-11-29 17:22:08,698 - INFO - Epoch: 900, Loss: 1.9778, Policy: 1.9583, Value: 0.0486
2025-11-29 17:22:09,297 - INFO - Epoch: 1000, Loss: 1.9446, Policy: 1.9299, Value: 0.0369
2025-11-29 17:22:09,301 - INFO - 训练结束，最新模型已保存到 model.pth
2025-11-29 17:22:09,303 - INFO - 保存模型快照: /home/ktfine/IAteamwork/AlphaZero_Five/models/model_game_2100.pth
2025-11-29 17:22:09,304 - INFO - 缓存区数据量: 19334
2025-11-29 17:22:11,053 - INFO - 第2101局
2025-11-29 17:22:13,243 - INFO - 2赢了
2025-11-29 17:22:13,244 - INFO - 第2102局
2025-11-29 17:22:14,755 - INFO - 1赢了
2025-11-29 17:22:14,755 - INFO - 第2103局
2025-11-29 17:22:16,102 - INFO - 1赢了
2025-11-29 17:22:16,102 - INFO - 第2104局
2025-11-29 17:22:18,914 - INFO - 2赢了
2025-11-29 17:22:18,914 - INFO - 第2105局
2025-11-29 17:22:20,964 - INFO - 2赢了
2025-11-29 17:22:20,964 - INFO - 第2106局
2025-11-29 17:22:22,805 - INFO - 2赢了
2025-11-29 17:22:22,805 - INFO - 第2107局
2025-11-29 17:22:24,358 - INFO - 1赢了
2025-11-29 17:22:24,358 - INFO - 第2108局
2025-11-29 17:22:26,049 - INFO - 2赢了
2025-11-29 17:22:26,049 - INFO - 第2109局
2025-11-29 17:22:28,536 - INFO - 2赢了
2025-11-29 17:22:28,536 - INFO - 第2110局
2025-11-29 17:22:32,858 - INFO - 1赢了
2025-11-29 17:22:32,903 - INFO - Epoch: 0, Loss: 1.8994, Policy: 1.8855, Value: 0.0346
2025-11-29 17:22:33,530 - INFO - Epoch: 100, Loss: 1.8877, Policy: 1.8741, Value: 0.0340
2025-11-29 17:22:34,031 - INFO - Epoch: 200, Loss: 1.7370, Policy: 1.7274, Value: 0.0239
2025-11-29 17:22:34,535 - INFO - Epoch: 300, Loss: 1.8802, Policy: 1.8657, Value: 0.0364
2025-11-29 17:22:35,036 - INFO - Epoch: 400, Loss: 1.9249, Policy: 1.9099, Value: 0.0374
2025-11-29 17:22:35,535 - INFO - Epoch: 500, Loss: 1.8930, Policy: 1.8765, Value: 0.0413
2025-11-29 17:22:36,036 - INFO - Epoch: 600, Loss: 1.9961, Policy: 1.9851, Value: 0.0275
2025-11-29 17:22:36,530 - INFO - Epoch: 700, Loss: 1.8537, Policy: 1.8442, Value: 0.0239
2025-11-29 17:22:37,041 - INFO - Epoch: 800, Loss: 1.8987, Policy: 1.8817, Value: 0.0425
2025-11-29 17:22:37,552 - INFO - Epoch: 900, Loss: 1.8966, Policy: 1.8874, Value: 0.0230
2025-11-29 17:22:38,068 - INFO - Epoch: 1000, Loss: 1.7474, Policy: 1.7387, Value: 0.0218
2025-11-29 17:22:38,073 - INFO - 训练结束，最新模型已保存到 model.pth
2025-11-29 17:22:38,073 - INFO - 第2111局
2025-11-29 17:22:41,314 - INFO - 2赢了
2025-11-29 17:22:41,315 - INFO - 第2112局
2025-11-29 17:22:44,264 - INFO - 2赢了
2025-11-29 17:22:44,264 - INFO - 第2113局
2025-11-29 17:22:48,065 - INFO - 1赢了
2025-11-29 17:22:48,065 - INFO - 第2114局
2025-11-29 17:22:49,642 - INFO - 2赢了
2025-11-29 17:22:49,642 - INFO - 第2115局
2025-11-29 17:22:51,388 - INFO - 2赢了
2025-11-29 17:22:51,388 - INFO - 第2116局
2025-11-29 17:22:54,987 - INFO - 2赢了
2025-11-29 17:22:54,988 - INFO - 第2117局
2025-11-29 17:22:56,890 - INFO - 2赢了
2025-11-29 17:22:56,890 - INFO - 第2118局
2025-11-29 17:22:58,860 - INFO - 1赢了
2025-11-29 17:22:58,860 - INFO - 第2119局
2025-11-29 17:23:02,512 - INFO - 1赢了
2025-11-29 17:23:02,512 - INFO - 第2120局
2025-11-29 17:23:03,629 - INFO - 2赢了
2025-11-29 17:23:03,642 - INFO - Epoch: 0, Loss: 1.7519, Policy: 1.7410, Value: 0.0273
2025-11-29 17:23:04,287 - INFO - Epoch: 100, Loss: 1.8814, Policy: 1.8716, Value: 0.0245
2025-11-29 17:23:04,858 - INFO - Epoch: 200, Loss: 1.8542, Policy: 1.8441, Value: 0.0254
2025-11-29 17:23:05,425 - INFO - Epoch: 300, Loss: 1.8501, Policy: 1.8395, Value: 0.0264
2025-11-29 17:23:05,977 - INFO - Epoch: 400, Loss: 1.8922, Policy: 1.8831, Value: 0.0226
2025-11-29 17:23:06,486 - INFO - Epoch: 500, Loss: 1.8275, Policy: 1.8099, Value: 0.0441
2025-11-29 17:23:07,002 - INFO - Epoch: 600, Loss: 1.8449, Policy: 1.8345, Value: 0.0260
2025-11-29 17:23:07,544 - INFO - Epoch: 700, Loss: 1.8878, Policy: 1.8716, Value: 0.0406
2025-11-29 17:23:08,083 - INFO - Epoch: 800, Loss: 1.9092, Policy: 1.8981, Value: 0.0277
2025-11-29 17:23:08,609 - INFO - Epoch: 900, Loss: 1.8916, Policy: 1.8734, Value: 0.0454
2025-11-29 17:23:09,149 - INFO - Epoch: 1000, Loss: 1.8386, Policy: 1.8264, Value: 0.0304
2025-11-29 17:23:09,153 - INFO - 训练结束，最新模型已保存到 model.pth
2025-11-29 17:23:09,154 - INFO - 第2121局
2025-11-29 17:23:17,371 - INFO - 1赢了
2025-11-29 17:23:17,371 - INFO - 第2122局
2025-11-29 17:23:18,664 - INFO - 2赢了
2025-11-29 17:23:18,664 - INFO - 第2123局
2025-11-29 17:23:21,876 - INFO - 2赢了
2025-11-29 17:23:21,876 - INFO - 第2124局
2025-11-29 17:23:23,502 - INFO - 2赢了
2025-11-29 17:23:23,502 - INFO - 第2125局
2025-11-29 17:23:24,423 - INFO - 1赢了
2025-11-29 17:23:24,423 - INFO - 第2126局
2025-11-29 17:23:26,579 - INFO - 2赢了
2025-11-29 17:23:26,579 - INFO - 第2127局
2025-11-29 17:23:28,859 - INFO - 2赢了
2025-11-29 17:23:28,859 - INFO - 第2128局
2025-11-29 17:23:31,433 - INFO - 2赢了
2025-11-29 17:23:31,433 - INFO - 第2129局
2025-11-29 17:23:33,611 - INFO - 1赢了
2025-11-29 17:23:33,611 - INFO - 第2130局
2025-11-29 17:23:35,135 - INFO - 2赢了
2025-11-29 17:23:35,149 - INFO - Epoch: 0, Loss: 1.8660, Policy: 1.8516, Value: 0.0360
2025-11-29 17:23:35,718 - INFO - Epoch: 100, Loss: 1.9742, Policy: 1.9605, Value: 0.0343
2025-11-29 17:23:36,211 - INFO - Epoch: 200, Loss: 1.8488, Policy: 1.8303, Value: 0.0462
2025-11-29 17:23:36,742 - INFO - Epoch: 300, Loss: 1.8058, Policy: 1.7942, Value: 0.0291
2025-11-29 17:23:37,260 - INFO - Epoch: 400, Loss: 1.9109, Policy: 1.8994, Value: 0.0288
2025-11-29 17:23:37,770 - INFO - Epoch: 500, Loss: 1.7258, Policy: 1.7154, Value: 0.0259
2025-11-29 17:23:38,299 - INFO - Epoch: 600, Loss: 1.8916, Policy: 1.8749, Value: 0.0418
2025-11-29 17:23:38,850 - INFO - Epoch: 700, Loss: 1.9347, Policy: 1.9228, Value: 0.0297
2025-11-29 17:23:39,414 - INFO - Epoch: 800, Loss: 1.9919, Policy: 1.9745, Value: 0.0436
2025-11-29 17:23:39,971 - INFO - Epoch: 900, Loss: 1.8747, Policy: 1.8554, Value: 0.0483
2025-11-29 17:23:40,549 - INFO - Epoch: 1000, Loss: 1.8245, Policy: 1.8073, Value: 0.0430
2025-11-29 17:23:40,552 - INFO - 训练结束，最新模型已保存到 model.pth
2025-11-29 17:23:40,553 - INFO - 第2131局
2025-11-29 17:23:42,129 - INFO - 1赢了
2025-11-29 17:23:42,129 - INFO - 第2132局
2025-11-29 17:23:43,513 - INFO - 2赢了
2025-11-29 17:23:43,513 - INFO - 第2133局
2025-11-29 17:23:45,309 - INFO - 2赢了
2025-11-29 17:23:45,309 - INFO - 第2134局
2025-11-29 17:23:50,078 - INFO - 1赢了
2025-11-29 17:23:50,079 - INFO - 第2135局
2025-11-29 17:23:51,335 - INFO - 2赢了
2025-11-29 17:23:51,335 - INFO - 第2136局
2025-11-29 17:23:52,845 - INFO - 2赢了
2025-11-29 17:23:52,846 - INFO - 第2137局
2025-11-29 17:23:53,987 - INFO - 1赢了
2025-11-29 17:23:53,987 - INFO - 第2138局
2025-11-29 17:23:56,298 - INFO - 2赢了
2025-11-29 17:23:56,298 - INFO - 第2139局
2025-11-29 17:23:57,875 - INFO - 2赢了
2025-11-29 17:23:57,875 - INFO - 第2140局
2025-11-29 17:23:59,796 - INFO - 2赢了
2025-11-29 17:23:59,815 - INFO - Epoch: 0, Loss: 1.9124, Policy: 1.8979, Value: 0.0363
2025-11-29 17:24:00,420 - INFO - Epoch: 100, Loss: 1.7880, Policy: 1.7714, Value: 0.0413
2025-11-29 17:24:01,001 - INFO - Epoch: 200, Loss: 1.9152, Policy: 1.8983, Value: 0.0423
2025-11-29 17:24:01,541 - INFO - Epoch: 300, Loss: 1.9083, Policy: 1.8906, Value: 0.0444
2025-11-29 17:24:02,076 - INFO - Epoch: 400, Loss: 1.9713, Policy: 1.9614, Value: 0.0248
2025-11-29 17:24:02,625 - INFO - Epoch: 500, Loss: 1.8635, Policy: 1.8529, Value: 0.0267
2025-11-29 17:24:03,181 - INFO - Epoch: 600, Loss: 1.8616, Policy: 1.8478, Value: 0.0344
2025-11-29 17:24:03,734 - INFO - Epoch: 700, Loss: 1.7121, Policy: 1.6984, Value: 0.0342
2025-11-29 17:24:04,217 - INFO - Epoch: 800, Loss: 1.8383, Policy: 1.8265, Value: 0.0296
2025-11-29 17:24:04,711 - INFO - Epoch: 900, Loss: 1.8081, Policy: 1.7972, Value: 0.0274
2025-11-29 17:24:05,208 - INFO - Epoch: 1000, Loss: 1.8274, Policy: 1.8177, Value: 0.0243
2025-11-29 17:24:05,211 - INFO - 训练结束，最新模型已保存到 model.pth
2025-11-29 17:24:05,212 - INFO - 第2141局
2025-11-29 17:24:06,494 - INFO - 2赢了
2025-11-29 17:24:06,494 - INFO - 第2142局
2025-11-29 17:24:08,045 - INFO - 2赢了
2025-11-29 17:24:08,046 - INFO - 第2143局
2025-11-29 17:24:09,646 - INFO - 1赢了
2025-11-29 17:24:09,646 - INFO - 第2144局
2025-11-29 17:24:11,568 - INFO - 2赢了
2025-11-29 17:24:11,568 - INFO - 第2145局
2025-11-29 17:24:13,694 - INFO - 1赢了
2025-11-29 17:24:13,694 - INFO - 第2146局
2025-11-29 17:24:17,085 - INFO - 1赢了
2025-11-29 17:24:17,085 - INFO - 第2147局
2025-11-29 17:24:18,380 - INFO - 1赢了
2025-11-29 17:24:18,380 - INFO - 第2148局
2025-11-29 17:24:21,660 - INFO - 2赢了
2025-11-29 17:24:21,660 - INFO - 第2149局
2025-11-29 17:24:23,384 - INFO - 2赢了
2025-11-29 17:24:23,384 - INFO - 第2150局
2025-11-29 17:24:24,976 - INFO - 2赢了
2025-11-29 17:24:24,994 - INFO - Epoch: 0, Loss: 1.9412, Policy: 1.9302, Value: 0.0276
2025-11-29 17:24:25,588 - INFO - Epoch: 100, Loss: 1.9709, Policy: 1.9606, Value: 0.0258
2025-11-29 17:24:26,126 - INFO - Epoch: 200, Loss: 1.8877, Policy: 1.8776, Value: 0.0252
2025-11-29 17:24:26,663 - INFO - Epoch: 300, Loss: 1.8405, Policy: 1.8261, Value: 0.0361
2025-11-29 17:24:27,188 - INFO - Epoch: 400, Loss: 1.8161, Policy: 1.8027, Value: 0.0335
2025-11-29 17:24:27,694 - INFO - Epoch: 500, Loss: 1.8478, Policy: 1.8365, Value: 0.0282
2025-11-29 17:24:28,254 - INFO - Epoch: 600, Loss: 1.9960, Policy: 1.9833, Value: 0.0318
2025-11-29 17:24:28,802 - INFO - Epoch: 700, Loss: 1.7780, Policy: 1.7625, Value: 0.0385
2025-11-29 17:24:29,301 - INFO - Epoch: 800, Loss: 1.7242, Policy: 1.7093, Value: 0.0371
2025-11-29 17:24:29,818 - INFO - Epoch: 900, Loss: 1.8640, Policy: 1.8484, Value: 0.0388
2025-11-29 17:24:30,356 - INFO - Epoch: 1000, Loss: 1.9827, Policy: 1.9667, Value: 0.0399
2025-11-29 17:24:30,360 - INFO - 训练结束，最新模型已保存到 model.pth
2025-11-29 17:24:30,360 - INFO - 第2151局
2025-11-29 17:24:32,572 - INFO - 2赢了
2025-11-29 17:24:32,572 - INFO - 第2152局
2025-11-29 17:24:34,030 - INFO - 2赢了
2025-11-29 17:24:34,030 - INFO - 第2153局
2025-11-29 17:24:35,230 - INFO - 1赢了
2025-11-29 17:24:35,230 - INFO - 第2154局
2025-11-29 17:24:36,246 - INFO - 2赢了
2025-11-29 17:24:36,246 - INFO - 第2155局
2025-11-29 17:24:37,252 - INFO - 2赢了
2025-11-29 17:24:37,252 - INFO - 第2156局
2025-11-29 17:24:38,477 - INFO - 1赢了
2025-11-29 17:24:38,477 - INFO - 第2157局
2025-11-29 17:24:39,729 - INFO - 1赢了
2025-11-29 17:24:39,729 - INFO - 第2158局
2025-11-29 17:24:41,308 - INFO - 2赢了
2025-11-29 17:24:41,308 - INFO - 第2159局
2025-11-29 17:24:42,424 - INFO - 2赢了
2025-11-29 17:24:42,424 - INFO - 第2160局
2025-11-29 17:24:47,109 - INFO - 2赢了
2025-11-29 17:24:47,150 - INFO - Epoch: 0, Loss: 1.9867, Policy: 1.9745, Value: 0.0306
2025-11-29 17:24:47,861 - INFO - Epoch: 100, Loss: 1.8004, Policy: 1.7898, Value: 0.0263
2025-11-29 17:24:48,384 - INFO - Epoch: 200, Loss: 1.8317, Policy: 1.8180, Value: 0.0344
2025-11-29 17:24:48,920 - INFO - Epoch: 300, Loss: 1.7688, Policy: 1.7449, Value: 0.0596
2025-11-29 17:24:49,441 - INFO - Epoch: 400, Loss: 1.8784, Policy: 1.8596, Value: 0.0472
2025-11-29 17:24:49,939 - INFO - Epoch: 500, Loss: 1.8203, Policy: 1.8103, Value: 0.0249
2025-11-29 17:24:50,442 - INFO - Epoch: 600, Loss: 1.9162, Policy: 1.9050, Value: 0.0281
2025-11-29 17:24:50,953 - INFO - Epoch: 700, Loss: 1.7716, Policy: 1.7438, Value: 0.0696
2025-11-29 17:24:51,472 - INFO - Epoch: 800, Loss: 1.8175, Policy: 1.8034, Value: 0.0353
2025-11-29 17:24:51,995 - INFO - Epoch: 900, Loss: 1.7196, Policy: 1.7058, Value: 0.0346
2025-11-29 17:24:52,528 - INFO - Epoch: 1000, Loss: 1.7736, Policy: 1.7612, Value: 0.0310
2025-11-29 17:24:52,532 - INFO - 训练结束，最新模型已保存到 model.pth
2025-11-29 17:24:52,533 - INFO - 第2161局
2025-11-29 17:24:54,216 - INFO - 2赢了
2025-11-29 17:24:54,216 - INFO - 第2162局
2025-11-29 17:24:56,277 - INFO - 2赢了
2025-11-29 17:24:56,277 - INFO - 第2163局
2025-11-29 17:24:57,328 - INFO - 1赢了
2025-11-29 17:24:57,328 - INFO - 第2164局
2025-11-29 17:24:59,906 - INFO - 1赢了
2025-11-29 17:24:59,906 - INFO - 第2165局
2025-11-29 17:25:01,603 - INFO - 2赢了
2025-11-29 17:25:01,603 - INFO - 第2166局
2025-11-29 17:25:02,445 - INFO - 2赢了
2025-11-29 17:25:02,445 - INFO - 第2167局
2025-11-29 17:25:04,021 - INFO - 2赢了
2025-11-29 17:25:04,021 - INFO - 第2168局
2025-11-29 17:25:05,062 - INFO - 2赢了
2025-11-29 17:25:05,062 - INFO - 第2169局
2025-11-29 17:25:06,670 - INFO - 2赢了
2025-11-29 17:25:06,670 - INFO - 第2170局
2025-11-29 17:25:07,527 - INFO - 2赢了
2025-11-29 17:25:07,547 - INFO - Epoch: 0, Loss: 1.8888, Policy: 1.8712, Value: 0.0441
2025-11-29 17:25:08,116 - INFO - Epoch: 100, Loss: 1.7932, Policy: 1.7749, Value: 0.0456
2025-11-29 17:25:08,614 - INFO - Epoch: 200, Loss: 1.9088, Policy: 1.9005, Value: 0.0209
2025-11-29 17:25:09,117 - INFO - Epoch: 300, Loss: 1.9292, Policy: 1.9172, Value: 0.0300
2025-11-29 17:25:11,572 - INFO - Epoch: 400, Loss: 1.9023, Policy: 1.8904, Value: 0.0299
2025-11-29 17:25:12,132 - INFO - Epoch: 500, Loss: 1.7833, Policy: 1.7711, Value: 0.0307
2025-11-29 17:25:12,687 - INFO - Epoch: 600, Loss: 1.7624, Policy: 1.7456, Value: 0.0419
2025-11-29 17:25:13,251 - INFO - Epoch: 700, Loss: 1.9739, Policy: 1.9591, Value: 0.0370
2025-11-29 17:25:13,811 - INFO - Epoch: 800, Loss: 1.7092, Policy: 1.6913, Value: 0.0448
2025-11-29 17:25:14,380 - INFO - Epoch: 900, Loss: 1.9273, Policy: 1.9070, Value: 0.0507
2025-11-29 17:25:14,939 - INFO - Epoch: 1000, Loss: 1.6826, Policy: 1.6695, Value: 0.0328
2025-11-29 17:25:14,943 - INFO - 训练结束，最新模型已保存到 model.pth
2025-11-29 17:25:14,943 - INFO - 第2171局
2025-11-29 17:25:17,585 - INFO - 1赢了
2025-11-29 17:25:17,585 - INFO - 第2172局
2025-11-29 17:25:19,503 - INFO - 2赢了
2025-11-29 17:25:19,503 - INFO - 第2173局
2025-11-29 17:25:20,645 - INFO - 1赢了
2025-11-29 17:25:20,645 - INFO - 第2174局
2025-11-29 17:25:21,662 - INFO - 2赢了
2025-11-29 17:25:21,662 - INFO - 第2175局
2025-11-29 17:25:23,035 - INFO - 2赢了
2025-11-29 17:25:23,035 - INFO - 第2176局
2025-11-29 17:25:25,366 - INFO - 2赢了
2025-11-29 17:25:25,366 - INFO - 第2177局
2025-11-29 17:25:26,963 - INFO - 2赢了
2025-11-29 17:25:26,963 - INFO - 第2178局
2025-11-29 17:25:29,293 - INFO - 2赢了
2025-11-29 17:25:29,293 - INFO - 第2179局
2025-11-29 17:25:32,130 - INFO - 1赢了
2025-11-29 17:25:32,130 - INFO - 第2180局
2025-11-29 17:25:34,510 - INFO - 2赢了
2025-11-29 17:25:34,523 - INFO - Epoch: 0, Loss: 1.8625, Policy: 1.8481, Value: 0.0359
2025-11-29 17:25:35,075 - INFO - Epoch: 100, Loss: 1.9184, Policy: 1.9016, Value: 0.0421
2025-11-29 17:25:35,547 - INFO - Epoch: 200, Loss: 1.6193, Policy: 1.6077, Value: 0.0290
2025-11-29 17:25:36,027 - INFO - Epoch: 300, Loss: 1.8403, Policy: 1.8329, Value: 0.0184
2025-11-29 17:25:36,522 - INFO - Epoch: 400, Loss: 1.8414, Policy: 1.8199, Value: 0.0538
2025-11-29 17:25:37,007 - INFO - Epoch: 500, Loss: 1.9109, Policy: 1.8954, Value: 0.0387
2025-11-29 17:25:37,489 - INFO - Epoch: 600, Loss: 1.7955, Policy: 1.7836, Value: 0.0296
2025-11-29 17:25:37,979 - INFO - Epoch: 700, Loss: 1.7977, Policy: 1.7844, Value: 0.0333
2025-11-29 17:25:38,461 - INFO - Epoch: 800, Loss: 1.9301, Policy: 1.9189, Value: 0.0280
2025-11-29 17:25:38,950 - INFO - Epoch: 900, Loss: 1.6970, Policy: 1.6823, Value: 0.0370
2025-11-29 17:25:39,418 - INFO - Epoch: 1000, Loss: 1.8312, Policy: 1.8195, Value: 0.0291
2025-11-29 17:25:39,422 - INFO - 训练结束，最新模型已保存到 model.pth
2025-11-29 17:25:39,423 - INFO - 第2181局
2025-11-29 17:25:41,269 - INFO - 2赢了
2025-11-29 17:25:41,269 - INFO - 第2182局
2025-11-29 17:25:42,625 - INFO - 2赢了
2025-11-29 17:25:42,625 - INFO - 第2183局
2025-11-29 17:25:44,968 - INFO - 2赢了
2025-11-29 17:25:44,968 - INFO - 第2184局
2025-11-29 17:25:46,042 - INFO - 1赢了
2025-11-29 17:25:46,042 - INFO - 第2185局
2025-11-29 17:25:48,409 - INFO - 2赢了
2025-11-29 17:25:48,409 - INFO - 第2186局
2025-11-29 17:25:49,660 - INFO - 2赢了
2025-11-29 17:25:49,660 - INFO - 第2187局
2025-11-29 17:25:51,196 - INFO - 2赢了
2025-11-29 17:25:51,196 - INFO - 第2188局
2025-11-29 17:25:52,874 - INFO - 1赢了
2025-11-29 17:25:52,874 - INFO - 第2189局
2025-11-29 17:25:54,373 - INFO - 2赢了
2025-11-29 17:25:54,373 - INFO - 第2190局
2025-11-29 17:25:55,312 - INFO - 2赢了
2025-11-29 17:25:55,328 - INFO - Epoch: 0, Loss: 1.8827, Policy: 1.8693, Value: 0.0335
2025-11-29 17:25:55,895 - INFO - Epoch: 100, Loss: 1.9016, Policy: 1.8822, Value: 0.0484
2025-11-29 17:25:56,378 - INFO - Epoch: 200, Loss: 1.8139, Policy: 1.7988, Value: 0.0377
2025-11-29 17:25:56,857 - INFO - Epoch: 300, Loss: 1.8719, Policy: 1.8604, Value: 0.0289
2025-11-29 17:25:57,356 - INFO - Epoch: 400, Loss: 1.9054, Policy: 1.8962, Value: 0.0231
2025-11-29 17:25:57,857 - INFO - Epoch: 500, Loss: 2.0279, Policy: 2.0113, Value: 0.0417
2025-11-29 17:25:58,339 - INFO - Epoch: 600, Loss: 1.8520, Policy: 1.8349, Value: 0.0429
2025-11-29 17:25:58,819 - INFO - Epoch: 700, Loss: 1.7967, Policy: 1.7856, Value: 0.0277
2025-11-29 17:25:59,303 - INFO - Epoch: 800, Loss: 1.8854, Policy: 1.8684, Value: 0.0425
2025-11-29 17:25:59,811 - INFO - Epoch: 900, Loss: 1.8252, Policy: 1.8148, Value: 0.0260
2025-11-29 17:26:00,342 - INFO - Epoch: 1000, Loss: 1.7502, Policy: 1.7376, Value: 0.0316
2025-11-29 17:26:00,346 - INFO - 训练结束，最新模型已保存到 model.pth
2025-11-29 17:26:00,347 - INFO - 第2191局
2025-11-29 17:26:01,957 - INFO - 2赢了
2025-11-29 17:26:01,957 - INFO - 第2192局
2025-11-29 17:26:03,421 - INFO - 1赢了
2025-11-29 17:26:03,421 - INFO - 第2193局
2025-11-29 17:26:05,099 - INFO - 2赢了
2025-11-29 17:26:05,099 - INFO - 第2194局
2025-11-29 17:26:06,547 - INFO - 2赢了
2025-11-29 17:26:06,547 - INFO - 第2195局
2025-11-29 17:26:07,687 - INFO - 2赢了
2025-11-29 17:26:07,687 - INFO - 第2196局
2025-11-29 17:26:09,151 - INFO - 2赢了
2025-11-29 17:26:09,151 - INFO - 第2197局
2025-11-29 17:26:11,780 - INFO - 2赢了
2025-11-29 17:26:11,780 - INFO - 第2198局
2025-11-29 17:26:19,055 - INFO - 1赢了
2025-11-29 17:26:19,055 - INFO - 第2199局
2025-11-29 17:26:20,464 - INFO - 2赢了
2025-11-29 17:26:20,464 - INFO - 第2200局
2025-11-29 17:26:23,032 - INFO - 2赢了
2025-11-29 17:26:23,052 - INFO - Epoch: 0, Loss: 1.9316, Policy: 1.9182, Value: 0.0335
2025-11-29 17:26:23,670 - INFO - Epoch: 100, Loss: 1.8117, Policy: 1.7943, Value: 0.0435
2025-11-29 17:26:24,210 - INFO - Epoch: 200, Loss: 1.8350, Policy: 1.8142, Value: 0.0518
2025-11-29 17:26:24,721 - INFO - Epoch: 300, Loss: 1.9042, Policy: 1.8875, Value: 0.0416
2025-11-29 17:26:25,245 - INFO - Epoch: 400, Loss: 1.9034, Policy: 1.8895, Value: 0.0348
2025-11-29 17:26:25,782 - INFO - Epoch: 500, Loss: 1.9259, Policy: 1.9178, Value: 0.0203
2025-11-29 17:26:26,325 - INFO - Epoch: 600, Loss: 1.7739, Policy: 1.7629, Value: 0.0276
2025-11-29 17:26:26,871 - INFO - Epoch: 700, Loss: 1.8897, Policy: 1.8800, Value: 0.0242
2025-11-29 17:26:27,405 - INFO - Epoch: 800, Loss: 1.9042, Policy: 1.8895, Value: 0.0367
2025-11-29 17:26:27,957 - INFO - Epoch: 900, Loss: 1.8984, Policy: 1.8858, Value: 0.0315
2025-11-29 17:26:28,517 - INFO - Epoch: 1000, Loss: 1.8656, Policy: 1.8545, Value: 0.0277
2025-11-29 17:26:28,521 - INFO - 训练结束，最新模型已保存到 model.pth
2025-11-29 17:26:28,522 - INFO - 第2201局
2025-11-29 17:26:30,466 - INFO - 1赢了
2025-11-29 17:26:30,466 - INFO - 第2202局
2025-11-29 17:26:32,479 - INFO - 1赢了
2025-11-29 17:26:32,479 - INFO - 第2203局
2025-11-29 17:26:33,496 - INFO - 2赢了
2025-11-29 17:26:33,496 - INFO - 第2204局
2025-11-29 17:26:35,079 - INFO - 2赢了
2025-11-29 17:26:35,079 - INFO - 第2205局
2025-11-29 17:26:36,454 - INFO - 2赢了
2025-11-29 17:26:36,454 - INFO - 第2206局
2025-11-29 17:26:38,782 - INFO - 2赢了
2025-11-29 17:26:38,783 - INFO - 第2207局
2025-11-29 17:26:45,471 - INFO - 2赢了
2025-11-29 17:26:45,471 - INFO - 第2208局
2025-11-29 17:26:48,061 - INFO - 1赢了
2025-11-29 17:26:48,062 - INFO - 第2209局
2025-11-29 17:26:57,734 - INFO - 1赢了
2025-11-29 17:26:57,734 - INFO - 第2210局
2025-11-29 17:27:00,165 - INFO - 1赢了
2025-11-29 17:27:00,178 - INFO - Epoch: 0, Loss: 1.7810, Policy: 1.7697, Value: 0.0280
2025-11-29 17:27:00,773 - INFO - Epoch: 100, Loss: 2.0466, Policy: 2.0157, Value: 0.0771
2025-11-29 17:27:01,256 - INFO - Epoch: 200, Loss: 1.9185, Policy: 1.9052, Value: 0.0332
2025-11-29 17:27:01,751 - INFO - Epoch: 300, Loss: 1.7457, Policy: 1.7053, Value: 0.1010
2025-11-29 17:27:02,247 - INFO - Epoch: 400, Loss: 1.8953, Policy: 1.8852, Value: 0.0252
2025-11-29 17:27:02,754 - INFO - Epoch: 500, Loss: 1.8217, Policy: 1.8092, Value: 0.0311
2025-11-29 17:27:03,242 - INFO - Epoch: 600, Loss: 1.7496, Policy: 1.7340, Value: 0.0388
2025-11-29 17:27:03,725 - INFO - Epoch: 700, Loss: 1.8230, Policy: 1.8131, Value: 0.0248
2025-11-29 17:27:04,229 - INFO - Epoch: 800, Loss: 1.9047, Policy: 1.8921, Value: 0.0317
2025-11-29 17:27:04,723 - INFO - Epoch: 900, Loss: 1.7827, Policy: 1.7614, Value: 0.0533
2025-11-29 17:27:05,211 - INFO - Epoch: 1000, Loss: 1.9514, Policy: 1.9380, Value: 0.0333
2025-11-29 17:27:05,214 - INFO - 训练结束，最新模型已保存到 model.pth
2025-11-29 17:27:05,215 - INFO - 第2211局
2025-11-29 17:27:06,160 - INFO - 2赢了
2025-11-29 17:27:06,160 - INFO - 第2212局
2025-11-29 17:27:08,066 - INFO - 1赢了
2025-11-29 17:27:08,067 - INFO - 第2213局
2025-11-29 17:27:09,186 - INFO - 2赢了
2025-11-29 17:27:09,186 - INFO - 第2214局
2025-11-29 17:27:10,346 - INFO - 2赢了
2025-11-29 17:27:10,346 - INFO - 第2215局
2025-11-29 17:27:11,698 - INFO - 1赢了
2025-11-29 17:27:11,698 - INFO - 第2216局
2025-11-29 17:27:15,427 - INFO - 1赢了
2025-11-29 17:27:15,427 - INFO - 第2217局
2025-11-29 17:27:17,025 - INFO - 2赢了
2025-11-29 17:27:17,025 - INFO - 第2218局
2025-11-29 17:27:20,131 - INFO - 2赢了
2025-11-29 17:27:20,131 - INFO - 第2219局
2025-11-29 17:27:22,808 - INFO - 2赢了
2025-11-29 17:27:22,808 - INFO - 第2220局
2025-11-29 17:27:24,136 - INFO - 1赢了
2025-11-29 17:27:24,149 - INFO - Epoch: 0, Loss: 1.8369, Policy: 1.8191, Value: 0.0445
2025-11-29 17:27:24,750 - INFO - Epoch: 100, Loss: 1.7209, Policy: 1.7067, Value: 0.0355
2025-11-29 17:27:26,703 - INFO - Epoch: 200, Loss: 1.6912, Policy: 1.6799, Value: 0.0281
2025-11-29 17:27:27,223 - INFO - Epoch: 300, Loss: 1.8424, Policy: 1.8292, Value: 0.0330
2025-11-29 17:27:27,728 - INFO - Epoch: 400, Loss: 1.7804, Policy: 1.7687, Value: 0.0294
2025-11-29 17:27:28,235 - INFO - Epoch: 500, Loss: 1.9419, Policy: 1.9269, Value: 0.0376
2025-11-29 17:27:28,730 - INFO - Epoch: 600, Loss: 1.8766, Policy: 1.8593, Value: 0.0431
2025-11-29 17:27:29,246 - INFO - Epoch: 700, Loss: 1.8340, Policy: 1.8155, Value: 0.0463
2025-11-29 17:27:29,774 - INFO - Epoch: 800, Loss: 1.9203, Policy: 1.9076, Value: 0.0317
2025-11-29 17:27:30,287 - INFO - Epoch: 900, Loss: 1.9344, Policy: 1.9200, Value: 0.0358
2025-11-29 17:27:30,810 - INFO - Epoch: 1000, Loss: 1.8151, Policy: 1.8031, Value: 0.0301
2025-11-29 17:27:30,814 - INFO - 训练结束，最新模型已保存到 model.pth
2025-11-29 17:27:30,815 - INFO - 第2221局
2025-11-29 17:27:32,741 - INFO - 2赢了
2025-11-29 17:27:32,741 - INFO - 第2222局
2025-11-29 17:27:34,780 - INFO - 2赢了
2025-11-29 17:27:34,780 - INFO - 第2223局
2025-11-29 17:27:36,263 - INFO - 1赢了
2025-11-29 17:27:36,263 - INFO - 第2224局
2025-11-29 17:27:37,538 - INFO - 1赢了
2025-11-29 17:27:37,538 - INFO - 第2225局
2025-11-29 17:27:39,138 - INFO - 1赢了
2025-11-29 17:27:39,138 - INFO - 第2226局
2025-11-29 17:27:40,378 - INFO - 1赢了
2025-11-29 17:27:40,378 - INFO - 第2227局
2025-11-29 17:27:41,663 - INFO - 1赢了
2025-11-29 17:27:41,664 - INFO - 第2228局
2025-11-29 17:27:42,596 - INFO - 1赢了
2025-11-29 17:27:42,596 - INFO - 第2229局
2025-11-29 17:27:44,716 - INFO - 2赢了
2025-11-29 17:27:44,716 - INFO - 第2230局
2025-11-29 17:27:47,300 - INFO - 2赢了
2025-11-29 17:27:47,322 - INFO - Epoch: 0, Loss: 1.8186, Policy: 1.8053, Value: 0.0333
2025-11-29 17:27:47,954 - INFO - Epoch: 100, Loss: 1.8360, Policy: 1.8199, Value: 0.0404
2025-11-29 17:27:48,475 - INFO - Epoch: 200, Loss: 1.8465, Policy: 1.8330, Value: 0.0338
2025-11-29 17:27:49,009 - INFO - Epoch: 300, Loss: 1.9325, Policy: 1.9142, Value: 0.0456
2025-11-29 17:27:49,535 - INFO - Epoch: 400, Loss: 1.8642, Policy: 1.8514, Value: 0.0320
2025-11-29 17:27:50,064 - INFO - Epoch: 500, Loss: 1.8787, Policy: 1.8688, Value: 0.0249
2025-11-29 17:27:50,581 - INFO - Epoch: 600, Loss: 1.7691, Policy: 1.7486, Value: 0.0512
2025-11-29 17:27:51,106 - INFO - Epoch: 700, Loss: 1.8474, Policy: 1.8350, Value: 0.0311
2025-11-29 17:27:51,629 - INFO - Epoch: 800, Loss: 1.8090, Policy: 1.7961, Value: 0.0322
2025-11-29 17:27:52,143 - INFO - Epoch: 900, Loss: 1.8591, Policy: 1.8450, Value: 0.0353
2025-11-29 17:27:52,662 - INFO - Epoch: 1000, Loss: 1.8499, Policy: 1.8326, Value: 0.0433
2025-11-29 17:27:52,667 - INFO - 训练结束，最新模型已保存到 model.pth
2025-11-29 17:27:52,668 - INFO - 第2231局
2025-11-29 17:27:53,433 - INFO - 1赢了
2025-11-29 17:27:53,433 - INFO - 第2232局
2025-11-29 17:27:54,411 - INFO - 2赢了
2025-11-29 17:27:54,411 - INFO - 第2233局
2025-11-29 17:27:55,208 - INFO - 2赢了
2025-11-29 17:27:55,208 - INFO - 第2234局
2025-11-29 17:27:57,122 - INFO - 2赢了
2025-11-29 17:27:57,123 - INFO - 第2235局
2025-11-29 17:28:00,917 - INFO - 2赢了
2025-11-29 17:28:00,918 - INFO - 第2236局
2025-11-29 17:28:02,911 - INFO - 2赢了
2025-11-29 17:28:02,912 - INFO - 第2237局
2025-11-29 17:28:06,834 - INFO - 2赢了
2025-11-29 17:28:06,834 - INFO - 第2238局
2025-11-29 17:28:07,970 - INFO - 1赢了
2025-11-29 17:28:07,970 - INFO - 第2239局
2025-11-29 17:28:09,964 - INFO - 2赢了
2025-11-29 17:28:09,964 - INFO - 第2240局
2025-11-29 17:28:10,958 - INFO - 2赢了
2025-11-29 17:28:10,975 - INFO - Epoch: 0, Loss: 1.9230, Policy: 1.9128, Value: 0.0255
2025-11-29 17:28:11,578 - INFO - Epoch: 100, Loss: 1.8453, Policy: 1.8306, Value: 0.0369
2025-11-29 17:28:12,123 - INFO - Epoch: 200, Loss: 1.8654, Policy: 1.8491, Value: 0.0408
2025-11-29 17:28:12,675 - INFO - Epoch: 300, Loss: 1.8297, Policy: 1.8110, Value: 0.0466
2025-11-29 17:28:13,301 - INFO - Epoch: 400, Loss: 1.8800, Policy: 1.8617, Value: 0.0458
2025-11-29 17:28:13,913 - INFO - Epoch: 500, Loss: 1.7429, Policy: 1.7271, Value: 0.0394
2025-11-29 17:28:14,519 - INFO - Epoch: 600, Loss: 1.8571, Policy: 1.8437, Value: 0.0336
2025-11-29 17:28:15,118 - INFO - Epoch: 700, Loss: 1.8049, Policy: 1.7935, Value: 0.0284
2025-11-29 17:28:15,686 - INFO - Epoch: 800, Loss: 1.7598, Policy: 1.7478, Value: 0.0300
2025-11-29 17:28:16,250 - INFO - Epoch: 900, Loss: 1.8699, Policy: 1.8582, Value: 0.0292
2025-11-29 17:28:16,801 - INFO - Epoch: 1000, Loss: 1.9416, Policy: 1.9299, Value: 0.0292
2025-11-29 17:28:16,805 - INFO - 训练结束，最新模型已保存到 model.pth
2025-11-29 17:28:16,806 - INFO - 第2241局
2025-11-29 17:28:18,179 - INFO - 1赢了
2025-11-29 17:28:18,179 - INFO - 第2242局
2025-11-29 17:28:27,856 - INFO - 2赢了
2025-11-29 17:28:27,856 - INFO - 第2243局
2025-11-29 17:28:30,779 - INFO - 2赢了
2025-11-29 17:28:30,779 - INFO - 第2244局
2025-11-29 17:28:31,710 - INFO - 1赢了
2025-11-29 17:28:31,711 - INFO - 第2245局
2025-11-29 17:28:34,811 - INFO - 2赢了
2025-11-29 17:28:34,811 - INFO - 第2246局
2025-11-29 17:28:38,155 - INFO - 2赢了
2025-11-29 17:28:38,155 - INFO - 第2247局
2025-11-29 17:28:40,274 - INFO - 2赢了
2025-11-29 17:28:40,274 - INFO - 第2248局
2025-11-29 17:28:41,249 - INFO - 2赢了
2025-11-29 17:28:41,249 - INFO - 第2249局
2025-11-29 17:28:42,347 - INFO - 2赢了
2025-11-29 17:28:42,347 - INFO - 第2250局
2025-11-29 17:28:44,815 - INFO - 2赢了
2025-11-29 17:28:44,832 - INFO - Epoch: 0, Loss: 1.9107, Policy: 1.8971, Value: 0.0342
2025-11-29 17:28:45,428 - INFO - Epoch: 100, Loss: 1.7475, Policy: 1.7347, Value: 0.0318
2025-11-29 17:28:45,920 - INFO - Epoch: 200, Loss: 1.7869, Policy: 1.7739, Value: 0.0326
2025-11-29 17:28:46,440 - INFO - Epoch: 300, Loss: 1.8611, Policy: 1.8482, Value: 0.0321
2025-11-29 17:28:46,975 - INFO - Epoch: 400, Loss: 1.9000, Policy: 1.8735, Value: 0.0663
2025-11-29 17:28:47,512 - INFO - Epoch: 500, Loss: 1.8156, Policy: 1.7976, Value: 0.0450
2025-11-29 17:28:48,048 - INFO - Epoch: 600, Loss: 2.0116, Policy: 2.0014, Value: 0.0256
2025-11-29 17:28:48,606 - INFO - Epoch: 700, Loss: 1.9257, Policy: 1.9078, Value: 0.0447
2025-11-29 17:28:49,108 - INFO - Epoch: 800, Loss: 1.7603, Policy: 1.7502, Value: 0.0253
2025-11-29 17:28:49,604 - INFO - Epoch: 900, Loss: 1.7946, Policy: 1.7799, Value: 0.0367
2025-11-29 17:28:50,096 - INFO - Epoch: 1000, Loss: 1.9467, Policy: 1.9301, Value: 0.0415
2025-11-29 17:28:50,099 - INFO - 训练结束，最新模型已保存到 model.pth
2025-11-29 17:28:50,100 - INFO - 第2251局
2025-11-29 17:28:51,543 - INFO - 1赢了
2025-11-29 17:28:51,544 - INFO - 第2252局
2025-11-29 17:28:53,158 - INFO - 2赢了
2025-11-29 17:28:53,158 - INFO - 第2253局
2025-11-29 17:28:55,676 - INFO - 2赢了
2025-11-29 17:28:55,677 - INFO - 第2254局
2025-11-29 17:28:56,825 - INFO - 1赢了
2025-11-29 17:28:56,826 - INFO - 第2255局
2025-11-29 17:28:57,844 - INFO - 2赢了
2025-11-29 17:28:57,844 - INFO - 第2256局
2025-11-29 17:28:58,807 - INFO - 2赢了
2025-11-29 17:28:58,807 - INFO - 第2257局
2025-11-29 17:29:00,160 - INFO - 2赢了
2025-11-29 17:29:00,160 - INFO - 第2258局
2025-11-29 17:29:01,771 - INFO - 2赢了
2025-11-29 17:29:01,771 - INFO - 第2259局
2025-11-29 17:29:04,369 - INFO - 2赢了
2025-11-29 17:29:04,369 - INFO - 第2260局
2025-11-29 17:29:05,355 - INFO - 2赢了
2025-11-29 17:29:05,374 - INFO - Epoch: 0, Loss: 1.9248, Policy: 1.9123, Value: 0.0312
2025-11-29 17:29:05,968 - INFO - Epoch: 100, Loss: 1.8006, Policy: 1.7862, Value: 0.0360
2025-11-29 17:29:07,793 - INFO - Epoch: 200, Loss: 1.9984, Policy: 1.9844, Value: 0.0350
2025-11-29 17:29:08,311 - INFO - Epoch: 300, Loss: 1.7664, Policy: 1.7506, Value: 0.0394
2025-11-29 17:29:08,838 - INFO - Epoch: 400, Loss: 2.0090, Policy: 1.9989, Value: 0.0254
2025-11-29 17:29:09,405 - INFO - Epoch: 500, Loss: 1.9018, Policy: 1.8895, Value: 0.0307
2025-11-29 17:29:09,978 - INFO - Epoch: 600, Loss: 1.9353, Policy: 1.9213, Value: 0.0349
2025-11-29 17:29:10,543 - INFO - Epoch: 700, Loss: 1.9209, Policy: 1.9044, Value: 0.0413
2025-11-29 17:29:11,140 - INFO - Epoch: 800, Loss: 1.6859, Policy: 1.6746, Value: 0.0283
2025-11-29 17:29:11,749 - INFO - Epoch: 900, Loss: 1.8774, Policy: 1.8656, Value: 0.0294
2025-11-29 17:29:12,353 - INFO - Epoch: 1000, Loss: 1.9216, Policy: 1.9011, Value: 0.0512
2025-11-29 17:29:12,357 - INFO - 训练结束，最新模型已保存到 model.pth
2025-11-29 17:29:12,358 - INFO - 第2261局
2025-11-29 17:29:13,847 - INFO - 2赢了
2025-11-29 17:29:13,848 - INFO - 第2262局
2025-11-29 17:29:14,845 - INFO - 1赢了
2025-11-29 17:29:14,845 - INFO - 第2263局
2025-11-29 17:29:17,212 - INFO - 2赢了
2025-11-29 17:29:17,212 - INFO - 第2264局
2025-11-29 17:29:18,382 - INFO - 2赢了
2025-11-29 17:29:18,382 - INFO - 第2265局
2025-11-29 17:29:19,698 - INFO - 2赢了
2025-11-29 17:29:19,698 - INFO - 第2266局
2025-11-29 17:29:21,327 - INFO - 2赢了
2025-11-29 17:29:21,327 - INFO - 第2267局
2025-11-29 17:29:23,261 - INFO - 2赢了
2025-11-29 17:29:23,262 - INFO - 第2268局
2025-11-29 17:29:25,778 - INFO - 1赢了
2025-11-29 17:29:25,779 - INFO - 第2269局
2025-11-29 17:29:27,064 - INFO - 2赢了
2025-11-29 17:29:27,064 - INFO - 第2270局
2025-11-29 17:29:29,218 - INFO - 2赢了
2025-11-29 17:29:29,236 - INFO - Epoch: 0, Loss: 1.8932, Policy: 1.8780, Value: 0.0379
2025-11-29 17:29:29,874 - INFO - Epoch: 100, Loss: 1.8699, Policy: 1.8613, Value: 0.0214
2025-11-29 17:29:30,419 - INFO - Epoch: 200, Loss: 1.7435, Policy: 1.7309, Value: 0.0316
2025-11-29 17:29:30,959 - INFO - Epoch: 300, Loss: 1.9245, Policy: 1.9110, Value: 0.0337
2025-11-29 17:29:31,483 - INFO - Epoch: 400, Loss: 1.9479, Policy: 1.9337, Value: 0.0355
2025-11-29 17:29:32,016 - INFO - Epoch: 500, Loss: 1.8580, Policy: 1.8456, Value: 0.0309
2025-11-29 17:29:32,549 - INFO - Epoch: 600, Loss: 1.9117, Policy: 1.8966, Value: 0.0375
2025-11-29 17:29:33,077 - INFO - Epoch: 700, Loss: 1.8422, Policy: 1.8253, Value: 0.0423
2025-11-29 17:29:33,579 - INFO - Epoch: 800, Loss: 1.7662, Policy: 1.7559, Value: 0.0258
2025-11-29 17:29:34,110 - INFO - Epoch: 900, Loss: 1.9439, Policy: 1.9309, Value: 0.0325
2025-11-29 17:29:34,641 - INFO - Epoch: 1000, Loss: 1.8483, Policy: 1.8319, Value: 0.0409
2025-11-29 17:29:34,644 - INFO - 训练结束，最新模型已保存到 model.pth
2025-11-29 17:29:34,645 - INFO - 第2271局
2025-11-29 17:29:36,616 - INFO - 2赢了
2025-11-29 17:29:36,617 - INFO - 第2272局
2025-11-29 17:29:42,873 - INFO - 2赢了
2025-11-29 17:29:42,874 - INFO - 第2273局
2025-11-29 17:29:43,765 - INFO - 2赢了
2025-11-29 17:29:43,765 - INFO - 第2274局
2025-11-29 17:29:45,427 - INFO - 2赢了
2025-11-29 17:29:45,427 - INFO - 第2275局
2025-11-29 17:29:46,202 - INFO - 2赢了
2025-11-29 17:29:46,202 - INFO - 第2276局
2025-11-29 17:29:48,957 - INFO - 1赢了
2025-11-29 17:29:48,957 - INFO - 第2277局
2025-11-29 17:29:49,948 - INFO - 2赢了
2025-11-29 17:29:49,948 - INFO - 第2278局
2025-11-29 17:29:51,445 - INFO - 2赢了
2025-11-29 17:29:51,445 - INFO - 第2279局
2025-11-29 17:29:52,901 - INFO - 2赢了
2025-11-29 17:29:52,901 - INFO - 第2280局
2025-11-29 17:29:54,191 - INFO - 1赢了
2025-11-29 17:29:54,208 - INFO - Epoch: 0, Loss: 1.8531, Policy: 1.8378, Value: 0.0381
2025-11-29 17:29:54,834 - INFO - Epoch: 100, Loss: 1.7853, Policy: 1.7577, Value: 0.0690
2025-11-29 17:29:55,351 - INFO - Epoch: 200, Loss: 1.7734, Policy: 1.7590, Value: 0.0362
2025-11-29 17:29:55,825 - INFO - Epoch: 300, Loss: 1.8562, Policy: 1.8463, Value: 0.0248
2025-11-29 17:29:56,306 - INFO - Epoch: 400, Loss: 2.0414, Policy: 2.0306, Value: 0.0271
2025-11-29 17:29:56,802 - INFO - Epoch: 500, Loss: 1.8750, Policy: 1.8617, Value: 0.0331
2025-11-29 17:29:57,310 - INFO - Epoch: 600, Loss: 1.8896, Policy: 1.8774, Value: 0.0306
2025-11-29 17:29:57,815 - INFO - Epoch: 700, Loss: 1.7293, Policy: 1.7169, Value: 0.0312
2025-11-29 17:29:58,320 - INFO - Epoch: 800, Loss: 1.8218, Policy: 1.8135, Value: 0.0207
2025-11-29 17:29:58,813 - INFO - Epoch: 900, Loss: 1.7333, Policy: 1.7182, Value: 0.0376
2025-11-29 17:29:59,339 - INFO - Epoch: 1000, Loss: 1.9113, Policy: 1.8965, Value: 0.0371
2025-11-29 17:29:59,344 - INFO - 训练结束，最新模型已保存到 model.pth
2025-11-29 17:29:59,345 - INFO - 第2281局
2025-11-29 17:30:00,589 - INFO - 1赢了
2025-11-29 17:30:00,589 - INFO - 第2282局
2025-11-29 17:30:02,547 - INFO - 2赢了
2025-11-29 17:30:02,547 - INFO - 第2283局
2025-11-29 17:30:03,627 - INFO - 2赢了
2025-11-29 17:30:03,627 - INFO - 第2284局
2025-11-29 17:30:04,651 - INFO - 1赢了
2025-11-29 17:30:04,651 - INFO - 第2285局
2025-11-29 17:30:06,121 - INFO - 1赢了
2025-11-29 17:30:06,121 - INFO - 第2286局
2025-11-29 17:30:08,928 - INFO - 2赢了
2025-11-29 17:30:08,928 - INFO - 第2287局
2025-11-29 17:30:10,612 - INFO - 2赢了
2025-11-29 17:30:10,612 - INFO - 第2288局
2025-11-29 17:30:12,297 - INFO - 2赢了
2025-11-29 17:30:12,297 - INFO - 第2289局
2025-11-29 17:30:13,346 - INFO - 2赢了
2025-11-29 17:30:13,346 - INFO - 第2290局
2025-11-29 17:30:16,854 - INFO - 1赢了
2025-11-29 17:30:16,872 - INFO - Epoch: 0, Loss: 1.7960, Policy: 1.7854, Value: 0.0265
2025-11-29 17:30:17,530 - INFO - Epoch: 100, Loss: 1.8804, Policy: 1.8643, Value: 0.0404
2025-11-29 17:30:18,077 - INFO - Epoch: 200, Loss: 2.0101, Policy: 1.9900, Value: 0.0502
2025-11-29 17:30:18,636 - INFO - Epoch: 300, Loss: 1.8442, Policy: 1.8345, Value: 0.0243
2025-11-29 17:30:19,194 - INFO - Epoch: 400, Loss: 1.7331, Policy: 1.7230, Value: 0.0252
2025-11-29 17:30:19,729 - INFO - Epoch: 500, Loss: 1.7031, Policy: 1.6914, Value: 0.0291
2025-11-29 17:30:20,287 - INFO - Epoch: 600, Loss: 1.8715, Policy: 1.8606, Value: 0.0272
2025-11-29 17:30:20,813 - INFO - Epoch: 700, Loss: 1.8916, Policy: 1.8729, Value: 0.0469
2025-11-29 17:30:21,326 - INFO - Epoch: 800, Loss: 1.9450, Policy: 1.9305, Value: 0.0363
2025-11-29 17:30:21,835 - INFO - Epoch: 900, Loss: 1.9507, Policy: 1.9347, Value: 0.0399
2025-11-29 17:30:22,366 - INFO - Epoch: 1000, Loss: 1.8813, Policy: 1.8709, Value: 0.0258
2025-11-29 17:30:22,370 - INFO - 训练结束，最新模型已保存到 model.pth
2025-11-29 17:30:22,371 - INFO - 第2291局
2025-11-29 17:30:24,083 - INFO - 2赢了
2025-11-29 17:30:24,083 - INFO - 第2292局
2025-11-29 17:30:25,958 - INFO - 1赢了
2025-11-29 17:30:25,959 - INFO - 第2293局
2025-11-29 17:30:28,918 - INFO - 2赢了
2025-11-29 17:30:28,919 - INFO - 第2294局
2025-11-29 17:30:29,947 - INFO - 1赢了
2025-11-29 17:30:29,947 - INFO - 第2295局
2025-11-29 17:30:31,575 - INFO - 1赢了
2025-11-29 17:30:31,575 - INFO - 第2296局
2025-11-29 17:30:37,636 - INFO - 1赢了
2025-11-29 17:30:37,636 - INFO - 第2297局
2025-11-29 17:30:38,434 - INFO - 2赢了
2025-11-29 17:30:38,434 - INFO - 第2298局
2025-11-29 17:30:40,371 - INFO - 2赢了
2025-11-29 17:30:40,371 - INFO - 第2299局
2025-11-29 17:30:41,966 - INFO - 2赢了
2025-11-29 17:30:41,966 - INFO - 第2300局
2025-11-29 17:30:43,403 - INFO - 2赢了
2025-11-29 17:30:43,423 - INFO - Epoch: 0, Loss: 1.7667, Policy: 1.7541, Value: 0.0315
2025-11-29 17:30:44,031 - INFO - Epoch: 100, Loss: 1.7508, Policy: 1.7337, Value: 0.0428
2025-11-29 17:30:44,565 - INFO - Epoch: 200, Loss: 1.7884, Policy: 1.7724, Value: 0.0401
2025-11-29 17:30:45,110 - INFO - Epoch: 300, Loss: 2.0321, Policy: 2.0200, Value: 0.0302
2025-11-29 17:30:45,674 - INFO - Epoch: 400, Loss: 1.9249, Policy: 1.9041, Value: 0.0521
2025-11-29 17:30:46,206 - INFO - Epoch: 500, Loss: 1.9606, Policy: 1.9508, Value: 0.0246
2025-11-29 17:30:46,734 - INFO - Epoch: 600, Loss: 1.8418, Policy: 1.8283, Value: 0.0336
2025-11-29 17:30:48,623 - INFO - Epoch: 700, Loss: 1.8199, Policy: 1.8062, Value: 0.0343
2025-11-29 17:30:49,177 - INFO - Epoch: 800, Loss: 1.9318, Policy: 1.9210, Value: 0.0269
2025-11-29 17:30:49,731 - INFO - Epoch: 900, Loss: 1.6669, Policy: 1.6546, Value: 0.0308
2025-11-29 17:30:50,278 - INFO - Epoch: 1000, Loss: 1.9562, Policy: 1.9437, Value: 0.0312
2025-11-29 17:30:50,282 - INFO - 训练结束，最新模型已保存到 model.pth
2025-11-29 17:30:50,283 - INFO - 第2301局
2025-11-29 17:30:51,555 - INFO - 2赢了
2025-11-29 17:30:51,555 - INFO - 第2302局
2025-11-29 17:30:53,854 - INFO - 2赢了
2025-11-29 17:30:53,854 - INFO - 第2303局
2025-11-29 17:30:55,003 - INFO - 1赢了
2025-11-29 17:30:55,003 - INFO - 第2304局
2025-11-29 17:30:55,935 - INFO - 2赢了
2025-11-29 17:30:55,936 - INFO - 第2305局
2025-11-29 17:30:56,882 - INFO - 2赢了
2025-11-29 17:30:56,882 - INFO - 第2306局
2025-11-29 17:30:59,084 - INFO - 1赢了
2025-11-29 17:30:59,084 - INFO - 第2307局
2025-11-29 17:31:02,106 - INFO - 2赢了
2025-11-29 17:31:02,106 - INFO - 第2308局
2025-11-29 17:31:03,825 - INFO - 2赢了
2025-11-29 17:31:03,825 - INFO - 第2309局
2025-11-29 17:31:05,219 - INFO - 2赢了
2025-11-29 17:31:05,219 - INFO - 第2310局
2025-11-29 17:31:06,610 - INFO - 1赢了
2025-11-29 17:31:06,627 - INFO - Epoch: 0, Loss: 1.9122, Policy: 1.8973, Value: 0.0373
2025-11-29 17:31:07,250 - INFO - Epoch: 100, Loss: 1.7902, Policy: 1.7642, Value: 0.0648
2025-11-29 17:31:07,780 - INFO - Epoch: 200, Loss: 1.8937, Policy: 1.8777, Value: 0.0399
2025-11-29 17:31:08,319 - INFO - Epoch: 300, Loss: 1.6946, Policy: 1.6822, Value: 0.0311
2025-11-29 17:31:08,846 - INFO - Epoch: 400, Loss: 1.7199, Policy: 1.7076, Value: 0.0308
2025-11-29 17:31:09,386 - INFO - Epoch: 500, Loss: 1.9823, Policy: 1.9644, Value: 0.0446
2025-11-29 17:31:09,905 - INFO - Epoch: 600, Loss: 1.8749, Policy: 1.8613, Value: 0.0340
2025-11-29 17:31:10,395 - INFO - Epoch: 700, Loss: 1.9633, Policy: 1.9513, Value: 0.0300
2025-11-29 17:31:10,876 - INFO - Epoch: 800, Loss: 1.7176, Policy: 1.7068, Value: 0.0270
2025-11-29 17:31:11,358 - INFO - Epoch: 900, Loss: 1.9451, Policy: 1.9341, Value: 0.0274
2025-11-29 17:31:11,836 - INFO - Epoch: 1000, Loss: 1.9076, Policy: 1.8942, Value: 0.0335
2025-11-29 17:31:11,839 - INFO - 训练结束，最新模型已保存到 model.pth
2025-11-29 17:31:11,840 - INFO - 第2311局
2025-11-29 17:31:13,104 - INFO - 2赢了
2025-11-29 17:31:13,104 - INFO - 第2312局
2025-11-29 17:31:14,185 - INFO - 1赢了
2025-11-29 17:31:14,185 - INFO - 第2313局
2025-11-29 17:31:17,116 - INFO - 2赢了
2025-11-29 17:31:17,116 - INFO - 第2314局
2025-11-29 17:31:18,933 - INFO - 2赢了
2025-11-29 17:31:18,933 - INFO - 第2315局
2025-11-29 17:31:23,443 - INFO - 2赢了
2025-11-29 17:31:23,443 - INFO - 第2316局
2025-11-29 17:31:26,464 - INFO - 2赢了
2025-11-29 17:31:26,465 - INFO - 第2317局
2025-11-29 17:31:27,612 - INFO - 1赢了
2025-11-29 17:31:27,612 - INFO - 第2318局
2025-11-29 17:31:30,159 - INFO - 2赢了
2025-11-29 17:31:30,159 - INFO - 第2319局
2025-11-29 17:31:31,894 - INFO - 2赢了
2025-11-29 17:31:31,894 - INFO - 第2320局
2025-11-29 17:31:33,327 - INFO - 2赢了
2025-11-29 17:31:33,338 - INFO - Epoch: 0, Loss: 1.9206, Policy: 1.9093, Value: 0.0284
2025-11-29 17:31:33,935 - INFO - Epoch: 100, Loss: 1.7858, Policy: 1.7762, Value: 0.0242
2025-11-29 17:31:34,444 - INFO - Epoch: 200, Loss: 1.8764, Policy: 1.8575, Value: 0.0472
2025-11-29 17:31:34,959 - INFO - Epoch: 300, Loss: 1.9275, Policy: 1.9119, Value: 0.0390
2025-11-29 17:31:35,455 - INFO - Epoch: 400, Loss: 1.7568, Policy: 1.7436, Value: 0.0329
2025-11-29 17:31:35,960 - INFO - Epoch: 500, Loss: 1.8781, Policy: 1.8665, Value: 0.0291
2025-11-29 17:31:36,461 - INFO - Epoch: 600, Loss: 1.7904, Policy: 1.7772, Value: 0.0328
2025-11-29 17:31:36,959 - INFO - Epoch: 700, Loss: 1.8097, Policy: 1.7922, Value: 0.0437
2025-11-29 17:31:37,462 - INFO - Epoch: 800, Loss: 1.9338, Policy: 1.9217, Value: 0.0302
2025-11-29 17:31:37,967 - INFO - Epoch: 900, Loss: 1.8078, Policy: 1.7985, Value: 0.0232
2025-11-29 17:31:38,485 - INFO - Epoch: 1000, Loss: 1.8923, Policy: 1.8779, Value: 0.0361
2025-11-29 17:31:38,488 - INFO - 训练结束，最新模型已保存到 model.pth
2025-11-29 17:31:38,489 - INFO - 第2321局
2025-11-29 17:31:39,377 - INFO - 2赢了
2025-11-29 17:31:39,377 - INFO - 第2322局
2025-11-29 17:31:40,321 - INFO - 2赢了
2025-11-29 17:31:40,321 - INFO - 第2323局
2025-11-29 17:31:41,568 - INFO - 2赢了
2025-11-29 17:31:41,568 - INFO - 第2324局
2025-11-29 17:31:44,104 - INFO - 2赢了
2025-11-29 17:31:44,104 - INFO - 第2325局
2025-11-29 17:31:45,192 - INFO - 1赢了
2025-11-29 17:31:45,192 - INFO - 第2326局
2025-11-29 17:31:48,023 - INFO - 2赢了
2025-11-29 17:31:48,023 - INFO - 第2327局
2025-11-29 17:31:48,936 - INFO - 2赢了
2025-11-29 17:31:48,936 - INFO - 第2328局
2025-11-29 17:31:50,110 - INFO - 1赢了
2025-11-29 17:31:50,110 - INFO - 第2329局
2025-11-29 17:31:52,081 - INFO - 2赢了
2025-11-29 17:31:52,081 - INFO - 第2330局
2025-11-29 17:31:54,057 - INFO - 2赢了
2025-11-29 17:31:54,074 - INFO - Epoch: 0, Loss: 1.8945, Policy: 1.8791, Value: 0.0384
2025-11-29 17:31:54,664 - INFO - Epoch: 100, Loss: 1.8746, Policy: 1.8587, Value: 0.0397
2025-11-29 17:31:55,186 - INFO - Epoch: 200, Loss: 1.8125, Policy: 1.8018, Value: 0.0266
2025-11-29 17:31:55,692 - INFO - Epoch: 300, Loss: 1.8641, Policy: 1.8545, Value: 0.0239
2025-11-29 17:31:56,191 - INFO - Epoch: 400, Loss: 1.7694, Policy: 1.7613, Value: 0.0205
2025-11-29 17:31:56,705 - INFO - Epoch: 500, Loss: 1.9005, Policy: 1.8819, Value: 0.0466
2025-11-29 17:31:57,212 - INFO - Epoch: 600, Loss: 1.7052, Policy: 1.6819, Value: 0.0582
2025-11-29 17:31:57,718 - INFO - Epoch: 700, Loss: 1.9460, Policy: 1.9305, Value: 0.0387
2025-11-29 17:31:58,224 - INFO - Epoch: 800, Loss: 1.9003, Policy: 1.8740, Value: 0.0657
2025-11-29 17:31:58,709 - INFO - Epoch: 900, Loss: 1.8819, Policy: 1.8708, Value: 0.0278
2025-11-29 17:31:59,203 - INFO - Epoch: 1000, Loss: 1.7954, Policy: 1.7795, Value: 0.0396
2025-11-29 17:31:59,206 - INFO - 训练结束，最新模型已保存到 model.pth
2025-11-29 17:31:59,207 - INFO - 第2331局
2025-11-29 17:32:02,113 - INFO - 2赢了
2025-11-29 17:32:02,113 - INFO - 第2332局
2025-11-29 17:32:04,185 - INFO - 2赢了
2025-11-29 17:32:04,185 - INFO - 第2333局
2025-11-29 17:32:06,306 - INFO - 2赢了
2025-11-29 17:32:06,306 - INFO - 第2334局
2025-11-29 17:32:09,079 - INFO - 2赢了
2025-11-29 17:32:09,079 - INFO - 第2335局
2025-11-29 17:32:13,717 - INFO - 1赢了
2025-11-29 17:32:13,718 - INFO - 第2336局
2025-11-29 17:32:14,778 - INFO - 2赢了
2025-11-29 17:32:14,779 - INFO - 第2337局
2025-11-29 17:32:17,830 - INFO - 2赢了
2025-11-29 17:32:17,830 - INFO - 第2338局
2025-11-29 17:32:18,898 - INFO - 2赢了
2025-11-29 17:32:18,898 - INFO - 第2339局
2025-11-29 17:32:20,491 - INFO - 2赢了
2025-11-29 17:32:20,492 - INFO - 第2340局
2025-11-29 17:32:21,830 - INFO - 2赢了
2025-11-29 17:32:21,848 - INFO - Epoch: 0, Loss: 1.7466, Policy: 1.7332, Value: 0.0336
2025-11-29 17:32:22,434 - INFO - Epoch: 100, Loss: 1.9548, Policy: 1.9388, Value: 0.0400
2025-11-29 17:32:22,995 - INFO - Epoch: 200, Loss: 1.8675, Policy: 1.8499, Value: 0.0439
2025-11-29 17:32:23,524 - INFO - Epoch: 300, Loss: 1.8909, Policy: 1.8733, Value: 0.0440
2025-11-29 17:32:24,087 - INFO - Epoch: 400, Loss: 1.8194, Policy: 1.8024, Value: 0.0425
2025-11-29 17:32:24,628 - INFO - Epoch: 500, Loss: 1.8688, Policy: 1.8571, Value: 0.0292
2025-11-29 17:32:25,151 - INFO - Epoch: 600, Loss: 1.9163, Policy: 1.9006, Value: 0.0392
2025-11-29 17:32:25,657 - INFO - Epoch: 700, Loss: 1.7346, Policy: 1.7156, Value: 0.0475
2025-11-29 17:32:26,186 - INFO - Epoch: 800, Loss: 1.9062, Policy: 1.8881, Value: 0.0450
2025-11-29 17:32:26,707 - INFO - Epoch: 900, Loss: 1.9006, Policy: 1.8906, Value: 0.0251
2025-11-29 17:32:27,251 - INFO - Epoch: 1000, Loss: 1.8333, Policy: 1.8245, Value: 0.0221
2025-11-29 17:32:27,255 - INFO - 训练结束，最新模型已保存到 model.pth
2025-11-29 17:32:27,255 - INFO - 第2341局
2025-11-29 17:32:29,462 - INFO - 2赢了
2025-11-29 17:32:29,462 - INFO - 第2342局
2025-11-29 17:32:32,281 - INFO - 2赢了
2025-11-29 17:32:32,281 - INFO - 第2343局
2025-11-29 17:32:35,641 - INFO - 2赢了
2025-11-29 17:32:35,641 - INFO - 第2344局
2025-11-29 17:32:37,627 - INFO - 1赢了
2025-11-29 17:32:37,627 - INFO - 第2345局
2025-11-29 17:32:38,695 - INFO - 2赢了
2025-11-29 17:32:38,695 - INFO - 第2346局
2025-11-29 17:32:40,524 - INFO - 2赢了
2025-11-29 17:32:40,524 - INFO - 第2347局
2025-11-29 17:32:42,483 - INFO - 2赢了
2025-11-29 17:32:42,484 - INFO - 第2348局
2025-11-29 17:32:46,338 - INFO - 1赢了
2025-11-29 17:32:46,338 - INFO - 第2349局
2025-11-29 17:32:47,409 - INFO - 2赢了
2025-11-29 17:32:47,409 - INFO - 第2350局
2025-11-29 17:32:48,667 - INFO - 1赢了
2025-11-29 17:32:48,683 - INFO - Epoch: 0, Loss: 1.8680, Policy: 1.8532, Value: 0.0368
2025-11-29 17:32:49,247 - INFO - Epoch: 100, Loss: 1.8419, Policy: 1.8290, Value: 0.0322
2025-11-29 17:32:49,739 - INFO - Epoch: 200, Loss: 1.7302, Policy: 1.7130, Value: 0.0430
2025-11-29 17:32:50,238 - INFO - Epoch: 300, Loss: 1.7547, Policy: 1.7407, Value: 0.0349
2025-11-29 17:32:50,750 - INFO - Epoch: 400, Loss: 1.9630, Policy: 1.9479, Value: 0.0378
2025-11-29 17:32:51,268 - INFO - Epoch: 500, Loss: 1.8800, Policy: 1.8659, Value: 0.0353
2025-11-29 17:32:51,762 - INFO - Epoch: 600, Loss: 1.8713, Policy: 1.8571, Value: 0.0355
2025-11-29 17:32:52,258 - INFO - Epoch: 700, Loss: 1.9238, Policy: 1.9121, Value: 0.0292
2025-11-29 17:32:52,761 - INFO - Epoch: 800, Loss: 1.8832, Policy: 1.8709, Value: 0.0307
2025-11-29 17:32:53,267 - INFO - Epoch: 900, Loss: 1.9190, Policy: 1.8932, Value: 0.0647
2025-11-29 17:32:53,792 - INFO - Epoch: 1000, Loss: 1.9451, Policy: 1.9340, Value: 0.0278
2025-11-29 17:32:53,796 - INFO - 训练结束，最新模型已保存到 model.pth
2025-11-29 17:32:53,797 - INFO - 第2351局
2025-11-29 17:32:54,718 - INFO - 2赢了
2025-11-29 17:32:54,718 - INFO - 第2352局
2025-11-29 17:32:55,791 - INFO - 1赢了
2025-11-29 17:32:55,791 - INFO - 第2353局
2025-11-29 17:32:58,534 - INFO - 1赢了
2025-11-29 17:32:58,534 - INFO - 第2354局
2025-11-29 17:33:01,364 - INFO - 2赢了
2025-11-29 17:33:01,364 - INFO - 第2355局
2025-11-29 17:33:03,709 - INFO - 1赢了
2025-11-29 17:33:03,709 - INFO - 第2356局
2025-11-29 17:33:04,942 - INFO - 1赢了
2025-11-29 17:33:04,942 - INFO - 第2357局
2025-11-29 17:33:06,544 - INFO - 1赢了
2025-11-29 17:33:06,544 - INFO - 第2358局
2025-11-29 17:33:08,142 - INFO - 2赢了
2025-11-29 17:33:08,142 - INFO - 第2359局
2025-11-29 17:33:10,965 - INFO - 1赢了
2025-11-29 17:33:10,965 - INFO - 第2360局
2025-11-29 17:33:14,214 - INFO - 2赢了
2025-11-29 17:33:14,234 - INFO - Epoch: 0, Loss: 1.7253, Policy: 1.7105, Value: 0.0370
2025-11-29 17:33:14,857 - INFO - Epoch: 100, Loss: 1.7878, Policy: 1.7789, Value: 0.0222
2025-11-29 17:33:15,377 - INFO - Epoch: 200, Loss: 1.7814, Policy: 1.7711, Value: 0.0257
2025-11-29 17:33:15,884 - INFO - Epoch: 300, Loss: 1.7444, Policy: 1.7350, Value: 0.0235
2025-11-29 17:33:16,392 - INFO - Epoch: 400, Loss: 1.8548, Policy: 1.8400, Value: 0.0372
2025-11-29 17:33:16,899 - INFO - Epoch: 500, Loss: 1.9745, Policy: 1.9629, Value: 0.0290
2025-11-29 17:33:17,414 - INFO - Epoch: 600, Loss: 1.8696, Policy: 1.8402, Value: 0.0734
2025-11-29 17:33:19,297 - INFO - Epoch: 700, Loss: 1.8931, Policy: 1.8642, Value: 0.0721
2025-11-29 17:33:19,796 - INFO - Epoch: 800, Loss: 1.8893, Policy: 1.8779, Value: 0.0285
2025-11-29 17:33:20,291 - INFO - Epoch: 900, Loss: 1.8411, Policy: 1.8262, Value: 0.0374
2025-11-29 17:33:20,791 - INFO - Epoch: 1000, Loss: 1.8875, Policy: 1.8797, Value: 0.0195
2025-11-29 17:33:20,795 - INFO - 训练结束，最新模型已保存到 model.pth
2025-11-29 17:33:20,796 - INFO - 第2361局
2025-11-29 17:33:22,072 - INFO - 2赢了
2025-11-29 17:33:22,072 - INFO - 第2362局
2025-11-29 17:33:23,091 - INFO - 1赢了
2025-11-29 17:33:23,091 - INFO - 第2363局
2025-11-29 17:33:24,493 - INFO - 2赢了
2025-11-29 17:33:24,493 - INFO - 第2364局
2025-11-29 17:33:25,679 - INFO - 2赢了
2025-11-29 17:33:25,679 - INFO - 第2365局
2025-11-29 17:33:27,065 - INFO - 2赢了
2025-11-29 17:33:27,066 - INFO - 第2366局
2025-11-29 17:33:28,374 - INFO - 1赢了
2025-11-29 17:33:28,374 - INFO - 第2367局
2025-11-29 17:33:29,416 - INFO - 2赢了
2025-11-29 17:33:29,416 - INFO - 第2368局
2025-11-29 17:33:31,796 - INFO - 2赢了
2025-11-29 17:33:31,796 - INFO - 第2369局
2025-11-29 17:33:33,197 - INFO - 1赢了
2025-11-29 17:33:33,197 - INFO - 第2370局
2025-11-29 17:33:35,939 - INFO - 2赢了
2025-11-29 17:33:35,955 - INFO - Epoch: 0, Loss: 1.9773, Policy: 1.9503, Value: 0.0676
2025-11-29 17:33:36,567 - INFO - Epoch: 100, Loss: 1.8556, Policy: 1.8459, Value: 0.0241
2025-11-29 17:33:37,071 - INFO - Epoch: 200, Loss: 1.9347, Policy: 1.9212, Value: 0.0336
2025-11-29 17:33:37,585 - INFO - Epoch: 300, Loss: 1.7972, Policy: 1.7861, Value: 0.0278
2025-11-29 17:33:38,096 - INFO - Epoch: 400, Loss: 1.8588, Policy: 1.8448, Value: 0.0349
2025-11-29 17:33:38,607 - INFO - Epoch: 500, Loss: 1.9802, Policy: 1.9601, Value: 0.0504
2025-11-29 17:33:39,130 - INFO - Epoch: 600, Loss: 1.7786, Policy: 1.7665, Value: 0.0302
2025-11-29 17:33:39,685 - INFO - Epoch: 700, Loss: 1.8689, Policy: 1.8570, Value: 0.0299
2025-11-29 17:33:40,189 - INFO - Epoch: 800, Loss: 1.8835, Policy: 1.8718, Value: 0.0293
2025-11-29 17:33:40,699 - INFO - Epoch: 900, Loss: 1.9143, Policy: 1.9042, Value: 0.0251
2025-11-29 17:33:41,209 - INFO - Epoch: 1000, Loss: 1.8136, Policy: 1.8015, Value: 0.0302
2025-11-29 17:33:41,213 - INFO - 训练结束，最新模型已保存到 model.pth
2025-11-29 17:33:41,214 - INFO - 第2371局
2025-11-29 17:33:45,640 - INFO - 2赢了
2025-11-29 17:33:45,640 - INFO - 第2372局
2025-11-29 17:33:46,532 - INFO - 2赢了
2025-11-29 17:33:46,533 - INFO - 第2373局
2025-11-29 17:33:47,869 - INFO - 2赢了
2025-11-29 17:33:47,869 - INFO - 第2374局
2025-11-29 17:33:49,578 - INFO - 2赢了
2025-11-29 17:33:49,578 - INFO - 第2375局
2025-11-29 17:33:51,261 - INFO - 2赢了
2025-11-29 17:33:51,261 - INFO - 第2376局
2025-11-29 17:33:55,110 - INFO - 2赢了
2025-11-29 17:33:55,110 - INFO - 第2377局
2025-11-29 17:33:56,184 - INFO - 2赢了
2025-11-29 17:33:56,184 - INFO - 第2378局
2025-11-29 17:34:03,798 - INFO - 2赢了
2025-11-29 17:34:03,798 - INFO - 第2379局
2025-11-29 17:34:04,814 - INFO - 2赢了
2025-11-29 17:34:04,815 - INFO - 第2380局
2025-11-29 17:34:06,709 - INFO - 2赢了
2025-11-29 17:34:06,720 - INFO - Epoch: 0, Loss: 1.8982, Policy: 1.8820, Value: 0.0405
2025-11-29 17:34:07,329 - INFO - Epoch: 100, Loss: 1.9305, Policy: 1.9136, Value: 0.0422
2025-11-29 17:34:07,834 - INFO - Epoch: 200, Loss: 1.9333, Policy: 1.9223, Value: 0.0275
2025-11-29 17:34:08,352 - INFO - Epoch: 300, Loss: 1.6587, Policy: 1.6417, Value: 0.0426
2025-11-29 17:34:08,891 - INFO - Epoch: 400, Loss: 1.8237, Policy: 1.8132, Value: 0.0261
2025-11-29 17:34:09,429 - INFO - Epoch: 500, Loss: 1.8284, Policy: 1.8159, Value: 0.0313
2025-11-29 17:34:09,970 - INFO - Epoch: 600, Loss: 1.7286, Policy: 1.7135, Value: 0.0378
2025-11-29 17:34:10,553 - INFO - Epoch: 700, Loss: 1.9441, Policy: 1.9318, Value: 0.0308
2025-11-29 17:34:11,135 - INFO - Epoch: 800, Loss: 1.8055, Policy: 1.7893, Value: 0.0404
2025-11-29 17:34:11,705 - INFO - Epoch: 900, Loss: 2.0228, Policy: 2.0095, Value: 0.0332
2025-11-29 17:34:12,281 - INFO - Epoch: 1000, Loss: 1.8024, Policy: 1.7849, Value: 0.0438
2025-11-29 17:34:12,285 - INFO - 训练结束，最新模型已保存到 model.pth
2025-11-29 17:34:12,286 - INFO - 第2381局
2025-11-29 17:34:14,662 - INFO - 2赢了
2025-11-29 17:34:14,663 - INFO - 第2382局
2025-11-29 17:34:15,786 - INFO - 2赢了
2025-11-29 17:34:15,786 - INFO - 第2383局
2025-11-29 17:34:17,888 - INFO - 2赢了
2025-11-29 17:34:17,888 - INFO - 第2384局
2025-11-29 17:34:20,668 - INFO - 2赢了
2025-11-29 17:34:20,668 - INFO - 第2385局
2025-11-29 17:34:23,543 - INFO - 1赢了
2025-11-29 17:34:23,543 - INFO - 第2386局
2025-11-29 17:34:26,931 - INFO - 2赢了
2025-11-29 17:34:26,931 - INFO - 第2387局
2025-11-29 17:34:29,660 - INFO - 2赢了
2025-11-29 17:34:29,660 - INFO - 第2388局
2025-11-29 17:34:31,206 - INFO - 2赢了
2025-11-29 17:34:31,207 - INFO - 第2389局
2025-11-29 17:34:32,172 - INFO - 2赢了
2025-11-29 17:34:32,173 - INFO - 第2390局
2025-11-29 17:34:33,728 - INFO - 2赢了
2025-11-29 17:34:33,746 - INFO - Epoch: 0, Loss: 1.8526, Policy: 1.8386, Value: 0.0351
2025-11-29 17:34:34,359 - INFO - Epoch: 100, Loss: 1.8079, Policy: 1.7940, Value: 0.0347
2025-11-29 17:34:34,880 - INFO - Epoch: 200, Loss: 1.8397, Policy: 1.8267, Value: 0.0326
2025-11-29 17:34:35,399 - INFO - Epoch: 300, Loss: 1.9991, Policy: 1.9877, Value: 0.0286
2025-11-29 17:34:35,906 - INFO - Epoch: 400, Loss: 1.8608, Policy: 1.8492, Value: 0.0290
2025-11-29 17:34:36,412 - INFO - Epoch: 500, Loss: 1.8548, Policy: 1.8419, Value: 0.0323
2025-11-29 17:34:36,933 - INFO - Epoch: 600, Loss: 1.8239, Policy: 1.8059, Value: 0.0448
2025-11-29 17:34:37,443 - INFO - Epoch: 700, Loss: 1.8951, Policy: 1.8807, Value: 0.0358
2025-11-29 17:34:37,951 - INFO - Epoch: 800, Loss: 1.9692, Policy: 1.9575, Value: 0.0292
2025-11-29 17:34:38,462 - INFO - Epoch: 900, Loss: 1.9704, Policy: 1.9601, Value: 0.0258
2025-11-29 17:34:38,966 - INFO - Epoch: 1000, Loss: 1.9651, Policy: 1.9443, Value: 0.0520
2025-11-29 17:34:38,969 - INFO - 训练结束，最新模型已保存到 model.pth
2025-11-29 17:34:38,970 - INFO - 第2391局
2025-11-29 17:34:40,368 - INFO - 2赢了
2025-11-29 17:34:40,368 - INFO - 第2392局
2025-11-29 17:34:41,309 - INFO - 2赢了
2025-11-29 17:34:41,310 - INFO - 第2393局
2025-11-29 17:34:42,963 - INFO - 1赢了
2025-11-29 17:34:42,963 - INFO - 第2394局
2025-11-29 17:34:44,814 - INFO - 2赢了
2025-11-29 17:34:44,815 - INFO - 第2395局
2025-11-29 17:34:46,717 - INFO - 2赢了
2025-11-29 17:34:46,717 - INFO - 第2396局
2025-11-29 17:34:48,978 - INFO - 2赢了
2025-11-29 17:34:48,978 - INFO - 第2397局
2025-11-29 17:34:50,557 - INFO - 2赢了
2025-11-29 17:34:50,557 - INFO - 第2398局
2025-11-29 17:34:52,444 - INFO - 2赢了
2025-11-29 17:34:52,444 - INFO - 第2399局
2025-11-29 17:34:55,035 - INFO - 2赢了
2025-11-29 17:34:55,035 - INFO - 第2400局
2025-11-29 17:34:56,523 - INFO - 2赢了
2025-11-29 17:34:56,542 - INFO - Epoch: 0, Loss: 1.8636, Policy: 1.8472, Value: 0.0408
2025-11-29 17:34:57,136 - INFO - Epoch: 100, Loss: 1.9066, Policy: 1.8942, Value: 0.0312
2025-11-29 17:34:57,655 - INFO - Epoch: 200, Loss: 1.9614, Policy: 1.9508, Value: 0.0265
2025-11-29 17:34:58,158 - INFO - Epoch: 300, Loss: 1.8910, Policy: 1.8799, Value: 0.0278
2025-11-29 17:34:58,658 - INFO - Epoch: 400, Loss: 1.7366, Policy: 1.7232, Value: 0.0333
2025-11-29 17:35:00,637 - INFO - Epoch: 500, Loss: 1.9332, Policy: 1.9187, Value: 0.0364
2025-11-29 17:35:01,153 - INFO - Epoch: 600, Loss: 1.8503, Policy: 1.8351, Value: 0.0381
2025-11-29 17:35:01,678 - INFO - Epoch: 700, Loss: 1.9122, Policy: 1.8967, Value: 0.0389
2025-11-29 17:35:02,209 - INFO - Epoch: 800, Loss: 1.7064, Policy: 1.6930, Value: 0.0334
2025-11-29 17:35:02,722 - INFO - Epoch: 900, Loss: 1.8231, Policy: 1.8095, Value: 0.0340
2025-11-29 17:35:03,240 - INFO - Epoch: 1000, Loss: 1.9547, Policy: 1.9395, Value: 0.0381
2025-11-29 17:35:03,244 - INFO - 训练结束，最新模型已保存到 model.pth
2025-11-29 17:35:03,246 - INFO - 保存模型快照: /home/ktfine/IAteamwork/AlphaZero_Five/models/model_game_2400.pth
2025-11-29 17:35:03,246 - INFO - 缓存区数据量: 22080
2025-11-29 17:35:05,200 - INFO - 第2401局
2025-11-29 17:35:08,679 - INFO - 1赢了
2025-11-29 17:35:08,679 - INFO - 第2402局
2025-11-29 17:35:10,996 - INFO - 2赢了
2025-11-29 17:35:10,996 - INFO - 第2403局
2025-11-29 17:35:15,259 - INFO - 2赢了
2025-11-29 17:35:15,259 - INFO - 第2404局
2025-11-29 17:35:18,755 - INFO - 2赢了
2025-11-29 17:35:18,756 - INFO - 第2405局
2025-11-29 17:35:20,461 - INFO - 2赢了
2025-11-29 17:35:20,461 - INFO - 第2406局
2025-11-29 17:35:22,149 - INFO - 2赢了
2025-11-29 17:35:22,150 - INFO - 第2407局
2025-11-29 17:35:34,476 - INFO - 2赢了
2025-11-29 17:35:34,477 - INFO - 第2408局
2025-11-29 17:35:36,120 - INFO - 1赢了
2025-11-29 17:35:36,120 - INFO - 第2409局
2025-11-29 17:35:40,379 - INFO - 2赢了
2025-11-29 17:35:40,380 - INFO - 第2410局
2025-11-29 17:35:41,836 - INFO - 1赢了
2025-11-29 17:35:41,854 - INFO - Epoch: 0, Loss: 1.8831, Policy: 1.8730, Value: 0.0251
2025-11-29 17:35:42,419 - INFO - Epoch: 100, Loss: 1.8271, Policy: 1.8179, Value: 0.0230
2025-11-29 17:35:42,930 - INFO - Epoch: 200, Loss: 1.9040, Policy: 1.8895, Value: 0.0361
2025-11-29 17:35:43,437 - INFO - Epoch: 300, Loss: 1.8821, Policy: 1.8634, Value: 0.0468
2025-11-29 17:35:43,943 - INFO - Epoch: 400, Loss: 1.7322, Policy: 1.7088, Value: 0.0584
2025-11-29 17:35:44,450 - INFO - Epoch: 500, Loss: 1.9011, Policy: 1.8879, Value: 0.0330
2025-11-29 17:35:44,954 - INFO - Epoch: 600, Loss: 1.8245, Policy: 1.8120, Value: 0.0312
2025-11-29 17:35:45,448 - INFO - Epoch: 700, Loss: 1.9551, Policy: 1.9451, Value: 0.0250
2025-11-29 17:35:45,953 - INFO - Epoch: 800, Loss: 1.7887, Policy: 1.7743, Value: 0.0362
2025-11-29 17:35:46,444 - INFO - Epoch: 900, Loss: 1.8041, Policy: 1.7929, Value: 0.0280
2025-11-29 17:35:46,957 - INFO - Epoch: 1000, Loss: 1.8675, Policy: 1.8471, Value: 0.0509
2025-11-29 17:35:46,960 - INFO - 训练结束，最新模型已保存到 model.pth
2025-11-29 17:35:46,961 - INFO - 第2411局
2025-11-29 17:35:48,478 - INFO - 2赢了
2025-11-29 17:35:48,478 - INFO - 第2412局
2025-11-29 17:35:49,850 - INFO - 2赢了
2025-11-29 17:35:49,850 - INFO - 第2413局
2025-11-29 17:35:51,599 - INFO - 2赢了
2025-11-29 17:35:51,599 - INFO - 第2414局
2025-11-29 17:35:53,931 - INFO - 2赢了
2025-11-29 17:35:53,931 - INFO - 第2415局
2025-11-29 17:35:54,904 - INFO - 2赢了
2025-11-29 17:35:54,905 - INFO - 第2416局
2025-11-29 17:35:57,035 - INFO - 2赢了
2025-11-29 17:35:57,035 - INFO - 第2417局
2025-11-29 17:35:58,012 - INFO - 2赢了
2025-11-29 17:35:58,012 - INFO - 第2418局
2025-11-29 17:36:00,210 - INFO - 2赢了
2025-11-29 17:36:00,210 - INFO - 第2419局
2025-11-29 17:36:02,602 - INFO - 2赢了
2025-11-29 17:36:02,602 - INFO - 第2420局
2025-11-29 17:36:04,659 - INFO - 2赢了
2025-11-29 17:36:04,671 - INFO - Epoch: 0, Loss: 1.8202, Policy: 1.8120, Value: 0.0205
2025-11-29 17:36:05,308 - INFO - Epoch: 100, Loss: 1.9558, Policy: 1.9385, Value: 0.0433
2025-11-29 17:36:05,821 - INFO - Epoch: 200, Loss: 1.8133, Policy: 1.7985, Value: 0.0370
2025-11-29 17:36:07,799 - INFO - Epoch: 300, Loss: 1.9541, Policy: 1.9403, Value: 0.0345
2025-11-29 17:36:08,300 - INFO - Epoch: 400, Loss: 1.8361, Policy: 1.8225, Value: 0.0340
2025-11-29 17:36:08,825 - INFO - Epoch: 500, Loss: 1.9036, Policy: 1.8887, Value: 0.0373
2025-11-29 17:36:09,337 - INFO - Epoch: 600, Loss: 1.7327, Policy: 1.7203, Value: 0.0311
2025-11-29 17:36:09,893 - INFO - Epoch: 700, Loss: 1.7926, Policy: 1.7803, Value: 0.0307
2025-11-29 17:36:10,445 - INFO - Epoch: 800, Loss: 2.0733, Policy: 2.0599, Value: 0.0335
2025-11-29 17:36:11,002 - INFO - Epoch: 900, Loss: 1.8821, Policy: 1.8711, Value: 0.0276
2025-11-29 17:36:11,533 - INFO - Epoch: 1000, Loss: 1.8999, Policy: 1.8860, Value: 0.0348
2025-11-29 17:36:11,537 - INFO - 训练结束，最新模型已保存到 model.pth
2025-11-29 17:36:11,538 - INFO - 第2421局
2025-11-29 17:36:12,331 - INFO - 2赢了
2025-11-29 17:36:12,331 - INFO - 第2422局
2025-11-29 17:36:13,987 - INFO - 2赢了
2025-11-29 17:36:13,987 - INFO - 第2423局
2025-11-29 17:36:15,558 - INFO - 2赢了
2025-11-29 17:36:15,559 - INFO - 第2424局
2025-11-29 17:36:16,527 - INFO - 2赢了
2025-11-29 17:36:16,527 - INFO - 第2425局
2025-11-29 17:36:18,461 - INFO - 2赢了
2025-11-29 17:36:18,461 - INFO - 第2426局
2025-11-29 17:36:20,186 - INFO - 2赢了
2025-11-29 17:36:20,186 - INFO - 第2427局
2025-11-29 17:36:22,491 - INFO - 2赢了
2025-11-29 17:36:22,491 - INFO - 第2428局
2025-11-29 17:36:23,630 - INFO - 2赢了
2025-11-29 17:36:23,630 - INFO - 第2429局
2025-11-29 17:36:25,442 - INFO - 2赢了
2025-11-29 17:36:25,443 - INFO - 第2430局
2025-11-29 17:36:26,312 - INFO - 2赢了
2025-11-29 17:36:26,328 - INFO - Epoch: 0, Loss: 1.9436, Policy: 1.9207, Value: 0.0573
2025-11-29 17:36:26,897 - INFO - Epoch: 100, Loss: 1.9221, Policy: 1.9110, Value: 0.0277
2025-11-29 17:36:27,430 - INFO - Epoch: 200, Loss: 1.9836, Policy: 1.9743, Value: 0.0233
2025-11-29 17:36:27,945 - INFO - Epoch: 300, Loss: 1.8526, Policy: 1.8419, Value: 0.0269
2025-11-29 17:36:28,517 - INFO - Epoch: 400, Loss: 1.9450, Policy: 1.9318, Value: 0.0331
2025-11-29 17:36:29,033 - INFO - Epoch: 500, Loss: 1.8202, Policy: 1.8071, Value: 0.0327
2025-11-29 17:36:29,535 - INFO - Epoch: 600, Loss: 1.6207, Policy: 1.6113, Value: 0.0233
2025-11-29 17:36:30,035 - INFO - Epoch: 700, Loss: 1.9116, Policy: 1.9022, Value: 0.0234
2025-11-29 17:36:30,562 - INFO - Epoch: 800, Loss: 1.8983, Policy: 1.8847, Value: 0.0340
2025-11-29 17:36:31,084 - INFO - Epoch: 900, Loss: 1.8806, Policy: 1.8608, Value: 0.0496
2025-11-29 17:36:31,602 - INFO - Epoch: 1000, Loss: 1.8651, Policy: 1.8489, Value: 0.0406
2025-11-29 17:36:31,605 - INFO - 训练结束，最新模型已保存到 model.pth
2025-11-29 17:36:31,606 - INFO - 第2431局
2025-11-29 17:36:32,507 - INFO - 2赢了
2025-11-29 17:36:32,507 - INFO - 第2432局
2025-11-29 17:36:33,899 - INFO - 2赢了
2025-11-29 17:36:33,899 - INFO - 第2433局
2025-11-29 17:36:35,117 - INFO - 1赢了
2025-11-29 17:36:35,117 - INFO - 第2434局
2025-11-29 17:36:38,004 - INFO - 2赢了
2025-11-29 17:36:38,004 - INFO - 第2435局
2025-11-29 17:36:39,166 - INFO - 1赢了
2025-11-29 17:36:39,167 - INFO - 第2436局
2025-11-29 17:36:42,839 - INFO - 1赢了
2025-11-29 17:36:42,839 - INFO - 第2437局
2025-11-29 17:36:44,342 - INFO - 2赢了
2025-11-29 17:36:44,342 - INFO - 第2438局
2025-11-29 17:36:48,146 - INFO - 1赢了
2025-11-29 17:36:48,146 - INFO - 第2439局
2025-11-29 17:36:49,202 - INFO - 2赢了
2025-11-29 17:36:49,202 - INFO - 第2440局
2025-11-29 17:36:51,473 - INFO - 2赢了
2025-11-29 17:36:51,490 - INFO - Epoch: 0, Loss: 1.9541, Policy: 1.9357, Value: 0.0459
2025-11-29 17:36:52,096 - INFO - Epoch: 100, Loss: 1.6936, Policy: 1.6805, Value: 0.0327
2025-11-29 17:36:52,629 - INFO - Epoch: 200, Loss: 1.8736, Policy: 1.8592, Value: 0.0361
2025-11-29 17:36:53,133 - INFO - Epoch: 300, Loss: 1.8440, Policy: 1.8337, Value: 0.0258
2025-11-29 17:36:53,648 - INFO - Epoch: 400, Loss: 1.8244, Policy: 1.8067, Value: 0.0443
2025-11-29 17:36:54,180 - INFO - Epoch: 500, Loss: 1.8252, Policy: 1.8126, Value: 0.0316
2025-11-29 17:36:54,752 - INFO - Epoch: 600, Loss: 1.8902, Policy: 1.8778, Value: 0.0309
2025-11-29 17:36:55,287 - INFO - Epoch: 700, Loss: 1.8353, Policy: 1.8253, Value: 0.0251
2025-11-29 17:36:55,801 - INFO - Epoch: 800, Loss: 1.9581, Policy: 1.9431, Value: 0.0375
2025-11-29 17:36:56,325 - INFO - Epoch: 900, Loss: 1.7945, Policy: 1.7848, Value: 0.0240
2025-11-29 17:36:56,836 - INFO - Epoch: 1000, Loss: 1.9260, Policy: 1.9109, Value: 0.0379
2025-11-29 17:36:56,839 - INFO - 训练结束，最新模型已保存到 model.pth
2025-11-29 17:36:56,840 - INFO - 第2441局
2025-11-29 17:36:57,794 - INFO - 2赢了
2025-11-29 17:36:57,794 - INFO - 第2442局
2025-11-29 17:36:59,416 - INFO - 2赢了
2025-11-29 17:36:59,416 - INFO - 第2443局
2025-11-29 17:37:00,654 - INFO - 1赢了
2025-11-29 17:37:00,654 - INFO - 第2444局
2025-11-29 17:37:02,282 - INFO - 2赢了
2025-11-29 17:37:02,282 - INFO - 第2445局
2025-11-29 17:37:03,841 - INFO - 2赢了
2025-11-29 17:37:03,841 - INFO - 第2446局
2025-11-29 17:37:06,020 - INFO - 2赢了
2025-11-29 17:37:06,020 - INFO - 第2447局
2025-11-29 17:37:07,086 - INFO - 2赢了
2025-11-29 17:37:07,086 - INFO - 第2448局
2025-11-29 17:37:08,798 - INFO - 2赢了
2025-11-29 17:37:08,798 - INFO - 第2449局
2025-11-29 17:37:11,057 - INFO - 2赢了
2025-11-29 17:37:11,057 - INFO - 第2450局
2025-11-29 17:37:12,544 - INFO - 2赢了
2025-11-29 17:37:12,558 - INFO - Epoch: 0, Loss: 1.8895, Policy: 1.8754, Value: 0.0353
2025-11-29 17:37:13,154 - INFO - Epoch: 100, Loss: 1.8869, Policy: 1.8695, Value: 0.0434
2025-11-29 17:37:13,657 - INFO - Epoch: 200, Loss: 1.8473, Policy: 1.8369, Value: 0.0261
2025-11-29 17:37:15,636 - INFO - Epoch: 300, Loss: 1.9090, Policy: 1.8968, Value: 0.0305
2025-11-29 17:37:16,129 - INFO - Epoch: 400, Loss: 1.8214, Policy: 1.8026, Value: 0.0469
2025-11-29 17:37:16,661 - INFO - Epoch: 500, Loss: 1.8411, Policy: 1.8286, Value: 0.0314
2025-11-29 17:37:17,181 - INFO - Epoch: 600, Loss: 1.9209, Policy: 1.9097, Value: 0.0278
2025-11-29 17:37:17,683 - INFO - Epoch: 700, Loss: 1.7974, Policy: 1.7809, Value: 0.0413
2025-11-29 17:37:18,182 - INFO - Epoch: 800, Loss: 1.8710, Policy: 1.8578, Value: 0.0331
2025-11-29 17:37:18,685 - INFO - Epoch: 900, Loss: 1.8761, Policy: 1.8616, Value: 0.0361
2025-11-29 17:37:19,199 - INFO - Epoch: 1000, Loss: 1.7583, Policy: 1.7466, Value: 0.0293
2025-11-29 17:37:19,204 - INFO - 训练结束，最新模型已保存到 model.pth
2025-11-29 17:37:19,205 - INFO - 第2451局
2025-11-29 17:37:20,037 - INFO - 2赢了
2025-11-29 17:37:20,037 - INFO - 第2452局
2025-11-29 17:37:21,934 - INFO - 1赢了
2025-11-29 17:37:21,934 - INFO - 第2453局
2025-11-29 17:37:22,719 - INFO - 2赢了
2025-11-29 17:37:22,719 - INFO - 第2454局
2025-11-29 17:37:24,297 - INFO - 2赢了
2025-11-29 17:37:24,298 - INFO - 第2455局
2025-11-29 17:37:26,494 - INFO - 2赢了
2025-11-29 17:37:26,494 - INFO - 第2456局
2025-11-29 17:37:28,339 - INFO - 2赢了
2025-11-29 17:37:28,340 - INFO - 第2457局
2025-11-29 17:37:29,913 - INFO - 2赢了
2025-11-29 17:37:29,913 - INFO - 第2458局
2025-11-29 17:37:30,919 - INFO - 2赢了
2025-11-29 17:37:30,919 - INFO - 第2459局
2025-11-29 17:37:32,371 - INFO - 1赢了
2025-11-29 17:37:32,371 - INFO - 第2460局
2025-11-29 17:37:34,811 - INFO - 2赢了
2025-11-29 17:37:34,826 - INFO - Epoch: 0, Loss: 1.9138, Policy: 1.8867, Value: 0.0677
2025-11-29 17:37:35,401 - INFO - Epoch: 100, Loss: 1.7186, Policy: 1.7041, Value: 0.0362
2025-11-29 17:37:35,907 - INFO - Epoch: 200, Loss: 1.9510, Policy: 1.9303, Value: 0.0518
2025-11-29 17:37:36,411 - INFO - Epoch: 300, Loss: 1.9477, Policy: 1.9360, Value: 0.0294
2025-11-29 17:37:36,945 - INFO - Epoch: 400, Loss: 1.8783, Policy: 1.8617, Value: 0.0415
2025-11-29 17:37:37,446 - INFO - Epoch: 500, Loss: 1.9466, Policy: 1.9355, Value: 0.0278
2025-11-29 17:37:37,953 - INFO - Epoch: 600, Loss: 1.8422, Policy: 1.8326, Value: 0.0239
2025-11-29 17:37:38,457 - INFO - Epoch: 700, Loss: 1.8915, Policy: 1.8812, Value: 0.0258
2025-11-29 17:37:38,951 - INFO - Epoch: 800, Loss: 1.7822, Policy: 1.7674, Value: 0.0372
2025-11-29 17:37:39,446 - INFO - Epoch: 900, Loss: 1.8256, Policy: 1.8149, Value: 0.0268
2025-11-29 17:37:39,969 - INFO - Epoch: 1000, Loss: 2.0264, Policy: 1.9917, Value: 0.0867
2025-11-29 17:37:39,972 - INFO - 训练结束，最新模型已保存到 model.pth
2025-11-29 17:37:39,973 - INFO - 第2461局
2025-11-29 17:37:41,669 - INFO - 2赢了
2025-11-29 17:37:41,669 - INFO - 第2462局
2025-11-29 17:37:43,413 - INFO - 2赢了
2025-11-29 17:37:43,413 - INFO - 第2463局
2025-11-29 17:37:45,817 - INFO - 2赢了
2025-11-29 17:37:45,817 - INFO - 第2464局
2025-11-29 17:37:49,335 - INFO - 2赢了
2025-11-29 17:37:49,336 - INFO - 第2465局
2025-11-29 17:37:50,423 - INFO - 1赢了
2025-11-29 17:37:50,423 - INFO - 第2466局
2025-11-29 17:37:51,833 - INFO - 2赢了
2025-11-29 17:37:51,833 - INFO - 第2467局
2025-11-29 17:37:53,036 - INFO - 1赢了
2025-11-29 17:37:53,036 - INFO - 第2468局
2025-11-29 17:37:55,755 - INFO - 2赢了
2025-11-29 17:37:55,756 - INFO - 第2469局
2025-11-29 17:37:57,069 - INFO - 2赢了
2025-11-29 17:37:57,069 - INFO - 第2470局
2025-11-29 17:37:58,947 - INFO - 2赢了
2025-11-29 17:37:58,965 - INFO - Epoch: 0, Loss: 1.8595, Policy: 1.8458, Value: 0.0341
2025-11-29 17:37:59,526 - INFO - Epoch: 100, Loss: 1.9210, Policy: 1.9051, Value: 0.0399
2025-11-29 17:38:00,032 - INFO - Epoch: 200, Loss: 1.8134, Policy: 1.7978, Value: 0.0389
2025-11-29 17:38:00,529 - INFO - Epoch: 300, Loss: 1.9424, Policy: 1.9303, Value: 0.0304
2025-11-29 17:38:01,044 - INFO - Epoch: 400, Loss: 1.7607, Policy: 1.7507, Value: 0.0251
2025-11-29 17:38:01,568 - INFO - Epoch: 500, Loss: 1.8141, Policy: 1.8021, Value: 0.0300
2025-11-29 17:38:02,065 - INFO - Epoch: 600, Loss: 1.9272, Policy: 1.9146, Value: 0.0315
2025-11-29 17:38:02,569 - INFO - Epoch: 700, Loss: 1.8563, Policy: 1.8405, Value: 0.0395
2025-11-29 17:38:03,083 - INFO - Epoch: 800, Loss: 1.8260, Policy: 1.8074, Value: 0.0464
2025-11-29 17:38:03,586 - INFO - Epoch: 900, Loss: 1.8928, Policy: 1.8822, Value: 0.0265
2025-11-29 17:38:04,121 - INFO - Epoch: 1000, Loss: 1.9085, Policy: 1.8948, Value: 0.0342
2025-11-29 17:38:04,125 - INFO - 训练结束，最新模型已保存到 model.pth
2025-11-29 17:38:04,126 - INFO - 第2471局
2025-11-29 17:38:05,374 - INFO - 1赢了
2025-11-29 17:38:05,374 - INFO - 第2472局
2025-11-29 17:38:06,524 - INFO - 1赢了
2025-11-29 17:38:06,524 - INFO - 第2473局
2025-11-29 17:38:08,666 - INFO - 2赢了
2025-11-29 17:38:08,666 - INFO - 第2474局
2025-11-29 17:38:09,901 - INFO - 2赢了
2025-11-29 17:38:09,901 - INFO - 第2475局
2025-11-29 17:38:11,656 - INFO - 2赢了
2025-11-29 17:38:11,656 - INFO - 第2476局
2025-11-29 17:38:14,439 - INFO - 2赢了
2025-11-29 17:38:14,439 - INFO - 第2477局
2025-11-29 17:38:16,436 - INFO - 1赢了
2025-11-29 17:38:16,436 - INFO - 第2478局
2025-11-29 17:38:17,513 - INFO - 2赢了
2025-11-29 17:38:17,513 - INFO - 第2479局
2025-11-29 17:38:20,828 - INFO - 2赢了
2025-11-29 17:38:20,828 - INFO - 第2480局
2025-11-29 17:38:23,361 - INFO - 1赢了
2025-11-29 17:38:23,374 - INFO - Epoch: 0, Loss: 1.9497, Policy: 1.9202, Value: 0.0737
2025-11-29 17:38:23,979 - INFO - Epoch: 100, Loss: 1.8696, Policy: 1.8574, Value: 0.0307
2025-11-29 17:38:24,502 - INFO - Epoch: 200, Loss: 1.9348, Policy: 1.9213, Value: 0.0337
2025-11-29 17:38:25,049 - INFO - Epoch: 300, Loss: 1.8488, Policy: 1.8369, Value: 0.0297
2025-11-29 17:38:25,634 - INFO - Epoch: 400, Loss: 1.7575, Policy: 1.7462, Value: 0.0283
2025-11-29 17:38:26,176 - INFO - Epoch: 500, Loss: 1.8936, Policy: 1.8788, Value: 0.0370
2025-11-29 17:38:26,693 - INFO - Epoch: 600, Loss: 1.8820, Policy: 1.8670, Value: 0.0375
2025-11-29 17:38:27,208 - INFO - Epoch: 700, Loss: 2.0064, Policy: 1.9934, Value: 0.0325
2025-11-29 17:38:27,721 - INFO - Epoch: 800, Loss: 1.7714, Policy: 1.7599, Value: 0.0288
2025-11-29 17:38:28,250 - INFO - Epoch: 900, Loss: 1.8281, Policy: 1.8152, Value: 0.0321
2025-11-29 17:38:28,776 - INFO - Epoch: 1000, Loss: 1.8153, Policy: 1.8023, Value: 0.0324
2025-11-29 17:38:28,780 - INFO - 训练结束，最新模型已保存到 model.pth
2025-11-29 17:38:28,781 - INFO - 第2481局
2025-11-29 17:38:29,738 - INFO - 2赢了
2025-11-29 17:38:29,739 - INFO - 第2482局
2025-11-29 17:38:30,552 - INFO - 1赢了
2025-11-29 17:38:30,552 - INFO - 第2483局
2025-11-29 17:38:32,067 - INFO - 2赢了
2025-11-29 17:38:32,067 - INFO - 第2484局
2025-11-29 17:38:33,442 - INFO - 2赢了
2025-11-29 17:38:33,442 - INFO - 第2485局
2025-11-29 17:38:36,736 - INFO - 2赢了
2025-11-29 17:38:36,737 - INFO - 第2486局
2025-11-29 17:38:38,167 - INFO - 1赢了
2025-11-29 17:38:38,167 - INFO - 第2487局
2025-11-29 17:38:39,931 - INFO - 2赢了
2025-11-29 17:38:39,931 - INFO - 第2488局
2025-11-29 17:38:41,654 - INFO - 2赢了
2025-11-29 17:38:41,654 - INFO - 第2489局
2025-11-29 17:38:43,422 - INFO - 2赢了
2025-11-29 17:38:43,422 - INFO - 第2490局
2025-11-29 17:38:45,175 - INFO - 2赢了
2025-11-29 17:38:45,194 - INFO - Epoch: 0, Loss: 2.0389, Policy: 2.0236, Value: 0.0383
2025-11-29 17:38:45,771 - INFO - Epoch: 100, Loss: 1.7989, Policy: 1.7857, Value: 0.0332
2025-11-29 17:38:46,291 - INFO - Epoch: 200, Loss: 1.8468, Policy: 1.8276, Value: 0.0479
2025-11-29 17:38:46,809 - INFO - Epoch: 300, Loss: 1.8368, Policy: 1.8255, Value: 0.0284
2025-11-29 17:38:47,324 - INFO - Epoch: 400, Loss: 1.8641, Policy: 1.8519, Value: 0.0305
2025-11-29 17:38:47,831 - INFO - Epoch: 500, Loss: 1.9914, Policy: 1.9772, Value: 0.0355
2025-11-29 17:38:48,339 - INFO - Epoch: 600, Loss: 1.8179, Policy: 1.8009, Value: 0.0425
2025-11-29 17:38:48,876 - INFO - Epoch: 700, Loss: 1.9067, Policy: 1.8940, Value: 0.0319
2025-11-29 17:38:49,489 - INFO - Epoch: 800, Loss: 1.8297, Policy: 1.8121, Value: 0.0440
2025-11-29 17:38:50,094 - INFO - Epoch: 900, Loss: 1.8680, Policy: 1.8578, Value: 0.0255
2025-11-29 17:38:50,700 - INFO - Epoch: 1000, Loss: 1.8744, Policy: 1.8549, Value: 0.0488
2025-11-29 17:38:50,704 - INFO - 训练结束，最新模型已保存到 model.pth
2025-11-29 17:38:50,705 - INFO - 第2491局
2025-11-29 17:38:51,780 - INFO - 2赢了
2025-11-29 17:38:51,780 - INFO - 第2492局
2025-11-29 17:38:53,214 - INFO - 1赢了
2025-11-29 17:38:53,214 - INFO - 第2493局
2025-11-29 17:38:55,630 - INFO - 2赢了
2025-11-29 17:38:55,630 - INFO - 第2494局
2025-11-29 17:38:57,041 - INFO - 1赢了
2025-11-29 17:38:57,042 - INFO - 第2495局
2025-11-29 17:38:58,295 - INFO - 1赢了
2025-11-29 17:38:58,295 - INFO - 第2496局
2025-11-29 17:38:59,625 - INFO - 1赢了
2025-11-29 17:38:59,625 - INFO - 第2497局
2025-11-29 17:39:01,127 - INFO - 2赢了
2025-11-29 17:39:01,127 - INFO - 第2498局
2025-11-29 17:39:02,823 - INFO - 2赢了
2025-11-29 17:39:02,824 - INFO - 第2499局
2025-11-29 17:39:05,356 - INFO - 2赢了
2025-11-29 17:39:05,356 - INFO - 第2500局
2025-11-29 17:39:07,505 - INFO - 2赢了
2025-11-29 17:39:07,518 - INFO - Epoch: 0, Loss: 1.8307, Policy: 1.8207, Value: 0.0250
2025-11-29 17:39:08,157 - INFO - Epoch: 100, Loss: 1.6499, Policy: 1.6371, Value: 0.0319
2025-11-29 17:39:08,706 - INFO - Epoch: 200, Loss: 1.8913, Policy: 1.8802, Value: 0.0277
2025-11-29 17:39:09,245 - INFO - Epoch: 300, Loss: 1.7783, Policy: 1.7627, Value: 0.0392
2025-11-29 17:39:09,782 - INFO - Epoch: 400, Loss: 1.9265, Policy: 1.9122, Value: 0.0358
2025-11-29 17:39:10,333 - INFO - Epoch: 500, Loss: 2.0087, Policy: 1.9911, Value: 0.0442
2025-11-29 17:39:10,860 - INFO - Epoch: 600, Loss: 1.8240, Policy: 1.8155, Value: 0.0213
2025-11-29 17:39:11,380 - INFO - Epoch: 700, Loss: 1.9587, Policy: 1.9494, Value: 0.0233
2025-11-29 17:39:11,919 - INFO - Epoch: 800, Loss: 1.8898, Policy: 1.8734, Value: 0.0411
2025-11-29 17:39:12,435 - INFO - Epoch: 900, Loss: 1.8333, Policy: 1.8124, Value: 0.0522
2025-11-29 17:39:12,952 - INFO - Epoch: 1000, Loss: 1.8419, Policy: 1.8290, Value: 0.0322
2025-11-29 17:39:12,956 - INFO - 训练结束，最新模型已保存到 model.pth
2025-11-29 17:39:12,957 - INFO - 第2501局
2025-11-29 17:39:13,974 - INFO - 1赢了
2025-11-29 17:39:13,974 - INFO - 第2502局
2025-11-29 17:39:16,277 - INFO - 2赢了
2025-11-29 17:39:16,277 - INFO - 第2503局
2025-11-29 17:39:17,473 - INFO - 2赢了
2025-11-29 17:39:17,474 - INFO - 第2504局
2025-11-29 17:39:18,686 - INFO - 2赢了
2025-11-29 17:39:18,686 - INFO - 第2505局
2025-11-29 17:39:21,385 - INFO - 2赢了
2025-11-29 17:39:21,386 - INFO - 第2506局
2025-11-29 17:39:23,197 - INFO - 2赢了
2025-11-29 17:39:23,197 - INFO - 第2507局
2025-11-29 17:39:24,649 - INFO - 1赢了
2025-11-29 17:39:24,649 - INFO - 第2508局
2025-11-29 17:39:25,799 - INFO - 2赢了
2025-11-29 17:39:25,799 - INFO - 第2509局
2025-11-29 17:39:26,785 - INFO - 2赢了
2025-11-29 17:39:26,785 - INFO - 第2510局
2025-11-29 17:39:28,529 - INFO - 1赢了
2025-11-29 17:39:28,550 - INFO - Epoch: 0, Loss: 1.9275, Policy: 1.9148, Value: 0.0318
2025-11-29 17:39:29,201 - INFO - Epoch: 100, Loss: 1.8478, Policy: 1.8364, Value: 0.0285
2025-11-29 17:39:29,751 - INFO - Epoch: 200, Loss: 1.7048, Policy: 1.6894, Value: 0.0385
2025-11-29 17:39:30,281 - INFO - Epoch: 300, Loss: 1.9035, Policy: 1.8920, Value: 0.0289
2025-11-29 17:39:30,805 - INFO - Epoch: 400, Loss: 1.8637, Policy: 1.8521, Value: 0.0289
2025-11-29 17:39:31,339 - INFO - Epoch: 500, Loss: 1.9112, Policy: 1.9022, Value: 0.0226
2025-11-29 17:39:31,880 - INFO - Epoch: 600, Loss: 1.9835, Policy: 1.9688, Value: 0.0367
2025-11-29 17:39:32,424 - INFO - Epoch: 700, Loss: 1.8976, Policy: 1.8852, Value: 0.0310
2025-11-29 17:39:32,976 - INFO - Epoch: 800, Loss: 1.8794, Policy: 1.8653, Value: 0.0352
2025-11-29 17:39:33,508 - INFO - Epoch: 900, Loss: 1.8699, Policy: 1.8613, Value: 0.0215
2025-11-29 17:39:34,054 - INFO - Epoch: 1000, Loss: 1.7028, Policy: 1.6895, Value: 0.0332
2025-11-29 17:39:34,058 - INFO - 训练结束，最新模型已保存到 model.pth
2025-11-29 17:39:34,059 - INFO - 第2511局
2025-11-29 17:39:35,380 - INFO - 2赢了
2025-11-29 17:39:35,380 - INFO - 第2512局
2025-11-29 17:39:36,986 - INFO - 2赢了
2025-11-29 17:39:36,987 - INFO - 第2513局
2025-11-29 17:39:39,152 - INFO - 2赢了
2025-11-29 17:39:39,152 - INFO - 第2514局
2025-11-29 17:39:40,253 - INFO - 2赢了
2025-11-29 17:39:40,253 - INFO - 第2515局
2025-11-29 17:39:42,504 - INFO - 2赢了
2025-11-29 17:39:42,504 - INFO - 第2516局
2025-11-29 17:39:43,587 - INFO - 2赢了
2025-11-29 17:39:43,587 - INFO - 第2517局
2025-11-29 17:39:44,805 - INFO - 2赢了
2025-11-29 17:39:44,805 - INFO - 第2518局
2025-11-29 17:39:46,669 - INFO - 2赢了
2025-11-29 17:39:46,669 - INFO - 第2519局
2025-11-29 17:39:47,783 - INFO - 2赢了
2025-11-29 17:39:47,783 - INFO - 第2520局
2025-11-29 17:39:49,126 - INFO - 2赢了
2025-11-29 17:39:49,145 - INFO - Epoch: 0, Loss: 1.8121, Policy: 1.7984, Value: 0.0343
2025-11-29 17:39:49,765 - INFO - Epoch: 100, Loss: 1.8905, Policy: 1.8753, Value: 0.0380
2025-11-29 17:39:50,292 - INFO - Epoch: 200, Loss: 1.9810, Policy: 1.9677, Value: 0.0333
2025-11-29 17:39:50,828 - INFO - Epoch: 300, Loss: 1.8691, Policy: 1.8526, Value: 0.0412
2025-11-29 17:39:51,361 - INFO - Epoch: 400, Loss: 1.8343, Policy: 1.8260, Value: 0.0207
2025-11-29 17:39:51,901 - INFO - Epoch: 500, Loss: 1.8422, Policy: 1.8227, Value: 0.0489
2025-11-29 17:39:52,431 - INFO - Epoch: 600, Loss: 1.8530, Policy: 1.8407, Value: 0.0308
2025-11-29 17:39:52,963 - INFO - Epoch: 700, Loss: 1.7485, Policy: 1.7366, Value: 0.0297
2025-11-29 17:39:53,485 - INFO - Epoch: 800, Loss: 1.9676, Policy: 1.9548, Value: 0.0319
2025-11-29 17:39:54,017 - INFO - Epoch: 900, Loss: 1.9057, Policy: 1.8876, Value: 0.0453
2025-11-29 17:39:54,541 - INFO - Epoch: 1000, Loss: 1.8118, Policy: 1.7965, Value: 0.0380
2025-11-29 17:39:54,544 - INFO - 训练结束，最新模型已保存到 model.pth
2025-11-29 17:39:54,545 - INFO - 第2521局
2025-11-29 17:39:55,536 - INFO - 2赢了
2025-11-29 17:39:55,536 - INFO - 第2522局
2025-11-29 17:39:57,889 - INFO - 2赢了
2025-11-29 17:39:57,889 - INFO - 第2523局
2025-11-29 17:40:01,996 - INFO - 2赢了
2025-11-29 17:40:01,996 - INFO - 第2524局
2025-11-29 17:40:02,810 - INFO - 2赢了
2025-11-29 17:40:02,811 - INFO - 第2525局
2025-11-29 17:40:04,297 - INFO - 2赢了
2025-11-29 17:40:04,297 - INFO - 第2526局
2025-11-29 17:40:05,574 - INFO - 1赢了
2025-11-29 17:40:05,574 - INFO - 第2527局
2025-11-29 17:40:06,725 - INFO - 2赢了
2025-11-29 17:40:06,725 - INFO - 第2528局
2025-11-29 17:40:08,777 - INFO - 2赢了
2025-11-29 17:40:08,777 - INFO - 第2529局
2025-11-29 17:40:11,156 - INFO - 2赢了
2025-11-29 17:40:11,156 - INFO - 第2530局
2025-11-29 17:40:12,218 - INFO - 2赢了
2025-11-29 17:40:12,231 - INFO - Epoch: 0, Loss: 1.7884, Policy: 1.7696, Value: 0.0469
2025-11-29 17:40:12,844 - INFO - Epoch: 100, Loss: 1.9471, Policy: 1.9348, Value: 0.0308
2025-11-29 17:40:13,381 - INFO - Epoch: 200, Loss: 1.7935, Policy: 1.7786, Value: 0.0373
2025-11-29 17:40:13,938 - INFO - Epoch: 300, Loss: 1.8568, Policy: 1.8443, Value: 0.0312
2025-11-29 17:40:15,485 - INFO - Epoch: 400, Loss: 1.8477, Policy: 1.8373, Value: 0.0260
2025-11-29 17:40:16,037 - INFO - Epoch: 500, Loss: 1.8760, Policy: 1.8609, Value: 0.0378
2025-11-29 17:40:16,584 - INFO - Epoch: 600, Loss: 1.9206, Policy: 1.9081, Value: 0.0313
2025-11-29 17:40:17,122 - INFO - Epoch: 700, Loss: 1.9141, Policy: 1.8995, Value: 0.0366
2025-11-29 17:40:17,703 - INFO - Epoch: 800, Loss: 1.9665, Policy: 1.9533, Value: 0.0331
2025-11-29 17:40:18,264 - INFO - Epoch: 900, Loss: 1.7297, Policy: 1.7155, Value: 0.0353
2025-11-29 17:40:18,827 - INFO - Epoch: 1000, Loss: 1.8261, Policy: 1.8164, Value: 0.0242
2025-11-29 17:40:18,831 - INFO - 训练结束，最新模型已保存到 model.pth
2025-11-29 17:40:18,832 - INFO - 第2531局
2025-11-29 17:40:20,871 - INFO - 2赢了
2025-11-29 17:40:20,872 - INFO - 第2532局
2025-11-29 17:40:21,882 - INFO - 2赢了
2025-11-29 17:40:21,883 - INFO - 第2533局
2025-11-29 17:40:22,965 - INFO - 2赢了
2025-11-29 17:40:22,966 - INFO - 第2534局
2025-11-29 17:40:24,812 - INFO - 2赢了
2025-11-29 17:40:24,812 - INFO - 第2535局
2025-11-29 17:40:27,886 - INFO - 2赢了
2025-11-29 17:40:27,886 - INFO - 第2536局
2025-11-29 17:40:31,940 - INFO - 1赢了
2025-11-29 17:40:31,940 - INFO - 第2537局
2025-11-29 17:40:33,019 - INFO - 2赢了
2025-11-29 17:40:33,019 - INFO - 第2538局
2025-11-29 17:40:34,460 - INFO - 1赢了
2025-11-29 17:40:34,460 - INFO - 第2539局
2025-11-29 17:40:36,496 - INFO - 2赢了
2025-11-29 17:40:36,496 - INFO - 第2540局
2025-11-29 17:40:37,849 - INFO - 1赢了
2025-11-29 17:40:37,868 - INFO - Epoch: 0, Loss: 1.9772, Policy: 1.9590, Value: 0.0456
2025-11-29 17:40:38,476 - INFO - Epoch: 100, Loss: 1.6816, Policy: 1.6718, Value: 0.0244
2025-11-29 17:40:38,980 - INFO - Epoch: 200, Loss: 1.9014, Policy: 1.8900, Value: 0.0284
2025-11-29 17:40:39,490 - INFO - Epoch: 300, Loss: 1.8556, Policy: 1.8461, Value: 0.0239
2025-11-29 17:40:40,022 - INFO - Epoch: 400, Loss: 1.8357, Policy: 1.8260, Value: 0.0241
2025-11-29 17:40:40,534 - INFO - Epoch: 500, Loss: 1.9121, Policy: 1.8980, Value: 0.0354
2025-11-29 17:40:41,046 - INFO - Epoch: 600, Loss: 1.8899, Policy: 1.8778, Value: 0.0302
2025-11-29 17:40:41,555 - INFO - Epoch: 700, Loss: 1.8363, Policy: 1.8247, Value: 0.0291
2025-11-29 17:40:42,057 - INFO - Epoch: 800, Loss: 2.0166, Policy: 2.0070, Value: 0.0240
2025-11-29 17:40:42,582 - INFO - Epoch: 900, Loss: 1.7798, Policy: 1.7672, Value: 0.0314
2025-11-29 17:40:43,086 - INFO - Epoch: 1000, Loss: 1.8957, Policy: 1.8825, Value: 0.0329
2025-11-29 17:40:43,090 - INFO - 训练结束，最新模型已保存到 model.pth
2025-11-29 17:40:43,091 - INFO - 第2541局
2025-11-29 17:40:44,460 - INFO - 1赢了
2025-11-29 17:40:44,460 - INFO - 第2542局
2025-11-29 17:40:46,222 - INFO - 2赢了
2025-11-29 17:40:46,222 - INFO - 第2543局
2025-11-29 17:40:48,737 - INFO - 1赢了
2025-11-29 17:40:48,737 - INFO - 第2544局
2025-11-29 17:40:49,690 - INFO - 2赢了
2025-11-29 17:40:49,690 - INFO - 第2545局
2025-11-29 17:40:51,361 - INFO - 2赢了
2025-11-29 17:40:51,361 - INFO - 第2546局
2025-11-29 17:40:54,040 - INFO - 2赢了
2025-11-29 17:40:54,040 - INFO - 第2547局
2025-11-29 17:40:56,134 - INFO - 2赢了
2025-11-29 17:40:56,134 - INFO - 第2548局
2025-11-29 17:40:58,190 - INFO - 2赢了
2025-11-29 17:40:58,190 - INFO - 第2549局
2025-11-29 17:41:00,751 - INFO - 2赢了
2025-11-29 17:41:00,751 - INFO - 第2550局
2025-11-29 17:41:01,853 - INFO - 2赢了
2025-11-29 17:41:01,873 - INFO - Epoch: 0, Loss: 1.9653, Policy: 1.9376, Value: 0.0695
2025-11-29 17:41:02,471 - INFO - Epoch: 100, Loss: 1.8409, Policy: 1.8323, Value: 0.0215
2025-11-29 17:41:02,975 - INFO - Epoch: 200, Loss: 1.9725, Policy: 1.9612, Value: 0.0283
2025-11-29 17:41:03,478 - INFO - Epoch: 300, Loss: 1.8637, Policy: 1.8539, Value: 0.0244
2025-11-29 17:41:04,000 - INFO - Epoch: 400, Loss: 1.7879, Policy: 1.7773, Value: 0.0265
2025-11-29 17:41:04,546 - INFO - Epoch: 500, Loss: 1.8236, Policy: 1.8067, Value: 0.0423
2025-11-29 17:41:05,076 - INFO - Epoch: 600, Loss: 1.8917, Policy: 1.8766, Value: 0.0378
2025-11-29 17:41:05,615 - INFO - Epoch: 700, Loss: 1.7664, Policy: 1.7531, Value: 0.0331
2025-11-29 17:41:06,160 - INFO - Epoch: 800, Loss: 1.9190, Policy: 1.9077, Value: 0.0284
2025-11-29 17:41:06,711 - INFO - Epoch: 900, Loss: 1.7183, Policy: 1.7065, Value: 0.0294
2025-11-29 17:41:07,248 - INFO - Epoch: 1000, Loss: 1.6669, Policy: 1.6527, Value: 0.0353
2025-11-29 17:41:07,252 - INFO - 训练结束，最新模型已保存到 model.pth
2025-11-29 17:41:07,253 - INFO - 第2551局
2025-11-29 17:41:08,945 - INFO - 2赢了
2025-11-29 17:41:08,945 - INFO - 第2552局
2025-11-29 17:41:10,749 - INFO - 2赢了
2025-11-29 17:41:10,750 - INFO - 第2553局
2025-11-29 17:41:12,271 - INFO - 2赢了
2025-11-29 17:41:12,271 - INFO - 第2554局
2025-11-29 17:41:15,269 - INFO - 1赢了
2025-11-29 17:41:15,269 - INFO - 第2555局
2025-11-29 17:41:16,573 - INFO - 1赢了
2025-11-29 17:41:16,573 - INFO - 第2556局
2025-11-29 17:41:18,663 - INFO - 2赢了
2025-11-29 17:41:18,664 - INFO - 第2557局
2025-11-29 17:41:20,278 - INFO - 2赢了
2025-11-29 17:41:20,278 - INFO - 第2558局
2025-11-29 17:41:22,895 - INFO - 2赢了
2025-11-29 17:41:22,895 - INFO - 第2559局
2025-11-29 17:41:25,443 - INFO - 2赢了
2025-11-29 17:41:25,443 - INFO - 第2560局
2025-11-29 17:41:27,403 - INFO - 2赢了
2025-11-29 17:41:27,423 - INFO - Epoch: 0, Loss: 1.8948, Policy: 1.8657, Value: 0.0726
2025-11-29 17:41:28,013 - INFO - Epoch: 100, Loss: 1.7983, Policy: 1.7858, Value: 0.0313
2025-11-29 17:41:28,576 - INFO - Epoch: 200, Loss: 1.8290, Policy: 1.8187, Value: 0.0257
2025-11-29 17:41:29,143 - INFO - Epoch: 300, Loss: 1.8162, Policy: 1.8055, Value: 0.0267
2025-11-29 17:41:29,704 - INFO - Epoch: 400, Loss: 1.9411, Policy: 1.9281, Value: 0.0325
2025-11-29 17:41:30,243 - INFO - Epoch: 500, Loss: 1.8832, Policy: 1.8704, Value: 0.0319
2025-11-29 17:41:30,779 - INFO - Epoch: 600, Loss: 1.8600, Policy: 1.8437, Value: 0.0407
2025-11-29 17:41:31,319 - INFO - Epoch: 700, Loss: 1.8311, Policy: 1.8149, Value: 0.0404
2025-11-29 17:41:31,865 - INFO - Epoch: 800, Loss: 1.8926, Policy: 1.8760, Value: 0.0414
2025-11-29 17:41:32,406 - INFO - Epoch: 900, Loss: 1.7117, Policy: 1.6995, Value: 0.0304
2025-11-29 17:41:32,938 - INFO - Epoch: 1000, Loss: 1.8209, Policy: 1.8109, Value: 0.0251
2025-11-29 17:41:32,943 - INFO - 训练结束，最新模型已保存到 model.pth
2025-11-29 17:41:32,944 - INFO - 第2561局
2025-11-29 17:41:34,462 - INFO - 2赢了
2025-11-29 17:41:34,462 - INFO - 第2562局
2025-11-29 17:41:36,429 - INFO - 1赢了
2025-11-29 17:41:36,429 - INFO - 第2563局
2025-11-29 17:41:37,320 - INFO - 2赢了
2025-11-29 17:41:37,320 - INFO - 第2564局
2025-11-29 17:41:39,459 - INFO - 2赢了
2025-11-29 17:41:39,460 - INFO - 第2565局
2025-11-29 17:41:41,221 - INFO - 2赢了
2025-11-29 17:41:41,221 - INFO - 第2566局
2025-11-29 17:41:42,913 - INFO - 2赢了
2025-11-29 17:41:42,913 - INFO - 第2567局
2025-11-29 17:41:44,289 - INFO - 1赢了
2025-11-29 17:41:44,290 - INFO - 第2568局
2025-11-29 17:41:49,038 - INFO - 2赢了
2025-11-29 17:41:49,038 - INFO - 第2569局
2025-11-29 17:41:50,913 - INFO - 1赢了
2025-11-29 17:41:50,913 - INFO - 第2570局
2025-11-29 17:41:52,181 - INFO - 1赢了
2025-11-29 17:41:52,200 - INFO - Epoch: 0, Loss: 1.7463, Policy: 1.7342, Value: 0.0303
2025-11-29 17:41:52,818 - INFO - Epoch: 100, Loss: 1.8919, Policy: 1.8761, Value: 0.0395
2025-11-29 17:41:53,331 - INFO - Epoch: 200, Loss: 1.9136, Policy: 1.8995, Value: 0.0351
2025-11-29 17:41:53,849 - INFO - Epoch: 300, Loss: 1.8165, Policy: 1.8053, Value: 0.0280
2025-11-29 17:41:55,487 - INFO - Epoch: 400, Loss: 1.8371, Policy: 1.8263, Value: 0.0271
2025-11-29 17:41:56,013 - INFO - Epoch: 500, Loss: 1.8172, Policy: 1.8022, Value: 0.0374
2025-11-29 17:41:56,558 - INFO - Epoch: 600, Loss: 1.8720, Policy: 1.8591, Value: 0.0323
2025-11-29 17:41:57,078 - INFO - Epoch: 700, Loss: 1.7437, Policy: 1.7308, Value: 0.0322
2025-11-29 17:41:57,589 - INFO - Epoch: 800, Loss: 1.7585, Policy: 1.7478, Value: 0.0268
2025-11-29 17:41:58,104 - INFO - Epoch: 900, Loss: 1.8472, Policy: 1.8228, Value: 0.0608
2025-11-29 17:41:58,619 - INFO - Epoch: 1000, Loss: 1.9368, Policy: 1.9227, Value: 0.0352
2025-11-29 17:41:58,623 - INFO - 训练结束，最新模型已保存到 model.pth
2025-11-29 17:41:58,624 - INFO - 第2571局
2025-11-29 17:42:00,315 - INFO - 2赢了
2025-11-29 17:42:00,316 - INFO - 第2572局
2025-11-29 17:42:01,382 - INFO - 1赢了
2025-11-29 17:42:01,382 - INFO - 第2573局
2025-11-29 17:42:02,240 - INFO - 2赢了
2025-11-29 17:42:02,240 - INFO - 第2574局
2025-11-29 17:42:05,114 - INFO - 2赢了
2025-11-29 17:42:05,115 - INFO - 第2575局
2025-11-29 17:42:07,012 - INFO - 2赢了
2025-11-29 17:42:07,013 - INFO - 第2576局
2025-11-29 17:42:09,044 - INFO - 2赢了
2025-11-29 17:42:09,044 - INFO - 第2577局
2025-11-29 17:42:10,994 - INFO - 2赢了
2025-11-29 17:42:10,994 - INFO - 第2578局
2025-11-29 17:42:12,769 - INFO - 2赢了
2025-11-29 17:42:12,770 - INFO - 第2579局
2025-11-29 17:42:15,165 - INFO - 2赢了
2025-11-29 17:42:15,165 - INFO - 第2580局
2025-11-29 17:42:16,406 - INFO - 1赢了
2025-11-29 17:42:16,425 - INFO - Epoch: 0, Loss: 1.9218, Policy: 1.9098, Value: 0.0299
2025-11-29 17:42:17,007 - INFO - Epoch: 100, Loss: 1.8915, Policy: 1.8801, Value: 0.0285
2025-11-29 17:42:17,552 - INFO - Epoch: 200, Loss: 1.8821, Policy: 1.8707, Value: 0.0284
2025-11-29 17:42:18,064 - INFO - Epoch: 300, Loss: 1.7573, Policy: 1.7409, Value: 0.0410
2025-11-29 17:42:18,568 - INFO - Epoch: 400, Loss: 1.8140, Policy: 1.7877, Value: 0.0658
2025-11-29 17:42:19,098 - INFO - Epoch: 500, Loss: 1.8296, Policy: 1.8157, Value: 0.0348
2025-11-29 17:42:19,654 - INFO - Epoch: 600, Loss: 1.9074, Policy: 1.8892, Value: 0.0457
2025-11-29 17:42:20,194 - INFO - Epoch: 700, Loss: 1.9483, Policy: 1.9344, Value: 0.0347
2025-11-29 17:42:20,737 - INFO - Epoch: 800, Loss: 1.8380, Policy: 1.8246, Value: 0.0334
2025-11-29 17:42:21,259 - INFO - Epoch: 900, Loss: 1.9674, Policy: 1.9544, Value: 0.0324
2025-11-29 17:42:21,812 - INFO - Epoch: 1000, Loss: 1.8740, Policy: 1.8633, Value: 0.0267
2025-11-29 17:42:21,816 - INFO - 训练结束，最新模型已保存到 model.pth
2025-11-29 17:42:21,817 - INFO - 第2581局
2025-11-29 17:42:23,164 - INFO - 2赢了
2025-11-29 17:42:23,164 - INFO - 第2582局
2025-11-29 17:42:24,362 - INFO - 2赢了
2025-11-29 17:42:24,362 - INFO - 第2583局
2025-11-29 17:42:25,378 - INFO - 2赢了
2025-11-29 17:42:25,378 - INFO - 第2584局
2025-11-29 17:42:26,821 - INFO - 2赢了
2025-11-29 17:42:26,821 - INFO - 第2585局
2025-11-29 17:42:29,416 - INFO - 2赢了
2025-11-29 17:42:29,416 - INFO - 第2586局
2025-11-29 17:42:31,291 - INFO - 2赢了
2025-11-29 17:42:31,291 - INFO - 第2587局
2025-11-29 17:42:32,807 - INFO - 2赢了
2025-11-29 17:42:32,807 - INFO - 第2588局
2025-11-29 17:42:34,167 - INFO - 2赢了
2025-11-29 17:42:34,168 - INFO - 第2589局
2025-11-29 17:42:35,527 - INFO - 2赢了
2025-11-29 17:42:35,527 - INFO - 第2590局
2025-11-29 17:42:36,563 - INFO - 2赢了
2025-11-29 17:42:36,591 - INFO - Epoch: 0, Loss: 1.8551, Policy: 1.8367, Value: 0.0460
2025-11-29 17:42:37,158 - INFO - Epoch: 100, Loss: 1.7730, Policy: 1.7615, Value: 0.0288
2025-11-29 17:42:37,654 - INFO - Epoch: 200, Loss: 1.8409, Policy: 1.8223, Value: 0.0464
2025-11-29 17:42:38,166 - INFO - Epoch: 300, Loss: 1.7946, Policy: 1.7738, Value: 0.0521
2025-11-29 17:42:38,709 - INFO - Epoch: 400, Loss: 1.9173, Policy: 1.9028, Value: 0.0362
2025-11-29 17:42:39,236 - INFO - Epoch: 500, Loss: 1.9669, Policy: 1.9504, Value: 0.0414
2025-11-29 17:42:39,794 - INFO - Epoch: 600, Loss: 1.9041, Policy: 1.8907, Value: 0.0335
2025-11-29 17:42:40,333 - INFO - Epoch: 700, Loss: 1.9204, Policy: 1.9068, Value: 0.0339
2025-11-29 17:42:40,864 - INFO - Epoch: 800, Loss: 1.7814, Policy: 1.7701, Value: 0.0282
2025-11-29 17:42:41,362 - INFO - Epoch: 900, Loss: 1.9536, Policy: 1.9412, Value: 0.0310
2025-11-29 17:42:41,911 - INFO - Epoch: 1000, Loss: 1.6714, Policy: 1.6547, Value: 0.0415
2025-11-29 17:42:41,916 - INFO - 训练结束，最新模型已保存到 model.pth
2025-11-29 17:42:41,916 - INFO - 第2591局
2025-11-29 17:42:42,841 - INFO - 2赢了
2025-11-29 17:42:42,841 - INFO - 第2592局
2025-11-29 17:42:43,607 - INFO - 2赢了
2025-11-29 17:42:43,607 - INFO - 第2593局
2025-11-29 17:42:44,919 - INFO - 2赢了
2025-11-29 17:42:44,919 - INFO - 第2594局
2025-11-29 17:42:48,420 - INFO - 2赢了
2025-11-29 17:42:48,420 - INFO - 第2595局
2025-11-29 17:42:50,824 - INFO - 2赢了
2025-11-29 17:42:50,824 - INFO - 第2596局
2025-11-29 17:42:53,021 - INFO - 2赢了
2025-11-29 17:42:53,021 - INFO - 第2597局
2025-11-29 17:42:54,985 - INFO - 2赢了
2025-11-29 17:42:54,985 - INFO - 第2598局
2025-11-29 17:42:57,672 - INFO - 2赢了
2025-11-29 17:42:57,672 - INFO - 第2599局
2025-11-29 17:43:02,393 - INFO - 1赢了
2025-11-29 17:43:02,393 - INFO - 第2600局
2025-11-29 17:43:04,378 - INFO - 2赢了
2025-11-29 17:43:04,393 - INFO - Epoch: 0, Loss: 1.8865, Policy: 1.8724, Value: 0.0353
2025-11-29 17:43:04,994 - INFO - Epoch: 100, Loss: 1.9064, Policy: 1.8940, Value: 0.0311
2025-11-29 17:43:05,525 - INFO - Epoch: 200, Loss: 1.8491, Policy: 1.8366, Value: 0.0312
2025-11-29 17:43:06,053 - INFO - Epoch: 300, Loss: 1.7046, Policy: 1.6931, Value: 0.0288
2025-11-29 17:43:06,535 - INFO - Epoch: 400, Loss: 1.7672, Policy: 1.7531, Value: 0.0353
2025-11-29 17:43:07,019 - INFO - Epoch: 500, Loss: 1.9551, Policy: 1.9448, Value: 0.0258
2025-11-29 17:43:07,505 - INFO - Epoch: 600, Loss: 1.7632, Policy: 1.7477, Value: 0.0389
2025-11-29 17:43:07,995 - INFO - Epoch: 700, Loss: 1.8551, Policy: 1.8423, Value: 0.0320
2025-11-29 17:43:08,487 - INFO - Epoch: 800, Loss: 1.8988, Policy: 1.8886, Value: 0.0255
2025-11-29 17:43:08,969 - INFO - Epoch: 900, Loss: 1.8068, Policy: 1.7835, Value: 0.0585
2025-11-29 17:43:09,462 - INFO - Epoch: 1000, Loss: 1.9507, Policy: 1.9346, Value: 0.0404
2025-11-29 17:43:09,466 - INFO - 训练结束，最新模型已保存到 model.pth
2025-11-29 17:43:09,467 - INFO - 第2601局
2025-11-29 17:43:10,768 - INFO - 2赢了
2025-11-29 17:43:10,768 - INFO - 第2602局
2025-11-29 17:43:14,823 - INFO - 2赢了
2025-11-29 17:43:14,823 - INFO - 第2603局
2025-11-29 17:43:15,826 - INFO - 2赢了
2025-11-29 17:43:15,826 - INFO - 第2604局
2025-11-29 17:43:17,262 - INFO - 2赢了
2025-11-29 17:43:17,262 - INFO - 第2605局
2025-11-29 17:43:18,150 - INFO - 2赢了
2025-11-29 17:43:18,150 - INFO - 第2606局
2025-11-29 17:43:19,306 - INFO - 1赢了
2025-11-29 17:43:19,306 - INFO - 第2607局
2025-11-29 17:43:20,608 - INFO - 2赢了
2025-11-29 17:43:20,608 - INFO - 第2608局
2025-11-29 17:43:21,529 - INFO - 2赢了
2025-11-29 17:43:21,529 - INFO - 第2609局
2025-11-29 17:43:30,273 - INFO - 1赢了
2025-11-29 17:43:30,273 - INFO - 第2610局
2025-11-29 17:43:31,896 - INFO - 2赢了
2025-11-29 17:43:31,913 - INFO - Epoch: 0, Loss: 1.8527, Policy: 1.8237, Value: 0.0725
2025-11-29 17:43:32,504 - INFO - Epoch: 100, Loss: 2.0108, Policy: 1.9957, Value: 0.0377
2025-11-29 17:43:33,018 - INFO - Epoch: 200, Loss: 1.8679, Policy: 1.8536, Value: 0.0359
2025-11-29 17:43:33,536 - INFO - Epoch: 300, Loss: 1.8430, Policy: 1.8265, Value: 0.0412
2025-11-29 17:43:34,042 - INFO - Epoch: 400, Loss: 1.8048, Policy: 1.7881, Value: 0.0417
2025-11-29 17:43:34,555 - INFO - Epoch: 500, Loss: 1.8063, Policy: 1.7929, Value: 0.0336
2025-11-29 17:43:35,054 - INFO - Epoch: 600, Loss: 1.8671, Policy: 1.8532, Value: 0.0346
2025-11-29 17:43:35,551 - INFO - Epoch: 700, Loss: 1.7271, Policy: 1.7133, Value: 0.0345
2025-11-29 17:43:36,086 - INFO - Epoch: 800, Loss: 1.8624, Policy: 1.8500, Value: 0.0308
2025-11-29 17:43:36,630 - INFO - Epoch: 900, Loss: 1.8849, Policy: 1.8737, Value: 0.0280
2025-11-29 17:43:37,154 - INFO - Epoch: 1000, Loss: 1.7172, Policy: 1.6984, Value: 0.0470
2025-11-29 17:43:37,158 - INFO - 训练结束，最新模型已保存到 model.pth
2025-11-29 17:43:37,159 - INFO - 第2611局
2025-11-29 17:43:38,612 - INFO - 2赢了
2025-11-29 17:43:38,612 - INFO - 第2612局
2025-11-29 17:43:40,330 - INFO - 2赢了
2025-11-29 17:43:40,331 - INFO - 第2613局
2025-11-29 17:43:41,537 - INFO - 2赢了
2025-11-29 17:43:41,537 - INFO - 第2614局
2025-11-29 17:43:43,562 - INFO - 2赢了
2025-11-29 17:43:43,562 - INFO - 第2615局
2025-11-29 17:43:45,865 - INFO - 2赢了
2025-11-29 17:43:45,865 - INFO - 第2616局
2025-11-29 17:43:47,627 - INFO - 2赢了
2025-11-29 17:43:47,627 - INFO - 第2617局
2025-11-29 17:43:49,256 - INFO - 2赢了
2025-11-29 17:43:49,256 - INFO - 第2618局
2025-11-29 17:43:56,326 - INFO - 2赢了
2025-11-29 17:43:56,326 - INFO - 第2619局
2025-11-29 17:43:57,715 - INFO - 1赢了
2025-11-29 17:43:57,715 - INFO - 第2620局
2025-11-29 17:43:59,017 - INFO - 1赢了
2025-11-29 17:43:59,051 - INFO - Epoch: 0, Loss: 1.9121, Policy: 1.9003, Value: 0.0295
2025-11-29 17:43:59,598 - INFO - Epoch: 100, Loss: 1.8512, Policy: 1.8368, Value: 0.0358
2025-11-29 17:44:00,081 - INFO - Epoch: 200, Loss: 1.9445, Policy: 1.9325, Value: 0.0300
2025-11-29 17:44:00,591 - INFO - Epoch: 300, Loss: 1.8265, Policy: 1.8157, Value: 0.0270
2025-11-29 17:44:01,121 - INFO - Epoch: 400, Loss: 1.8669, Policy: 1.8521, Value: 0.0370
2025-11-29 17:44:01,632 - INFO - Epoch: 500, Loss: 1.7855, Policy: 1.7711, Value: 0.0360
2025-11-29 17:44:02,141 - INFO - Epoch: 600, Loss: 1.8783, Policy: 1.8600, Value: 0.0458
2025-11-29 17:44:02,675 - INFO - Epoch: 700, Loss: 1.8330, Policy: 1.8215, Value: 0.0287
2025-11-29 17:44:03,243 - INFO - Epoch: 800, Loss: 1.9036, Policy: 1.8932, Value: 0.0261
2025-11-29 17:44:03,766 - INFO - Epoch: 900, Loss: 1.8426, Policy: 1.8301, Value: 0.0311
2025-11-29 17:44:04,286 - INFO - Epoch: 1000, Loss: 1.8951, Policy: 1.8834, Value: 0.0294
2025-11-29 17:44:04,290 - INFO - 训练结束，最新模型已保存到 model.pth
2025-11-29 17:44:04,291 - INFO - 第2621局
2025-11-29 17:44:05,750 - INFO - 2赢了
2025-11-29 17:44:05,750 - INFO - 第2622局
2025-11-29 17:44:06,983 - INFO - 2赢了
2025-11-29 17:44:06,983 - INFO - 第2623局
2025-11-29 17:44:08,016 - INFO - 2赢了
2025-11-29 17:44:08,017 - INFO - 第2624局
2025-11-29 17:44:09,438 - INFO - 2赢了
2025-11-29 17:44:09,438 - INFO - 第2625局
2025-11-29 17:44:11,570 - INFO - 2赢了
2025-11-29 17:44:11,570 - INFO - 第2626局
2025-11-29 17:44:12,911 - INFO - 2赢了
2025-11-29 17:44:12,911 - INFO - 第2627局
2025-11-29 17:44:13,903 - INFO - 2赢了
2025-11-29 17:44:13,903 - INFO - 第2628局
2025-11-29 17:44:16,146 - INFO - 1赢了
2025-11-29 17:44:16,146 - INFO - 第2629局
2025-11-29 17:44:19,175 - INFO - 2赢了
2025-11-29 17:44:19,175 - INFO - 第2630局
2025-11-29 17:44:21,253 - INFO - 2赢了
2025-11-29 17:44:21,266 - INFO - Epoch: 0, Loss: 1.9774, Policy: 1.9664, Value: 0.0275
2025-11-29 17:44:21,872 - INFO - Epoch: 100, Loss: 1.8438, Policy: 1.8302, Value: 0.0341
2025-11-29 17:44:22,414 - INFO - Epoch: 200, Loss: 1.8825, Policy: 1.8722, Value: 0.0259
2025-11-29 17:44:22,953 - INFO - Epoch: 300, Loss: 1.7725, Policy: 1.7555, Value: 0.0425
2025-11-29 17:44:23,463 - INFO - Epoch: 400, Loss: 1.8534, Policy: 1.8371, Value: 0.0406
2025-11-29 17:44:25,195 - INFO - Epoch: 500, Loss: 1.8223, Policy: 1.8133, Value: 0.0225
2025-11-29 17:44:25,739 - INFO - Epoch: 600, Loss: 1.8144, Policy: 1.8042, Value: 0.0255
2025-11-29 17:44:26,287 - INFO - Epoch: 700, Loss: 1.8656, Policy: 1.8480, Value: 0.0441
2025-11-29 17:44:26,836 - INFO - Epoch: 800, Loss: 1.9461, Policy: 1.9340, Value: 0.0302
2025-11-29 17:44:27,428 - INFO - Epoch: 900, Loss: 1.8700, Policy: 1.8539, Value: 0.0403
2025-11-29 17:44:28,001 - INFO - Epoch: 1000, Loss: 1.8081, Policy: 1.7921, Value: 0.0401
2025-11-29 17:44:28,006 - INFO - 训练结束，最新模型已保存到 model.pth
2025-11-29 17:44:28,006 - INFO - 第2631局
2025-11-29 17:44:29,442 - INFO - 2赢了
2025-11-29 17:44:29,442 - INFO - 第2632局
2025-11-29 17:44:30,467 - INFO - 1赢了
2025-11-29 17:44:30,467 - INFO - 第2633局
2025-11-29 17:44:31,221 - INFO - 2赢了
2025-11-29 17:44:31,221 - INFO - 第2634局
2025-11-29 17:44:33,280 - INFO - 2赢了
2025-11-29 17:44:33,281 - INFO - 第2635局
2025-11-29 17:44:34,333 - INFO - 2赢了
2025-11-29 17:44:34,333 - INFO - 第2636局
2025-11-29 17:44:35,952 - INFO - 2赢了
2025-11-29 17:44:35,952 - INFO - 第2637局
2025-11-29 17:44:37,536 - INFO - 2赢了
2025-11-29 17:44:37,537 - INFO - 第2638局
2025-11-29 17:44:38,707 - INFO - 1赢了
2025-11-29 17:44:38,708 - INFO - 第2639局
2025-11-29 17:44:40,220 - INFO - 2赢了
2025-11-29 17:44:40,220 - INFO - 第2640局
2025-11-29 17:44:41,646 - INFO - 1赢了
2025-11-29 17:44:41,659 - INFO - Epoch: 0, Loss: 1.7801, Policy: 1.7712, Value: 0.0221
2025-11-29 17:44:42,284 - INFO - Epoch: 100, Loss: 1.8972, Policy: 1.8855, Value: 0.0293
2025-11-29 17:44:42,820 - INFO - Epoch: 200, Loss: 1.9188, Policy: 1.9027, Value: 0.0402
2025-11-29 17:44:43,353 - INFO - Epoch: 300, Loss: 1.5445, Policy: 1.5321, Value: 0.0312
2025-11-29 17:44:43,908 - INFO - Epoch: 400, Loss: 1.8874, Policy: 1.8790, Value: 0.0212
2025-11-29 17:44:44,458 - INFO - Epoch: 500, Loss: 1.8015, Policy: 1.7900, Value: 0.0288
2025-11-29 17:44:44,978 - INFO - Epoch: 600, Loss: 1.8929, Policy: 1.8837, Value: 0.0229
2025-11-29 17:44:45,475 - INFO - Epoch: 700, Loss: 1.8907, Policy: 1.8754, Value: 0.0382
2025-11-29 17:44:45,952 - INFO - Epoch: 800, Loss: 1.7188, Policy: 1.7071, Value: 0.0292
2025-11-29 17:44:46,477 - INFO - Epoch: 900, Loss: 1.8803, Policy: 1.8665, Value: 0.0344
2025-11-29 17:44:46,956 - INFO - Epoch: 1000, Loss: 1.9640, Policy: 1.9502, Value: 0.0346
2025-11-29 17:44:46,959 - INFO - 训练结束，最新模型已保存到 model.pth
2025-11-29 17:44:46,960 - INFO - 第2641局
2025-11-29 17:44:48,270 - INFO - 2赢了
2025-11-29 17:44:48,270 - INFO - 第2642局
2025-11-29 17:44:49,922 - INFO - 2赢了
2025-11-29 17:44:49,923 - INFO - 第2643局
2025-11-29 17:44:53,230 - INFO - 2赢了
2025-11-29 17:44:53,230 - INFO - 第2644局
2025-11-29 17:44:55,529 - INFO - 2赢了
2025-11-29 17:44:55,529 - INFO - 第2645局
2025-11-29 17:44:56,456 - INFO - 2赢了
2025-11-29 17:44:56,457 - INFO - 第2646局
2025-11-29 17:45:00,238 - INFO - 1赢了
2025-11-29 17:45:00,239 - INFO - 第2647局
2025-11-29 17:45:02,068 - INFO - 2赢了
2025-11-29 17:45:02,068 - INFO - 第2648局
2025-11-29 17:45:03,487 - INFO - 2赢了
2025-11-29 17:45:03,487 - INFO - 第2649局
2025-11-29 17:45:04,945 - INFO - 1赢了
2025-11-29 17:45:04,945 - INFO - 第2650局
2025-11-29 17:45:06,167 - INFO - 2赢了
2025-11-29 17:45:06,180 - INFO - Epoch: 0, Loss: 2.1082, Policy: 2.0947, Value: 0.0337
2025-11-29 17:45:06,752 - INFO - Epoch: 100, Loss: 1.8990, Policy: 1.8851, Value: 0.0346
2025-11-29 17:45:07,291 - INFO - Epoch: 200, Loss: 1.8995, Policy: 1.8881, Value: 0.0285
2025-11-29 17:45:07,819 - INFO - Epoch: 300, Loss: 1.6176, Policy: 1.6049, Value: 0.0318
2025-11-29 17:45:08,367 - INFO - Epoch: 400, Loss: 1.9081, Policy: 1.8920, Value: 0.0402
2025-11-29 17:45:08,904 - INFO - Epoch: 500, Loss: 1.8001, Policy: 1.7858, Value: 0.0360
2025-11-29 17:45:09,427 - INFO - Epoch: 600, Loss: 1.8087, Policy: 1.7959, Value: 0.0321
2025-11-29 17:45:09,952 - INFO - Epoch: 700, Loss: 1.8955, Policy: 1.8749, Value: 0.0515
2025-11-29 17:45:10,456 - INFO - Epoch: 800, Loss: 1.7231, Policy: 1.7070, Value: 0.0400
2025-11-29 17:45:10,949 - INFO - Epoch: 900, Loss: 1.7938, Policy: 1.7827, Value: 0.0276
2025-11-29 17:45:11,441 - INFO - Epoch: 1000, Loss: 1.8580, Policy: 1.8473, Value: 0.0266
2025-11-29 17:45:11,444 - INFO - 训练结束，最新模型已保存到 model.pth
2025-11-29 17:45:11,445 - INFO - 第2651局
2025-11-29 17:45:13,161 - INFO - 2赢了
2025-11-29 17:45:13,161 - INFO - 第2652局
2025-11-29 17:45:18,193 - INFO - 2赢了
2025-11-29 17:45:18,193 - INFO - 第2653局
2025-11-29 17:45:18,887 - INFO - 2赢了
2025-11-29 17:45:18,887 - INFO - 第2654局
2025-11-29 17:45:21,178 - INFO - 2赢了
2025-11-29 17:45:21,179 - INFO - 第2655局
2025-11-29 17:45:24,009 - INFO - 2赢了
2025-11-29 17:45:24,010 - INFO - 第2656局
2025-11-29 17:45:26,137 - INFO - 2赢了
2025-11-29 17:45:26,137 - INFO - 第2657局
2025-11-29 17:45:28,557 - INFO - 2赢了
2025-11-29 17:45:28,558 - INFO - 第2658局
2025-11-29 17:45:30,529 - INFO - 2赢了
2025-11-29 17:45:30,529 - INFO - 第2659局
2025-11-29 17:45:34,791 - INFO - 2赢了
2025-11-29 17:45:34,791 - INFO - 第2660局
2025-11-29 17:45:36,962 - INFO - 2赢了
2025-11-29 17:45:36,979 - INFO - Epoch: 0, Loss: 1.8629, Policy: 1.8406, Value: 0.0557
2025-11-29 17:45:37,556 - INFO - Epoch: 100, Loss: 1.8473, Policy: 1.8341, Value: 0.0331
2025-11-29 17:45:38,033 - INFO - Epoch: 200, Loss: 1.9601, Policy: 1.9483, Value: 0.0295
2025-11-29 17:45:38,538 - INFO - Epoch: 300, Loss: 1.8641, Policy: 1.8532, Value: 0.0271
2025-11-29 17:45:39,061 - INFO - Epoch: 400, Loss: 1.8764, Policy: 1.8602, Value: 0.0406
2025-11-29 17:45:39,579 - INFO - Epoch: 500, Loss: 1.8562, Policy: 1.8431, Value: 0.0328
2025-11-29 17:45:40,090 - INFO - Epoch: 600, Loss: 1.9084, Policy: 1.8901, Value: 0.0459
2025-11-29 17:45:40,622 - INFO - Epoch: 700, Loss: 1.7151, Policy: 1.7077, Value: 0.0186
2025-11-29 17:45:41,142 - INFO - Epoch: 800, Loss: 1.8532, Policy: 1.8429, Value: 0.0256
2025-11-29 17:45:41,686 - INFO - Epoch: 900, Loss: 1.8553, Policy: 1.8406, Value: 0.0367
2025-11-29 17:45:42,226 - INFO - Epoch: 1000, Loss: 1.9108, Policy: 1.8984, Value: 0.0309
2025-11-29 17:45:42,231 - INFO - 训练结束，最新模型已保存到 model.pth
2025-11-29 17:45:42,232 - INFO - 第2661局
2025-11-29 17:45:44,334 - INFO - 2赢了
2025-11-29 17:45:44,335 - INFO - 第2662局
2025-11-29 17:45:46,726 - INFO - 2赢了
2025-11-29 17:45:46,726 - INFO - 第2663局
2025-11-29 17:45:48,240 - INFO - 1赢了
2025-11-29 17:45:48,240 - INFO - 第2664局
2025-11-29 17:45:51,215 - INFO - 1赢了
2025-11-29 17:45:51,215 - INFO - 第2665局
2025-11-29 17:45:53,018 - INFO - 2赢了
2025-11-29 17:45:53,018 - INFO - 第2666局
2025-11-29 17:45:54,972 - INFO - 2赢了
2025-11-29 17:45:54,972 - INFO - 第2667局
2025-11-29 17:45:55,853 - INFO - 2赢了
2025-11-29 17:45:55,853 - INFO - 第2668局
2025-11-29 17:45:56,968 - INFO - 2赢了
2025-11-29 17:45:56,968 - INFO - 第2669局
2025-11-29 17:45:58,614 - INFO - 2赢了
2025-11-29 17:45:58,614 - INFO - 第2670局
2025-11-29 17:46:00,178 - INFO - 2赢了
2025-11-29 17:46:00,196 - INFO - Epoch: 0, Loss: 1.8677, Policy: 1.8515, Value: 0.0404
2025-11-29 17:46:00,764 - INFO - Epoch: 100, Loss: 1.7385, Policy: 1.7259, Value: 0.0313
2025-11-29 17:46:01,241 - INFO - Epoch: 200, Loss: 1.9228, Policy: 1.9077, Value: 0.0378
2025-11-29 17:46:01,723 - INFO - Epoch: 300, Loss: 1.9888, Policy: 1.9720, Value: 0.0421
2025-11-29 17:46:02,200 - INFO - Epoch: 400, Loss: 1.7653, Policy: 1.7502, Value: 0.0378
2025-11-29 17:46:02,715 - INFO - Epoch: 500, Loss: 1.7927, Policy: 1.7793, Value: 0.0335
2025-11-29 17:46:03,236 - INFO - Epoch: 600, Loss: 1.8264, Policy: 1.8136, Value: 0.0320
2025-11-29 17:46:03,814 - INFO - Epoch: 700, Loss: 1.9023, Policy: 1.8899, Value: 0.0311
2025-11-29 17:46:05,542 - INFO - Epoch: 800, Loss: 1.7425, Policy: 1.7276, Value: 0.0372
2025-11-29 17:46:06,143 - INFO - Epoch: 900, Loss: 1.7467, Policy: 1.7357, Value: 0.0276
2025-11-29 17:46:06,746 - INFO - Epoch: 1000, Loss: 1.9274, Policy: 1.9148, Value: 0.0315
2025-11-29 17:46:06,750 - INFO - 训练结束，最新模型已保存到 model.pth
2025-11-29 17:46:06,751 - INFO - 第2671局
2025-11-29 17:46:07,699 - INFO - 2赢了
2025-11-29 17:46:07,699 - INFO - 第2672局
2025-11-29 17:46:09,764 - INFO - 2赢了
2025-11-29 17:46:09,765 - INFO - 第2673局
2025-11-29 17:46:11,355 - INFO - 2赢了
2025-11-29 17:46:11,355 - INFO - 第2674局
2025-11-29 17:46:12,506 - INFO - 2赢了
2025-11-29 17:46:12,506 - INFO - 第2675局
2025-11-29 17:46:14,523 - INFO - 2赢了
2025-11-29 17:46:14,523 - INFO - 第2676局
2025-11-29 17:46:16,143 - INFO - 2赢了
2025-11-29 17:46:16,143 - INFO - 第2677局
2025-11-29 17:46:17,629 - INFO - 2赢了
2025-11-29 17:46:17,629 - INFO - 第2678局
2025-11-29 17:46:19,344 - INFO - 2赢了
2025-11-29 17:46:19,344 - INFO - 第2679局
2025-11-29 17:46:21,921 - INFO - 2赢了
2025-11-29 17:46:21,921 - INFO - 第2680局
2025-11-29 17:46:24,542 - INFO - 2赢了
2025-11-29 17:46:24,555 - INFO - Epoch: 0, Loss: 1.9039, Policy: 1.8918, Value: 0.0302
2025-11-29 17:46:25,172 - INFO - Epoch: 100, Loss: 1.8969, Policy: 1.8846, Value: 0.0308
2025-11-29 17:46:25,708 - INFO - Epoch: 200, Loss: 2.0150, Policy: 1.9959, Value: 0.0477
2025-11-29 17:46:26,221 - INFO - Epoch: 300, Loss: 1.7384, Policy: 1.7147, Value: 0.0592
2025-11-29 17:46:26,770 - INFO - Epoch: 400, Loss: 1.7384, Policy: 1.7263, Value: 0.0303
2025-11-29 17:46:27,298 - INFO - Epoch: 500, Loss: 1.8944, Policy: 1.8839, Value: 0.0262
2025-11-29 17:46:27,861 - INFO - Epoch: 600, Loss: 1.8370, Policy: 1.8233, Value: 0.0341
2025-11-29 17:46:28,441 - INFO - Epoch: 700, Loss: 1.6871, Policy: 1.6763, Value: 0.0269
2025-11-29 17:46:29,007 - INFO - Epoch: 800, Loss: 1.8411, Policy: 1.8289, Value: 0.0305
2025-11-29 17:46:29,590 - INFO - Epoch: 900, Loss: 1.9427, Policy: 1.9329, Value: 0.0244
2025-11-29 17:46:30,167 - INFO - Epoch: 1000, Loss: 1.9948, Policy: 1.9821, Value: 0.0317
2025-11-29 17:46:30,171 - INFO - 训练结束，最新模型已保存到 model.pth
2025-11-29 17:46:30,172 - INFO - 第2681局
2025-11-29 17:46:32,886 - INFO - 2赢了
2025-11-29 17:46:32,886 - INFO - 第2682局
2025-11-29 17:46:33,668 - INFO - 2赢了
2025-11-29 17:46:33,668 - INFO - 第2683局
2025-11-29 17:46:34,876 - INFO - 1赢了
2025-11-29 17:46:34,876 - INFO - 第2684局
2025-11-29 17:46:36,772 - INFO - 2赢了
2025-11-29 17:46:36,772 - INFO - 第2685局
2025-11-29 17:46:42,873 - INFO - 1赢了
2025-11-29 17:46:42,873 - INFO - 第2686局
2025-11-29 17:46:43,924 - INFO - 2赢了
2025-11-29 17:46:43,924 - INFO - 第2687局
2025-11-29 17:46:49,107 - INFO - 1赢了
2025-11-29 17:46:49,107 - INFO - 第2688局
2025-11-29 17:46:51,728 - INFO - 2赢了
2025-11-29 17:46:51,728 - INFO - 第2689局
2025-11-29 17:46:56,061 - INFO - 2赢了
2025-11-29 17:46:56,061 - INFO - 第2690局
2025-11-29 17:46:57,739 - INFO - 2赢了
2025-11-29 17:46:57,753 - INFO - Epoch: 0, Loss: 1.8212, Policy: 1.8083, Value: 0.0321
2025-11-29 17:46:58,325 - INFO - Epoch: 100, Loss: 1.7931, Policy: 1.7800, Value: 0.0327
2025-11-29 17:46:58,838 - INFO - Epoch: 200, Loss: 1.8874, Policy: 1.8738, Value: 0.0339
2025-11-29 17:46:59,331 - INFO - Epoch: 300, Loss: 1.9634, Policy: 1.9512, Value: 0.0305
2025-11-29 17:46:59,819 - INFO - Epoch: 400, Loss: 2.0032, Policy: 1.9911, Value: 0.0302
2025-11-29 17:47:00,313 - INFO - Epoch: 500, Loss: 1.8613, Policy: 1.8487, Value: 0.0316
2025-11-29 17:47:00,820 - INFO - Epoch: 600, Loss: 1.8809, Policy: 1.8658, Value: 0.0378
2025-11-29 17:47:01,343 - INFO - Epoch: 700, Loss: 1.8647, Policy: 1.8468, Value: 0.0447
2025-11-29 17:47:01,873 - INFO - Epoch: 800, Loss: 1.9125, Policy: 1.8992, Value: 0.0334
2025-11-29 17:47:02,404 - INFO - Epoch: 900, Loss: 1.7916, Policy: 1.7719, Value: 0.0492
2025-11-29 17:47:02,931 - INFO - Epoch: 1000, Loss: 1.7958, Policy: 1.7843, Value: 0.0287
2025-11-29 17:47:02,935 - INFO - 训练结束，最新模型已保存到 model.pth
2025-11-29 17:47:02,936 - INFO - 第2691局
2025-11-29 17:47:03,965 - INFO - 2赢了
2025-11-29 17:47:03,965 - INFO - 第2692局
2025-11-29 17:47:04,950 - INFO - 2赢了
2025-11-29 17:47:04,950 - INFO - 第2693局
2025-11-29 17:47:06,416 - INFO - 2赢了
2025-11-29 17:47:06,416 - INFO - 第2694局
2025-11-29 17:47:08,430 - INFO - 2赢了
2025-11-29 17:47:08,430 - INFO - 第2695局
2025-11-29 17:47:09,987 - INFO - 2赢了
2025-11-29 17:47:09,988 - INFO - 第2696局
2025-11-29 17:47:12,501 - INFO - 1赢了
2025-11-29 17:47:12,501 - INFO - 第2697局
2025-11-29 17:47:13,661 - INFO - 2赢了
2025-11-29 17:47:13,661 - INFO - 第2698局
2025-11-29 17:47:15,775 - INFO - 2赢了
2025-11-29 17:47:15,775 - INFO - 第2699局
2025-11-29 17:47:17,115 - INFO - 2赢了
2025-11-29 17:47:17,115 - INFO - 第2700局
2025-11-29 17:47:21,702 - INFO - 1赢了
2025-11-29 17:47:21,722 - INFO - Epoch: 0, Loss: 1.7620, Policy: 1.7502, Value: 0.0294
2025-11-29 17:47:22,399 - INFO - Epoch: 100, Loss: 1.7032, Policy: 1.6900, Value: 0.0330
2025-11-29 17:47:22,953 - INFO - Epoch: 200, Loss: 1.9376, Policy: 1.9260, Value: 0.0291
2025-11-29 17:47:23,509 - INFO - Epoch: 300, Loss: 1.8782, Policy: 1.8674, Value: 0.0270
2025-11-29 17:47:24,064 - INFO - Epoch: 400, Loss: 1.7935, Policy: 1.7816, Value: 0.0298
2025-11-29 17:47:24,617 - INFO - Epoch: 500, Loss: 1.9378, Policy: 1.9264, Value: 0.0284
2025-11-29 17:47:25,147 - INFO - Epoch: 600, Loss: 1.8325, Policy: 1.8208, Value: 0.0293
2025-11-29 17:47:25,694 - INFO - Epoch: 700, Loss: 1.8329, Policy: 1.8138, Value: 0.0478
2025-11-29 17:47:26,269 - INFO - Epoch: 800, Loss: 1.7519, Policy: 1.7373, Value: 0.0363
2025-11-29 17:47:26,883 - INFO - Epoch: 900, Loss: 1.8501, Policy: 1.8324, Value: 0.0444
2025-11-29 17:47:27,499 - INFO - Epoch: 1000, Loss: 1.7926, Policy: 1.7766, Value: 0.0400
2025-11-29 17:47:27,504 - INFO - 训练结束，最新模型已保存到 model.pth
2025-11-29 17:47:27,506 - INFO - 保存模型快照: /home/ktfine/IAteamwork/AlphaZero_Five/models/model_game_2700.pth
2025-11-29 17:47:27,506 - INFO - 缓存区数据量: 24739
2025-11-29 17:47:29,751 - INFO - 第2701局
2025-11-29 17:47:31,196 - INFO - 1赢了
2025-11-29 17:47:31,196 - INFO - 第2702局
2025-11-29 17:47:33,587 - INFO - 1赢了
2025-11-29 17:47:33,587 - INFO - 第2703局
2025-11-29 17:47:35,180 - INFO - 2赢了
2025-11-29 17:47:35,180 - INFO - 第2704局
2025-11-29 17:47:38,562 - INFO - 2赢了
2025-11-29 17:47:38,562 - INFO - 第2705局
2025-11-29 17:47:40,179 - INFO - 2赢了
2025-11-29 17:47:40,179 - INFO - 第2706局
2025-11-29 17:47:42,876 - INFO - 2赢了
2025-11-29 17:47:42,876 - INFO - 第2707局
2025-11-29 17:47:48,562 - INFO - 2赢了
2025-11-29 17:47:48,562 - INFO - 第2708局
2025-11-29 17:47:49,779 - INFO - 2赢了
2025-11-29 17:47:49,779 - INFO - 第2709局
2025-11-29 17:47:50,759 - INFO - 2赢了
2025-11-29 17:47:50,759 - INFO - 第2710局
2025-11-29 17:47:52,344 - INFO - 2赢了
2025-11-29 17:47:52,357 - INFO - Epoch: 0, Loss: 1.8962, Policy: 1.8874, Value: 0.0221
2025-11-29 17:47:52,994 - INFO - Epoch: 100, Loss: 1.7589, Policy: 1.7433, Value: 0.0390
2025-11-29 17:47:53,517 - INFO - Epoch: 200, Loss: 1.9733, Policy: 1.9602, Value: 0.0329
2025-11-29 17:47:54,045 - INFO - Epoch: 300, Loss: 1.7770, Policy: 1.7569, Value: 0.0503
2025-11-29 17:47:54,573 - INFO - Epoch: 400, Loss: 1.8015, Policy: 1.7926, Value: 0.0223
2025-11-29 17:47:55,095 - INFO - Epoch: 500, Loss: 1.8585, Policy: 1.8443, Value: 0.0354
2025-11-29 17:47:55,622 - INFO - Epoch: 600, Loss: 1.9200, Policy: 1.9112, Value: 0.0220
2025-11-29 17:47:56,163 - INFO - Epoch: 700, Loss: 1.7880, Policy: 1.7796, Value: 0.0210
2025-11-29 17:47:56,650 - INFO - Epoch: 800, Loss: 1.8177, Policy: 1.8078, Value: 0.0249
2025-11-29 17:47:57,137 - INFO - Epoch: 900, Loss: 1.8439, Policy: 1.8305, Value: 0.0333
2025-11-29 17:47:57,619 - INFO - Epoch: 1000, Loss: 1.8719, Policy: 1.8553, Value: 0.0414
2025-11-29 17:47:57,623 - INFO - 训练结束，最新模型已保存到 model.pth
2025-11-29 17:47:57,624 - INFO - 第2711局
2025-11-29 17:47:58,517 - INFO - 2赢了
2025-11-29 17:47:58,517 - INFO - 第2712局
2025-11-29 17:47:59,920 - INFO - 2赢了
2025-11-29 17:47:59,920 - INFO - 第2713局
2025-11-29 17:48:00,732 - INFO - 2赢了
2025-11-29 17:48:00,732 - INFO - 第2714局
2025-11-29 17:48:02,260 - INFO - 2赢了
2025-11-29 17:48:02,260 - INFO - 第2715局
2025-11-29 17:48:03,468 - INFO - 1赢了
2025-11-29 17:48:03,468 - INFO - 第2716局
2025-11-29 17:48:04,584 - INFO - 2赢了
2025-11-29 17:48:04,585 - INFO - 第2717局
2025-11-29 17:48:09,872 - INFO - 2赢了
2025-11-29 17:48:09,872 - INFO - 第2718局
2025-11-29 17:48:11,588 - INFO - 2赢了
2025-11-29 17:48:11,588 - INFO - 第2719局
2025-11-29 17:48:12,641 - INFO - 2赢了
2025-11-29 17:48:12,641 - INFO - 第2720局
2025-11-29 17:48:14,653 - INFO - 1赢了
2025-11-29 17:48:14,670 - INFO - Epoch: 0, Loss: 1.8770, Policy: 1.8630, Value: 0.0351
2025-11-29 17:48:15,275 - INFO - Epoch: 100, Loss: 1.9458, Policy: 1.9337, Value: 0.0303
2025-11-29 17:48:15,810 - INFO - Epoch: 200, Loss: 1.8352, Policy: 1.8211, Value: 0.0352
2025-11-29 17:48:16,350 - INFO - Epoch: 300, Loss: 1.9675, Policy: 1.9572, Value: 0.0257
2025-11-29 17:48:16,910 - INFO - Epoch: 400, Loss: 1.8018, Policy: 1.7913, Value: 0.0262
2025-11-29 17:48:17,490 - INFO - Epoch: 500, Loss: 1.9667, Policy: 1.9470, Value: 0.0492
2025-11-29 17:48:19,201 - INFO - Epoch: 600, Loss: 1.8116, Policy: 1.7997, Value: 0.0296
2025-11-29 17:48:19,764 - INFO - Epoch: 700, Loss: 1.7480, Policy: 1.7389, Value: 0.0227
2025-11-29 17:48:20,315 - INFO - Epoch: 800, Loss: 2.0498, Policy: 2.0354, Value: 0.0360
2025-11-29 17:48:20,873 - INFO - Epoch: 900, Loss: 1.9303, Policy: 1.9147, Value: 0.0391
2025-11-29 17:48:21,401 - INFO - Epoch: 1000, Loss: 1.8336, Policy: 1.8209, Value: 0.0316
2025-11-29 17:48:21,405 - INFO - 训练结束，最新模型已保存到 model.pth
2025-11-29 17:48:21,405 - INFO - 第2721局
2025-11-29 17:48:26,409 - INFO - 1赢了
2025-11-29 17:48:26,410 - INFO - 第2722局
2025-11-29 17:48:28,021 - INFO - 2赢了
2025-11-29 17:48:28,021 - INFO - 第2723局
2025-11-29 17:48:29,689 - INFO - 2赢了
2025-11-29 17:48:29,689 - INFO - 第2724局
2025-11-29 17:48:32,271 - INFO - 1赢了
2025-11-29 17:48:32,271 - INFO - 第2725局
2025-11-29 17:48:33,022 - INFO - 2赢了
2025-11-29 17:48:33,022 - INFO - 第2726局
2025-11-29 17:48:36,919 - INFO - 2赢了
2025-11-29 17:48:36,919 - INFO - 第2727局
2025-11-29 17:48:38,461 - INFO - 2赢了
2025-11-29 17:48:38,462 - INFO - 第2728局
2025-11-29 17:48:39,739 - INFO - 1赢了
2025-11-29 17:48:39,739 - INFO - 第2729局
2025-11-29 17:48:40,826 - INFO - 2赢了
2025-11-29 17:48:40,826 - INFO - 第2730局
2025-11-29 17:48:42,282 - INFO - 2赢了
2025-11-29 17:48:42,301 - INFO - Epoch: 0, Loss: 1.8590, Policy: 1.8442, Value: 0.0369
2025-11-29 17:48:42,913 - INFO - Epoch: 100, Loss: 1.9694, Policy: 1.9560, Value: 0.0334
2025-11-29 17:48:43,445 - INFO - Epoch: 200, Loss: 1.9546, Policy: 1.9403, Value: 0.0357
2025-11-29 17:48:44,000 - INFO - Epoch: 300, Loss: 1.7686, Policy: 1.7594, Value: 0.0228
2025-11-29 17:48:44,551 - INFO - Epoch: 400, Loss: 1.7281, Policy: 1.7182, Value: 0.0247
2025-11-29 17:48:45,093 - INFO - Epoch: 500, Loss: 1.9936, Policy: 1.9805, Value: 0.0328
2025-11-29 17:48:45,629 - INFO - Epoch: 600, Loss: 1.8090, Policy: 1.7919, Value: 0.0427
2025-11-29 17:48:46,158 - INFO - Epoch: 700, Loss: 1.8839, Policy: 1.8676, Value: 0.0407
2025-11-29 17:48:46,658 - INFO - Epoch: 800, Loss: 1.9650, Policy: 1.9529, Value: 0.0303
2025-11-29 17:48:47,206 - INFO - Epoch: 900, Loss: 1.9232, Policy: 1.9109, Value: 0.0307
2025-11-29 17:48:47,723 - INFO - Epoch: 1000, Loss: 1.9084, Policy: 1.8989, Value: 0.0237
2025-11-29 17:48:47,726 - INFO - 训练结束，最新模型已保存到 model.pth
2025-11-29 17:48:47,727 - INFO - 第2731局
2025-11-29 17:48:50,038 - INFO - 2赢了
2025-11-29 17:48:50,038 - INFO - 第2732局
2025-11-29 17:48:53,929 - INFO - 1赢了
2025-11-29 17:48:53,929 - INFO - 第2733局
2025-11-29 17:48:55,459 - INFO - 2赢了
2025-11-29 17:48:55,459 - INFO - 第2734局
2025-11-29 17:48:56,174 - INFO - 2赢了
2025-11-29 17:48:56,174 - INFO - 第2735局
2025-11-29 17:48:57,668 - INFO - 2赢了
2025-11-29 17:48:57,668 - INFO - 第2736局
2025-11-29 17:49:03,950 - INFO - 2赢了
2025-11-29 17:49:03,950 - INFO - 第2737局
2025-11-29 17:49:04,815 - INFO - 2赢了
2025-11-29 17:49:04,815 - INFO - 第2738局
2025-11-29 17:49:07,818 - INFO - 2赢了
2025-11-29 17:49:07,818 - INFO - 第2739局
2025-11-29 17:49:24,374 - INFO - 2赢了
2025-11-29 17:49:24,374 - INFO - 第2740局
2025-11-29 17:49:27,300 - INFO - 2赢了
2025-11-29 17:49:27,320 - INFO - Epoch: 0, Loss: 1.9074, Policy: 1.8930, Value: 0.0362
2025-11-29 17:49:27,905 - INFO - Epoch: 100, Loss: 1.8446, Policy: 1.8281, Value: 0.0415
2025-11-29 17:49:28,440 - INFO - Epoch: 200, Loss: 1.8853, Policy: 1.8690, Value: 0.0409
2025-11-29 17:49:28,966 - INFO - Epoch: 300, Loss: 1.8441, Policy: 1.8316, Value: 0.0312
2025-11-29 17:49:29,484 - INFO - Epoch: 400, Loss: 1.7889, Policy: 1.7756, Value: 0.0332
2025-11-29 17:49:29,997 - INFO - Epoch: 500, Loss: 1.8769, Policy: 1.8584, Value: 0.0462
2025-11-29 17:49:30,505 - INFO - Epoch: 600, Loss: 1.8314, Policy: 1.8127, Value: 0.0468
2025-11-29 17:49:31,013 - INFO - Epoch: 700, Loss: 1.9051, Policy: 1.8890, Value: 0.0403
2025-11-29 17:49:31,521 - INFO - Epoch: 800, Loss: 1.8173, Policy: 1.8065, Value: 0.0271
2025-11-29 17:49:32,035 - INFO - Epoch: 900, Loss: 1.8690, Policy: 1.8538, Value: 0.0380
2025-11-29 17:49:32,551 - INFO - Epoch: 1000, Loss: 1.9115, Policy: 1.8999, Value: 0.0292
2025-11-29 17:49:32,555 - INFO - 训练结束，最新模型已保存到 model.pth
2025-11-29 17:49:32,556 - INFO - 第2741局
2025-11-29 17:49:34,190 - INFO - 2赢了
2025-11-29 17:49:34,190 - INFO - 第2742局
2025-11-29 17:49:36,174 - INFO - 1赢了
2025-11-29 17:49:36,174 - INFO - 第2743局
2025-11-29 17:49:38,097 - INFO - 2赢了
2025-11-29 17:49:38,097 - INFO - 第2744局
2025-11-29 17:49:42,591 - INFO - 2赢了
2025-11-29 17:49:42,591 - INFO - 第2745局
2025-11-29 17:49:44,483 - INFO - 1赢了
2025-11-29 17:49:44,483 - INFO - 第2746局
2025-11-29 17:49:46,116 - INFO - 2赢了
2025-11-29 17:49:46,116 - INFO - 第2747局
2025-11-29 17:49:47,884 - INFO - 2赢了
2025-11-29 17:49:47,884 - INFO - 第2748局
2025-11-29 17:49:49,395 - INFO - 2赢了
2025-11-29 17:49:49,395 - INFO - 第2749局
2025-11-29 17:49:52,335 - INFO - 2赢了
2025-11-29 17:49:52,335 - INFO - 第2750局
2025-11-29 17:49:54,334 - INFO - 2赢了
2025-11-29 17:49:54,351 - INFO - Epoch: 0, Loss: 1.8809, Policy: 1.8648, Value: 0.0403
2025-11-29 17:49:54,933 - INFO - Epoch: 100, Loss: 1.8455, Policy: 1.8327, Value: 0.0319
2025-11-29 17:49:55,441 - INFO - Epoch: 200, Loss: 1.9287, Policy: 1.9121, Value: 0.0417
2025-11-29 17:49:55,941 - INFO - Epoch: 300, Loss: 1.9186, Policy: 1.9029, Value: 0.0393
2025-11-29 17:49:56,439 - INFO - Epoch: 400, Loss: 1.8071, Policy: 1.7969, Value: 0.0255
2025-11-29 17:49:56,942 - INFO - Epoch: 500, Loss: 1.8808, Policy: 1.8660, Value: 0.0368
2025-11-29 17:49:57,450 - INFO - Epoch: 600, Loss: 1.8664, Policy: 1.8551, Value: 0.0282
2025-11-29 17:49:57,986 - INFO - Epoch: 700, Loss: 1.9760, Policy: 1.9623, Value: 0.0344
2025-11-29 17:49:58,510 - INFO - Epoch: 800, Loss: 1.8021, Policy: 1.7896, Value: 0.0313
2025-11-29 17:49:59,033 - INFO - Epoch: 900, Loss: 1.8088, Policy: 1.7982, Value: 0.0265
2025-11-29 17:49:59,540 - INFO - Epoch: 1000, Loss: 1.8939, Policy: 1.8855, Value: 0.0209
2025-11-29 17:49:59,543 - INFO - 训练结束，最新模型已保存到 model.pth
2025-11-29 17:49:59,544 - INFO - 第2751局
2025-11-29 17:50:00,365 - INFO - 2赢了
2025-11-29 17:50:00,365 - INFO - 第2752局
2025-11-29 17:50:02,351 - INFO - 2赢了
2025-11-29 17:50:02,351 - INFO - 第2753局
2025-11-29 17:50:05,256 - INFO - 2赢了
2025-11-29 17:50:05,256 - INFO - 第2754局
2025-11-29 17:50:10,100 - INFO - 1赢了
2025-11-29 17:50:10,101 - INFO - 第2755局
2025-11-29 17:50:13,579 - INFO - 2赢了
2025-11-29 17:50:13,579 - INFO - 第2756局
2025-11-29 17:50:16,159 - INFO - 2赢了
2025-11-29 17:50:16,159 - INFO - 第2757局
2025-11-29 17:50:17,780 - INFO - 2赢了
2025-11-29 17:50:17,781 - INFO - 第2758局
2025-11-29 17:50:18,986 - INFO - 1赢了
2025-11-29 17:50:18,986 - INFO - 第2759局
2025-11-29 17:50:20,180 - INFO - 1赢了
2025-11-29 17:50:20,180 - INFO - 第2760局
2025-11-29 17:50:21,608 - INFO - 1赢了
2025-11-29 17:50:21,627 - INFO - Epoch: 0, Loss: 1.8706, Policy: 1.8566, Value: 0.0350
2025-11-29 17:50:22,218 - INFO - Epoch: 100, Loss: 2.0127, Policy: 2.0031, Value: 0.0239
2025-11-29 17:50:22,754 - INFO - Epoch: 200, Loss: 1.9317, Policy: 1.9153, Value: 0.0409
2025-11-29 17:50:23,319 - INFO - Epoch: 300, Loss: 1.9325, Policy: 1.9217, Value: 0.0270
2025-11-29 17:50:23,876 - INFO - Epoch: 400, Loss: 1.8095, Policy: 1.7965, Value: 0.0326
2025-11-29 17:50:24,403 - INFO - Epoch: 500, Loss: 1.8504, Policy: 1.8375, Value: 0.0323
2025-11-29 17:50:24,956 - INFO - Epoch: 600, Loss: 1.8091, Policy: 1.7959, Value: 0.0330
2025-11-29 17:50:25,500 - INFO - Epoch: 700, Loss: 1.7000, Policy: 1.6865, Value: 0.0337
2025-11-29 17:50:26,021 - INFO - Epoch: 800, Loss: 1.7221, Policy: 1.7093, Value: 0.0321
2025-11-29 17:50:26,565 - INFO - Epoch: 900, Loss: 1.7275, Policy: 1.7131, Value: 0.0360
2025-11-29 17:50:27,127 - INFO - Epoch: 1000, Loss: 1.8424, Policy: 1.8333, Value: 0.0226
2025-11-29 17:50:27,130 - INFO - 训练结束，最新模型已保存到 model.pth
2025-11-29 17:50:27,131 - INFO - 第2761局
2025-11-29 17:50:28,795 - INFO - 2赢了
2025-11-29 17:50:28,795 - INFO - 第2762局
2025-11-29 17:50:30,923 - INFO - 2赢了
2025-11-29 17:50:30,923 - INFO - 第2763局
2025-11-29 17:50:32,210 - INFO - 1赢了
2025-11-29 17:50:32,210 - INFO - 第2764局
2025-11-29 17:50:33,243 - INFO - 2赢了
2025-11-29 17:50:33,243 - INFO - 第2765局
2025-11-29 17:50:34,309 - INFO - 2赢了
2025-11-29 17:50:34,309 - INFO - 第2766局
2025-11-29 17:50:35,940 - INFO - 2赢了
2025-11-29 17:50:35,940 - INFO - 第2767局
2025-11-29 17:50:37,122 - INFO - 2赢了
2025-11-29 17:50:37,122 - INFO - 第2768局
2025-11-29 17:50:37,971 - INFO - 2赢了
2025-11-29 17:50:37,971 - INFO - 第2769局
2025-11-29 17:50:39,144 - INFO - 1赢了
2025-11-29 17:50:39,144 - INFO - 第2770局
2025-11-29 17:50:40,227 - INFO - 2赢了
2025-11-29 17:50:40,242 - INFO - Epoch: 0, Loss: 1.9104, Policy: 1.8902, Value: 0.0504
2025-11-29 17:50:40,837 - INFO - Epoch: 100, Loss: 1.9876, Policy: 1.9800, Value: 0.0190
2025-11-29 17:50:41,365 - INFO - Epoch: 200, Loss: 1.7557, Policy: 1.7401, Value: 0.0391
2025-11-29 17:50:41,878 - INFO - Epoch: 300, Loss: 1.8180, Policy: 1.8091, Value: 0.0223
2025-11-29 17:50:42,381 - INFO - Epoch: 400, Loss: 1.8416, Policy: 1.8315, Value: 0.0253
2025-11-29 17:50:42,885 - INFO - Epoch: 500, Loss: 1.9082, Policy: 1.8946, Value: 0.0342
2025-11-29 17:50:43,404 - INFO - Epoch: 600, Loss: 1.9089, Policy: 1.8928, Value: 0.0404
2025-11-29 17:50:43,920 - INFO - Epoch: 700, Loss: 1.8789, Policy: 1.8606, Value: 0.0458
2025-11-29 17:50:44,413 - INFO - Epoch: 800, Loss: 1.8415, Policy: 1.8290, Value: 0.0312
2025-11-29 17:50:44,920 - INFO - Epoch: 900, Loss: 1.7367, Policy: 1.7257, Value: 0.0274
2025-11-29 17:50:45,440 - INFO - Epoch: 1000, Loss: 1.7705, Policy: 1.7572, Value: 0.0334
2025-11-29 17:50:45,444 - INFO - 训练结束，最新模型已保存到 model.pth
2025-11-29 17:50:45,445 - INFO - 第2771局
2025-11-29 17:50:49,220 - INFO - 2赢了
2025-11-29 17:50:49,220 - INFO - 第2772局
2025-11-29 17:50:50,737 - INFO - 1赢了
2025-11-29 17:50:50,737 - INFO - 第2773局
2025-11-29 17:50:52,209 - INFO - 1赢了
2025-11-29 17:50:52,210 - INFO - 第2774局
2025-11-29 17:50:57,673 - INFO - 1赢了
2025-11-29 17:50:57,673 - INFO - 第2775局
2025-11-29 17:50:59,233 - INFO - 2赢了
2025-11-29 17:50:59,233 - INFO - 第2776局
2025-11-29 17:51:02,057 - INFO - 2赢了
2025-11-29 17:51:02,057 - INFO - 第2777局
2025-11-29 17:51:04,520 - INFO - 2赢了
2025-11-29 17:51:04,520 - INFO - 第2778局
2025-11-29 17:51:06,252 - INFO - 2赢了
2025-11-29 17:51:06,252 - INFO - 第2779局
2025-11-29 17:51:08,103 - INFO - 1赢了
2025-11-29 17:51:08,103 - INFO - 第2780局
2025-11-29 17:51:09,750 - INFO - 2赢了
2025-11-29 17:51:09,767 - INFO - Epoch: 0, Loss: 1.8317, Policy: 1.8179, Value: 0.0345
2025-11-29 17:51:10,374 - INFO - Epoch: 100, Loss: 1.7942, Policy: 1.7819, Value: 0.0306
2025-11-29 17:51:10,886 - INFO - Epoch: 200, Loss: 1.9143, Policy: 1.9013, Value: 0.0324
2025-11-29 17:51:11,408 - INFO - Epoch: 300, Loss: 1.8012, Policy: 1.7906, Value: 0.0265
2025-11-29 17:51:11,917 - INFO - Epoch: 400, Loss: 1.8366, Policy: 1.8267, Value: 0.0248
2025-11-29 17:51:12,451 - INFO - Epoch: 500, Loss: 1.8422, Policy: 1.8272, Value: 0.0376
2025-11-29 17:51:12,984 - INFO - Epoch: 600, Loss: 1.9590, Policy: 1.9459, Value: 0.0329
2025-11-29 17:51:13,514 - INFO - Epoch: 700, Loss: 1.8195, Policy: 1.8073, Value: 0.0305
2025-11-29 17:51:14,072 - INFO - Epoch: 800, Loss: 1.7408, Policy: 1.7260, Value: 0.0369
2025-11-29 17:51:14,580 - INFO - Epoch: 900, Loss: 1.7785, Policy: 1.7650, Value: 0.0338
2025-11-29 17:51:15,092 - INFO - Epoch: 1000, Loss: 1.9274, Policy: 1.9116, Value: 0.0394
2025-11-29 17:51:15,095 - INFO - 训练结束，最新模型已保存到 model.pth
2025-11-29 17:51:15,096 - INFO - 第2781局
2025-11-29 17:51:16,721 - INFO - 1赢了
2025-11-29 17:51:16,721 - INFO - 第2782局
2025-11-29 17:51:17,876 - INFO - 1赢了
2025-11-29 17:51:17,876 - INFO - 第2783局
2025-11-29 17:51:19,327 - INFO - 2赢了
2025-11-29 17:51:19,327 - INFO - 第2784局
2025-11-29 17:51:20,579 - INFO - 2赢了
2025-11-29 17:51:20,579 - INFO - 第2785局
2025-11-29 17:51:24,715 - INFO - 1赢了
2025-11-29 17:51:24,715 - INFO - 第2786局
2025-11-29 17:51:28,697 - INFO - 2赢了
2025-11-29 17:51:28,697 - INFO - 第2787局
2025-11-29 17:51:30,375 - INFO - 2赢了
2025-11-29 17:51:30,375 - INFO - 第2788局
2025-11-29 17:51:31,557 - INFO - 1赢了
2025-11-29 17:51:31,557 - INFO - 第2789局
2025-11-29 17:51:34,633 - INFO - 2赢了
2025-11-29 17:51:34,633 - INFO - 第2790局
2025-11-29 17:51:35,850 - INFO - 2赢了
2025-11-29 17:51:35,869 - INFO - Epoch: 0, Loss: 1.8234, Policy: 1.8069, Value: 0.0412
2025-11-29 17:51:36,465 - INFO - Epoch: 100, Loss: 1.8304, Policy: 1.8209, Value: 0.0237
2025-11-29 17:51:36,986 - INFO - Epoch: 200, Loss: 1.9849, Policy: 1.9736, Value: 0.0284
2025-11-29 17:51:37,533 - INFO - Epoch: 300, Loss: 1.7774, Policy: 1.7588, Value: 0.0466
2025-11-29 17:51:38,067 - INFO - Epoch: 400, Loss: 1.7629, Policy: 1.7523, Value: 0.0264
2025-11-29 17:51:38,620 - INFO - Epoch: 500, Loss: 1.9151, Policy: 1.8978, Value: 0.0432
2025-11-29 17:51:39,153 - INFO - Epoch: 600, Loss: 1.7475, Policy: 1.7322, Value: 0.0382
2025-11-29 17:51:39,662 - INFO - Epoch: 700, Loss: 2.0523, Policy: 2.0388, Value: 0.0340
2025-11-29 17:51:40,189 - INFO - Epoch: 800, Loss: 1.7857, Policy: 1.7768, Value: 0.0224
2025-11-29 17:51:40,686 - INFO - Epoch: 900, Loss: 1.7795, Policy: 1.7689, Value: 0.0264
2025-11-29 17:51:41,191 - INFO - Epoch: 1000, Loss: 1.6951, Policy: 1.6816, Value: 0.0337
2025-11-29 17:51:41,194 - INFO - 训练结束，最新模型已保存到 model.pth
2025-11-29 17:51:41,195 - INFO - 第2791局
2025-11-29 17:51:42,918 - INFO - 2赢了
2025-11-29 17:51:42,919 - INFO - 第2792局
2025-11-29 17:51:45,241 - INFO - 2赢了
2025-11-29 17:51:45,241 - INFO - 第2793局
2025-11-29 17:51:46,843 - INFO - 1赢了
2025-11-29 17:51:46,843 - INFO - 第2794局
2025-11-29 17:51:47,988 - INFO - 1赢了
2025-11-29 17:51:47,988 - INFO - 第2795局
2025-11-29 17:51:50,525 - INFO - 1赢了
2025-11-29 17:51:50,526 - INFO - 第2796局
2025-11-29 17:51:52,502 - INFO - 1赢了
2025-11-29 17:51:52,503 - INFO - 第2797局
2025-11-29 17:51:54,250 - INFO - 1赢了
2025-11-29 17:51:54,250 - INFO - 第2798局
2025-11-29 17:51:57,759 - INFO - 2赢了
2025-11-29 17:51:57,759 - INFO - 第2799局
2025-11-29 17:51:59,498 - INFO - 1赢了
2025-11-29 17:51:59,498 - INFO - 第2800局
2025-11-29 17:52:00,572 - INFO - 2赢了
2025-11-29 17:52:00,589 - INFO - Epoch: 0, Loss: 1.8363, Policy: 1.8206, Value: 0.0392
2025-11-29 17:52:01,189 - INFO - Epoch: 100, Loss: 2.0015, Policy: 1.9903, Value: 0.0279
2025-11-29 17:52:01,710 - INFO - Epoch: 200, Loss: 1.8600, Policy: 1.8493, Value: 0.0266
2025-11-29 17:52:02,255 - INFO - Epoch: 300, Loss: 1.9048, Policy: 1.8924, Value: 0.0309
2025-11-29 17:52:02,778 - INFO - Epoch: 400, Loss: 1.8013, Policy: 1.7903, Value: 0.0274
2025-11-29 17:52:03,317 - INFO - Epoch: 500, Loss: 1.9311, Policy: 1.9145, Value: 0.0415
2025-11-29 17:52:03,850 - INFO - Epoch: 600, Loss: 1.7342, Policy: 1.7233, Value: 0.0273
2025-11-29 17:52:04,421 - INFO - Epoch: 700, Loss: 1.7651, Policy: 1.7481, Value: 0.0424
2025-11-29 17:52:04,976 - INFO - Epoch: 800, Loss: 1.8608, Policy: 1.8446, Value: 0.0405
2025-11-29 17:52:05,523 - INFO - Epoch: 900, Loss: 1.8889, Policy: 1.8766, Value: 0.0307
2025-11-29 17:52:06,078 - INFO - Epoch: 1000, Loss: 1.7984, Policy: 1.7876, Value: 0.0270
2025-11-29 17:52:06,083 - INFO - 训练结束，最新模型已保存到 model.pth
2025-11-29 17:52:06,084 - INFO - 第2801局
2025-11-29 17:52:07,971 - INFO - 1赢了
2025-11-29 17:52:07,972 - INFO - 第2802局
2025-11-29 17:52:09,318 - INFO - 2赢了
2025-11-29 17:52:09,318 - INFO - 第2803局
2025-11-29 17:52:11,055 - INFO - 1赢了
2025-11-29 17:52:11,055 - INFO - 第2804局
2025-11-29 17:52:12,020 - INFO - 2赢了
2025-11-29 17:52:12,021 - INFO - 第2805局
2025-11-29 17:52:13,597 - INFO - 2赢了
2025-11-29 17:52:13,597 - INFO - 第2806局
2025-11-29 17:52:15,257 - INFO - 2赢了
2025-11-29 17:52:15,257 - INFO - 第2807局
2025-11-29 17:52:20,348 - INFO - 1赢了
2025-11-29 17:52:20,348 - INFO - 第2808局
2025-11-29 17:52:23,971 - INFO - 1赢了
2025-11-29 17:52:23,972 - INFO - 第2809局
2025-11-29 17:52:25,593 - INFO - 2赢了
2025-11-29 17:52:25,593 - INFO - 第2810局
2025-11-29 17:52:27,599 - INFO - 1赢了
2025-11-29 17:52:27,615 - INFO - Epoch: 0, Loss: 1.8435, Policy: 1.8320, Value: 0.0288
2025-11-29 17:52:28,278 - INFO - Epoch: 100, Loss: 1.8146, Policy: 1.8029, Value: 0.0294
2025-11-29 17:52:29,972 - INFO - Epoch: 200, Loss: 1.9151, Policy: 1.9031, Value: 0.0301
2025-11-29 17:52:30,527 - INFO - Epoch: 300, Loss: 1.8176, Policy: 1.8017, Value: 0.0398
2025-11-29 17:52:31,065 - INFO - Epoch: 400, Loss: 1.9530, Policy: 1.9409, Value: 0.0301
2025-11-29 17:52:31,616 - INFO - Epoch: 500, Loss: 1.8657, Policy: 1.8529, Value: 0.0318
2025-11-29 17:52:32,174 - INFO - Epoch: 600, Loss: 1.9012, Policy: 1.8806, Value: 0.0515
2025-11-29 17:52:32,748 - INFO - Epoch: 700, Loss: 1.8498, Policy: 1.8359, Value: 0.0348
2025-11-29 17:52:33,332 - INFO - Epoch: 800, Loss: 1.9588, Policy: 1.9467, Value: 0.0303
2025-11-29 17:52:33,882 - INFO - Epoch: 900, Loss: 1.9876, Policy: 1.9742, Value: 0.0335
2025-11-29 17:52:34,428 - INFO - Epoch: 1000, Loss: 1.8917, Policy: 1.8773, Value: 0.0359
2025-11-29 17:52:34,432 - INFO - 训练结束，最新模型已保存到 model.pth
2025-11-29 17:52:34,433 - INFO - 第2811局
2025-11-29 17:52:35,383 - INFO - 2赢了
2025-11-29 17:52:35,383 - INFO - 第2812局
2025-11-29 17:52:36,501 - INFO - 2赢了
2025-11-29 17:52:36,501 - INFO - 第2813局
2025-11-29 17:52:37,540 - INFO - 2赢了
2025-11-29 17:52:37,540 - INFO - 第2814局
2025-11-29 17:52:38,974 - INFO - 2赢了
2025-11-29 17:52:38,974 - INFO - 第2815局
2025-11-29 17:52:43,975 - INFO - 1赢了
2025-11-29 17:52:43,975 - INFO - 第2816局
2025-11-29 17:52:46,377 - INFO - 1赢了
2025-11-29 17:52:46,377 - INFO - 第2817局
2025-11-29 17:52:49,177 - INFO - 1赢了
2025-11-29 17:52:49,177 - INFO - 第2818局
2025-11-29 17:52:51,196 - INFO - 2赢了
2025-11-29 17:52:51,196 - INFO - 第2819局
2025-11-29 17:52:58,308 - INFO - 2赢了
2025-11-29 17:52:58,309 - INFO - 第2820局
2025-11-29 17:53:00,496 - INFO - 2赢了
2025-11-29 17:53:00,513 - INFO - Epoch: 0, Loss: 1.8233, Policy: 1.8088, Value: 0.0363
2025-11-29 17:53:01,118 - INFO - Epoch: 100, Loss: 1.7609, Policy: 1.7500, Value: 0.0272
2025-11-29 17:53:01,652 - INFO - Epoch: 200, Loss: 1.7198, Policy: 1.7093, Value: 0.0263
2025-11-29 17:53:03,302 - INFO - Epoch: 300, Loss: 1.9330, Policy: 1.9240, Value: 0.0223
2025-11-29 17:53:03,803 - INFO - Epoch: 400, Loss: 1.8986, Policy: 1.8838, Value: 0.0369
2025-11-29 17:53:04,320 - INFO - Epoch: 500, Loss: 1.8070, Policy: 1.7984, Value: 0.0215
2025-11-29 17:53:04,866 - INFO - Epoch: 600, Loss: 1.8365, Policy: 1.8198, Value: 0.0419
2025-11-29 17:53:05,395 - INFO - Epoch: 700, Loss: 1.9343, Policy: 1.9190, Value: 0.0382
2025-11-29 17:53:05,907 - INFO - Epoch: 800, Loss: 1.9502, Policy: 1.9375, Value: 0.0317
2025-11-29 17:53:06,437 - INFO - Epoch: 900, Loss: 2.0376, Policy: 2.0207, Value: 0.0421
2025-11-29 17:53:06,957 - INFO - Epoch: 1000, Loss: 1.7703, Policy: 1.7562, Value: 0.0354
2025-11-29 17:53:06,961 - INFO - 训练结束，最新模型已保存到 model.pth
2025-11-29 17:53:06,962 - INFO - 第2821局
2025-11-29 17:53:07,849 - INFO - 2赢了
2025-11-29 17:53:07,849 - INFO - 第2822局
2025-11-29 17:53:10,437 - INFO - 2赢了
2025-11-29 17:53:10,437 - INFO - 第2823局
2025-11-29 17:53:12,081 - INFO - 1赢了
2025-11-29 17:53:12,081 - INFO - 第2824局
2025-11-29 17:53:13,444 - INFO - 2赢了
2025-11-29 17:53:13,445 - INFO - 第2825局
2025-11-29 17:53:15,109 - INFO - 1赢了
2025-11-29 17:53:15,109 - INFO - 第2826局
2025-11-29 17:53:17,012 - INFO - 2赢了
2025-11-29 17:53:17,012 - INFO - 第2827局
2025-11-29 17:53:18,711 - INFO - 2赢了
2025-11-29 17:53:18,711 - INFO - 第2828局
2025-11-29 17:53:20,387 - INFO - 1赢了
2025-11-29 17:53:20,387 - INFO - 第2829局
2025-11-29 17:53:25,416 - INFO - 1赢了
2025-11-29 17:53:25,416 - INFO - 第2830局
2025-11-29 17:53:27,991 - INFO - 2赢了
2025-11-29 17:53:28,011 - INFO - Epoch: 0, Loss: 1.9005, Policy: 1.8864, Value: 0.0352
2025-11-29 17:53:28,651 - INFO - Epoch: 100, Loss: 1.7699, Policy: 1.7573, Value: 0.0315
2025-11-29 17:53:29,198 - INFO - Epoch: 200, Loss: 1.8912, Policy: 1.8755, Value: 0.0393
2025-11-29 17:53:29,776 - INFO - Epoch: 300, Loss: 1.7644, Policy: 1.7536, Value: 0.0268
2025-11-29 17:53:30,346 - INFO - Epoch: 400, Loss: 1.8034, Policy: 1.7888, Value: 0.0366
2025-11-29 17:53:30,877 - INFO - Epoch: 500, Loss: 1.8637, Policy: 1.8475, Value: 0.0405
2025-11-29 17:53:31,434 - INFO - Epoch: 600, Loss: 1.8252, Policy: 1.8142, Value: 0.0274
2025-11-29 17:53:32,000 - INFO - Epoch: 700, Loss: 1.9037, Policy: 1.8929, Value: 0.0269
2025-11-29 17:53:32,569 - INFO - Epoch: 800, Loss: 1.9568, Policy: 1.9409, Value: 0.0397
2025-11-29 17:53:33,129 - INFO - Epoch: 900, Loss: 1.9447, Policy: 1.9326, Value: 0.0303
2025-11-29 17:53:33,643 - INFO - Epoch: 1000, Loss: 1.7790, Policy: 1.7639, Value: 0.0378
2025-11-29 17:53:33,647 - INFO - 训练结束，最新模型已保存到 model.pth
2025-11-29 17:53:33,648 - INFO - 第2831局
2025-11-29 17:53:37,059 - INFO - 2赢了
2025-11-29 17:53:37,059 - INFO - 第2832局
2025-11-29 17:53:38,391 - INFO - 2赢了
2025-11-29 17:53:38,391 - INFO - 第2833局
2025-11-29 17:53:39,623 - INFO - 2赢了
2025-11-29 17:53:39,623 - INFO - 第2834局
2025-11-29 17:53:41,423 - INFO - 1赢了
2025-11-29 17:53:41,423 - INFO - 第2835局
2025-11-29 17:53:42,477 - INFO - 2赢了
2025-11-29 17:53:42,478 - INFO - 第2836局
2025-11-29 17:53:44,493 - INFO - 2赢了
2025-11-29 17:53:44,493 - INFO - 第2837局
2025-11-29 17:53:46,674 - INFO - 2赢了
2025-11-29 17:53:46,674 - INFO - 第2838局
2025-11-29 17:53:49,111 - INFO - 1赢了
2025-11-29 17:53:49,112 - INFO - 第2839局
2025-11-29 17:53:52,961 - INFO - 2赢了
2025-11-29 17:53:52,961 - INFO - 第2840局
2025-11-29 17:53:55,754 - INFO - 2赢了
2025-11-29 17:53:55,774 - INFO - Epoch: 0, Loss: 1.9311, Policy: 1.9159, Value: 0.0379
2025-11-29 17:53:56,389 - INFO - Epoch: 100, Loss: 1.8479, Policy: 1.8368, Value: 0.0278
2025-11-29 17:53:56,886 - INFO - Epoch: 200, Loss: 1.8243, Policy: 1.8067, Value: 0.0441
2025-11-29 17:53:57,386 - INFO - Epoch: 300, Loss: 1.8766, Policy: 1.8655, Value: 0.0276
2025-11-29 17:53:57,889 - INFO - Epoch: 400, Loss: 1.8398, Policy: 1.8283, Value: 0.0286
2025-11-29 17:53:58,418 - INFO - Epoch: 500, Loss: 2.0148, Policy: 2.0033, Value: 0.0288
2025-11-29 17:53:58,923 - INFO - Epoch: 600, Loss: 1.8858, Policy: 1.8670, Value: 0.0470
2025-11-29 17:53:59,440 - INFO - Epoch: 700, Loss: 1.6959, Policy: 1.6860, Value: 0.0248
2025-11-29 17:53:59,942 - INFO - Epoch: 800, Loss: 1.7404, Policy: 1.7266, Value: 0.0345
2025-11-29 17:54:00,452 - INFO - Epoch: 900, Loss: 1.8602, Policy: 1.8518, Value: 0.0211
2025-11-29 17:54:00,960 - INFO - Epoch: 1000, Loss: 1.7289, Policy: 1.7181, Value: 0.0270
2025-11-29 17:54:00,964 - INFO - 训练结束，最新模型已保存到 model.pth
2025-11-29 17:54:00,965 - INFO - 第2841局
2025-11-29 17:54:02,742 - INFO - 2赢了
2025-11-29 17:54:02,743 - INFO - 第2842局
2025-11-29 17:54:05,058 - INFO - 2赢了
2025-11-29 17:54:05,058 - INFO - 第2843局
2025-11-29 17:54:06,358 - INFO - 1赢了
2025-11-29 17:54:06,358 - INFO - 第2844局
2025-11-29 17:54:07,325 - INFO - 2赢了
2025-11-29 17:54:07,325 - INFO - 第2845局
2025-11-29 17:54:10,271 - INFO - 2赢了
2025-11-29 17:54:10,271 - INFO - 第2846局
2025-11-29 17:54:11,702 - INFO - 2赢了
2025-11-29 17:54:11,702 - INFO - 第2847局
2025-11-29 17:54:12,597 - INFO - 2赢了
2025-11-29 17:54:12,598 - INFO - 第2848局
2025-11-29 17:54:14,059 - INFO - 2赢了
2025-11-29 17:54:14,059 - INFO - 第2849局
2025-11-29 17:54:17,159 - INFO - 2赢了
2025-11-29 17:54:17,159 - INFO - 第2850局
2025-11-29 17:54:18,122 - INFO - 2赢了
2025-11-29 17:54:18,140 - INFO - Epoch: 0, Loss: 1.9098, Policy: 1.8981, Value: 0.0292
2025-11-29 17:54:18,707 - INFO - Epoch: 100, Loss: 1.8877, Policy: 1.8811, Value: 0.0164
2025-11-29 17:54:19,225 - INFO - Epoch: 200, Loss: 1.9570, Policy: 1.9403, Value: 0.0418
2025-11-29 17:54:19,731 - INFO - Epoch: 300, Loss: 1.8065, Policy: 1.7978, Value: 0.0217
2025-11-29 17:54:20,269 - INFO - Epoch: 400, Loss: 1.8727, Policy: 1.8566, Value: 0.0401
2025-11-29 17:54:20,783 - INFO - Epoch: 500, Loss: 1.9073, Policy: 1.8938, Value: 0.0337
2025-11-29 17:54:21,281 - INFO - Epoch: 600, Loss: 1.8954, Policy: 1.8817, Value: 0.0343
2025-11-29 17:54:21,800 - INFO - Epoch: 700, Loss: 1.8907, Policy: 1.8760, Value: 0.0369
2025-11-29 17:54:22,307 - INFO - Epoch: 800, Loss: 1.8334, Policy: 1.8187, Value: 0.0367
2025-11-29 17:54:22,831 - INFO - Epoch: 900, Loss: 1.8859, Policy: 1.8666, Value: 0.0483
2025-11-29 17:54:23,333 - INFO - Epoch: 1000, Loss: 1.7931, Policy: 1.7823, Value: 0.0271
2025-11-29 17:54:23,337 - INFO - 训练结束，最新模型已保存到 model.pth
2025-11-29 17:54:23,337 - INFO - 第2851局
2025-11-29 17:54:24,324 - INFO - 2赢了
2025-11-29 17:54:24,324 - INFO - 第2852局
2025-11-29 17:54:25,547 - INFO - 1赢了
2025-11-29 17:54:25,547 - INFO - 第2853局
2025-11-29 17:54:26,981 - INFO - 1赢了
2025-11-29 17:54:26,981 - INFO - 第2854局
2025-11-29 17:54:29,299 - INFO - 2赢了
2025-11-29 17:54:29,299 - INFO - 第2855局
2025-11-29 17:54:30,288 - INFO - 2赢了
2025-11-29 17:54:30,288 - INFO - 第2856局
2025-11-29 17:54:31,672 - INFO - 2赢了
2025-11-29 17:54:31,672 - INFO - 第2857局
2025-11-29 17:54:32,859 - INFO - 2赢了
2025-11-29 17:54:32,859 - INFO - 第2858局
2025-11-29 17:54:33,960 - INFO - 2赢了
2025-11-29 17:54:33,960 - INFO - 第2859局
2025-11-29 17:54:35,587 - INFO - 1赢了
2025-11-29 17:54:35,587 - INFO - 第2860局
2025-11-29 17:54:36,939 - INFO - 1赢了
2025-11-29 17:54:36,956 - INFO - Epoch: 0, Loss: 1.8597, Policy: 1.8408, Value: 0.0472
2025-11-29 17:54:37,535 - INFO - Epoch: 100, Loss: 1.8598, Policy: 1.8451, Value: 0.0367
2025-11-29 17:54:38,054 - INFO - Epoch: 200, Loss: 1.8417, Policy: 1.8294, Value: 0.0306
2025-11-29 17:54:38,571 - INFO - Epoch: 300, Loss: 1.8488, Policy: 1.8385, Value: 0.0258
2025-11-29 17:54:39,079 - INFO - Epoch: 400, Loss: 1.9317, Policy: 1.9210, Value: 0.0269
2025-11-29 17:54:39,607 - INFO - Epoch: 500, Loss: 1.9225, Policy: 1.9075, Value: 0.0373
2025-11-29 17:54:40,163 - INFO - Epoch: 600, Loss: 1.9130, Policy: 1.8958, Value: 0.0430
2025-11-29 17:54:40,724 - INFO - Epoch: 700, Loss: 1.9087, Policy: 1.8975, Value: 0.0281
2025-11-29 17:54:41,253 - INFO - Epoch: 800, Loss: 1.8764, Policy: 1.8655, Value: 0.0273
2025-11-29 17:54:41,798 - INFO - Epoch: 900, Loss: 1.7893, Policy: 1.7806, Value: 0.0218
2025-11-29 17:54:42,369 - INFO - Epoch: 1000, Loss: 1.9045, Policy: 1.8888, Value: 0.0393
2025-11-29 17:54:42,373 - INFO - 训练结束，最新模型已保存到 model.pth
2025-11-29 17:54:42,374 - INFO - 第2861局
2025-11-29 17:54:45,069 - INFO - 2赢了
2025-11-29 17:54:45,070 - INFO - 第2862局
2025-11-29 17:54:46,454 - INFO - 2赢了
2025-11-29 17:54:46,454 - INFO - 第2863局
2025-11-29 17:54:49,112 - INFO - 2赢了
2025-11-29 17:54:49,112 - INFO - 第2864局
2025-11-29 17:54:50,780 - INFO - 2赢了
2025-11-29 17:54:50,780 - INFO - 第2865局
2025-11-29 17:54:52,184 - INFO - 2赢了
2025-11-29 17:54:52,184 - INFO - 第2866局
2025-11-29 17:54:53,311 - INFO - 1赢了
2025-11-29 17:54:53,311 - INFO - 第2867局
2025-11-29 17:54:55,695 - INFO - 2赢了
2025-11-29 17:54:55,695 - INFO - 第2868局
2025-11-29 17:54:57,137 - INFO - 2赢了
2025-11-29 17:54:57,137 - INFO - 第2869局
2025-11-29 17:54:59,305 - INFO - 2赢了
2025-11-29 17:54:59,305 - INFO - 第2870局
2025-11-29 17:55:01,307 - INFO - 1赢了
2025-11-29 17:55:01,322 - INFO - Epoch: 0, Loss: 1.8020, Policy: 1.7912, Value: 0.0268
2025-11-29 17:55:01,912 - INFO - Epoch: 100, Loss: 2.1133, Policy: 2.1022, Value: 0.0279
2025-11-29 17:55:02,405 - INFO - Epoch: 200, Loss: 1.9148, Policy: 1.9003, Value: 0.0362
2025-11-29 17:55:02,892 - INFO - Epoch: 300, Loss: 1.7981, Policy: 1.7820, Value: 0.0403
2025-11-29 17:55:03,385 - INFO - Epoch: 400, Loss: 1.9223, Policy: 1.9039, Value: 0.0462
2025-11-29 17:55:03,877 - INFO - Epoch: 500, Loss: 2.0125, Policy: 1.9822, Value: 0.0758
2025-11-29 17:55:04,360 - INFO - Epoch: 600, Loss: 1.7450, Policy: 1.7352, Value: 0.0244
2025-11-29 17:55:04,834 - INFO - Epoch: 700, Loss: 1.9882, Policy: 1.9786, Value: 0.0241
2025-11-29 17:55:05,321 - INFO - Epoch: 800, Loss: 1.9540, Policy: 1.9410, Value: 0.0327
2025-11-29 17:55:05,831 - INFO - Epoch: 900, Loss: 1.9956, Policy: 1.9752, Value: 0.0511
2025-11-29 17:55:06,342 - INFO - Epoch: 1000, Loss: 2.0185, Policy: 2.0022, Value: 0.0406
2025-11-29 17:55:06,345 - INFO - 训练结束，最新模型已保存到 model.pth
2025-11-29 17:55:06,346 - INFO - 第2871局
2025-11-29 17:55:07,284 - INFO - 2赢了
2025-11-29 17:55:07,284 - INFO - 第2872局
2025-11-29 17:55:09,496 - INFO - 2赢了
2025-11-29 17:55:09,496 - INFO - 第2873局
2025-11-29 17:55:12,834 - INFO - 2赢了
2025-11-29 17:55:12,834 - INFO - 第2874局
2025-11-29 17:55:14,384 - INFO - 2赢了
2025-11-29 17:55:14,384 - INFO - 第2875局
2025-11-29 17:55:15,940 - INFO - 2赢了
2025-11-29 17:55:15,940 - INFO - 第2876局
2025-11-29 17:55:19,181 - INFO - 2赢了
2025-11-29 17:55:19,181 - INFO - 第2877局
2025-11-29 17:55:20,224 - INFO - 2赢了
2025-11-29 17:55:20,224 - INFO - 第2878局
2025-11-29 17:55:28,703 - INFO - 1赢了
2025-11-29 17:55:28,703 - INFO - 第2879局
2025-11-29 17:55:32,085 - INFO - 1赢了
2025-11-29 17:55:32,085 - INFO - 第2880局
2025-11-29 17:55:33,417 - INFO - 2赢了
2025-11-29 17:55:33,431 - INFO - Epoch: 0, Loss: 1.8001, Policy: 1.7897, Value: 0.0259
2025-11-29 17:55:34,020 - INFO - Epoch: 100, Loss: 1.9412, Policy: 1.9219, Value: 0.0482
2025-11-29 17:55:34,510 - INFO - Epoch: 200, Loss: 1.9562, Policy: 1.9447, Value: 0.0286
2025-11-29 17:55:35,022 - INFO - Epoch: 300, Loss: 1.7590, Policy: 1.7469, Value: 0.0302
2025-11-29 17:55:35,545 - INFO - Epoch: 400, Loss: 1.8931, Policy: 1.8805, Value: 0.0315
2025-11-29 17:55:36,046 - INFO - Epoch: 500, Loss: 2.0022, Policy: 1.9895, Value: 0.0319
2025-11-29 17:55:36,549 - INFO - Epoch: 600, Loss: 1.6846, Policy: 1.6741, Value: 0.0263
2025-11-29 17:55:37,072 - INFO - Epoch: 700, Loss: 1.9355, Policy: 1.9225, Value: 0.0324
2025-11-29 17:55:37,577 - INFO - Epoch: 800, Loss: 1.7994, Policy: 1.7887, Value: 0.0268
2025-11-29 17:55:38,099 - INFO - Epoch: 900, Loss: 1.8945, Policy: 1.8836, Value: 0.0271
2025-11-29 17:55:38,607 - INFO - Epoch: 1000, Loss: 1.8283, Policy: 1.8140, Value: 0.0358
2025-11-29 17:55:38,610 - INFO - 训练结束，最新模型已保存到 model.pth
2025-11-29 17:55:38,611 - INFO - 第2881局
2025-11-29 17:55:40,084 - INFO - 2赢了
2025-11-29 17:55:40,085 - INFO - 第2882局
2025-11-29 17:55:41,551 - INFO - 2赢了
2025-11-29 17:55:41,552 - INFO - 第2883局
2025-11-29 17:55:42,542 - INFO - 2赢了
2025-11-29 17:55:42,542 - INFO - 第2884局
2025-11-29 17:55:44,216 - INFO - 2赢了
2025-11-29 17:55:44,216 - INFO - 第2885局
2025-11-29 17:55:47,286 - INFO - 2赢了
2025-11-29 17:55:47,286 - INFO - 第2886局
2025-11-29 17:55:49,510 - INFO - 2赢了
2025-11-29 17:55:49,510 - INFO - 第2887局
2025-11-29 17:55:56,287 - INFO - 2赢了
2025-11-29 17:55:56,288 - INFO - 第2888局
2025-11-29 17:55:57,762 - INFO - 2赢了
2025-11-29 17:55:57,762 - INFO - 第2889局
2025-11-29 17:55:59,531 - INFO - 2赢了
2025-11-29 17:55:59,531 - INFO - 第2890局
2025-11-29 17:56:03,688 - INFO - 2赢了
2025-11-29 17:56:03,708 - INFO - Epoch: 0, Loss: 1.8074, Policy: 1.7885, Value: 0.0472
2025-11-29 17:56:04,301 - INFO - Epoch: 100, Loss: 1.9416, Policy: 1.9241, Value: 0.0439
2025-11-29 17:56:04,773 - INFO - Epoch: 200, Loss: 1.9145, Policy: 1.9038, Value: 0.0267
2025-11-29 17:56:05,311 - INFO - Epoch: 300, Loss: 1.8473, Policy: 1.8306, Value: 0.0417
2025-11-29 17:56:05,836 - INFO - Epoch: 400, Loss: 1.7686, Policy: 1.7451, Value: 0.0587
2025-11-29 17:56:06,349 - INFO - Epoch: 500, Loss: 1.7103, Policy: 1.6973, Value: 0.0325
2025-11-29 17:56:06,851 - INFO - Epoch: 600, Loss: 1.9243, Policy: 1.8959, Value: 0.0710
2025-11-29 17:56:07,361 - INFO - Epoch: 700, Loss: 1.8969, Policy: 1.8818, Value: 0.0378
2025-11-29 17:56:07,885 - INFO - Epoch: 800, Loss: 1.9037, Policy: 1.8757, Value: 0.0699
2025-11-29 17:56:08,421 - INFO - Epoch: 900, Loss: 1.7304, Policy: 1.7218, Value: 0.0214
2025-11-29 17:56:08,978 - INFO - Epoch: 1000, Loss: 1.9497, Policy: 1.9392, Value: 0.0261
2025-11-29 17:56:08,982 - INFO - 训练结束，最新模型已保存到 model.pth
2025-11-29 17:56:08,982 - INFO - 第2891局
2025-11-29 17:56:10,644 - INFO - 2赢了
2025-11-29 17:56:10,644 - INFO - 第2892局
2025-11-29 17:56:12,382 - INFO - 2赢了
2025-11-29 17:56:12,382 - INFO - 第2893局
2025-11-29 17:56:13,845 - INFO - 2赢了
2025-11-29 17:56:13,845 - INFO - 第2894局
2025-11-29 17:56:14,872 - INFO - 2赢了
2025-11-29 17:56:14,872 - INFO - 第2895局
2025-11-29 17:56:16,378 - INFO - 2赢了
2025-11-29 17:56:16,378 - INFO - 第2896局
2025-11-29 17:56:17,540 - INFO - 2赢了
2025-11-29 17:56:17,540 - INFO - 第2897局
2025-11-29 17:56:18,652 - INFO - 2赢了
2025-11-29 17:56:18,653 - INFO - 第2898局
2025-11-29 17:56:19,648 - INFO - 2赢了
2025-11-29 17:56:19,648 - INFO - 第2899局
2025-11-29 17:56:22,100 - INFO - 2赢了
2025-11-29 17:56:22,100 - INFO - 第2900局
2025-11-29 17:56:27,110 - INFO - 1赢了
2025-11-29 17:56:27,131 - INFO - Epoch: 0, Loss: 1.7607, Policy: 1.7494, Value: 0.0282
2025-11-29 17:56:27,814 - INFO - Epoch: 100, Loss: 1.9763, Policy: 1.9539, Value: 0.0560
2025-11-29 17:56:28,386 - INFO - Epoch: 200, Loss: 1.8534, Policy: 1.8430, Value: 0.0261
2025-11-29 17:56:28,958 - INFO - Epoch: 300, Loss: 1.8947, Policy: 1.8736, Value: 0.0529
2025-11-29 17:56:29,501 - INFO - Epoch: 400, Loss: 1.9570, Policy: 1.9410, Value: 0.0401
2025-11-29 17:56:30,047 - INFO - Epoch: 500, Loss: 1.7743, Policy: 1.7640, Value: 0.0257
2025-11-29 17:56:30,629 - INFO - Epoch: 600, Loss: 1.7310, Policy: 1.7175, Value: 0.0336
2025-11-29 17:56:31,193 - INFO - Epoch: 700, Loss: 1.7487, Policy: 1.7355, Value: 0.0331
2025-11-29 17:56:31,747 - INFO - Epoch: 800, Loss: 1.9352, Policy: 1.9196, Value: 0.0391
2025-11-29 17:56:32,293 - INFO - Epoch: 900, Loss: 1.8061, Policy: 1.7915, Value: 0.0366
2025-11-29 17:56:32,847 - INFO - Epoch: 1000, Loss: 1.8297, Policy: 1.8183, Value: 0.0285
2025-11-29 17:56:32,851 - INFO - 训练结束，最新模型已保存到 model.pth
2025-11-29 17:56:32,852 - INFO - 第2901局
2025-11-29 17:56:34,412 - INFO - 2赢了
2025-11-29 17:56:34,412 - INFO - 第2902局
2025-11-29 17:56:36,110 - INFO - 2赢了
2025-11-29 17:56:36,110 - INFO - 第2903局
2025-11-29 17:56:37,627 - INFO - 1赢了
2025-11-29 17:56:37,627 - INFO - 第2904局
2025-11-29 17:56:39,267 - INFO - 2赢了
2025-11-29 17:56:39,267 - INFO - 第2905局
2025-11-29 17:56:40,314 - INFO - 2赢了
2025-11-29 17:56:40,314 - INFO - 第2906局
2025-11-29 17:56:44,217 - INFO - 1赢了
2025-11-29 17:56:44,217 - INFO - 第2907局
2025-11-29 17:56:45,086 - INFO - 2赢了
2025-11-29 17:56:45,086 - INFO - 第2908局
2025-11-29 17:56:46,222 - INFO - 1赢了
2025-11-29 17:56:46,222 - INFO - 第2909局
2025-11-29 17:56:47,964 - INFO - 2赢了
2025-11-29 17:56:47,964 - INFO - 第2910局
2025-11-29 17:56:50,745 - INFO - 2赢了
2025-11-29 17:56:50,766 - INFO - Epoch: 0, Loss: 2.0233, Policy: 2.0098, Value: 0.0335
2025-11-29 17:56:51,355 - INFO - Epoch: 100, Loss: 1.8789, Policy: 1.8641, Value: 0.0372
2025-11-29 17:56:51,868 - INFO - Epoch: 200, Loss: 1.9471, Policy: 1.9234, Value: 0.0592
2025-11-29 17:56:52,369 - INFO - Epoch: 300, Loss: 1.9598, Policy: 1.9436, Value: 0.0405
2025-11-29 17:56:52,871 - INFO - Epoch: 400, Loss: 1.9480, Policy: 1.9362, Value: 0.0294
2025-11-29 17:56:53,376 - INFO - Epoch: 500, Loss: 1.8769, Policy: 1.8659, Value: 0.0276
2025-11-29 17:56:53,889 - INFO - Epoch: 600, Loss: 1.9730, Policy: 1.9560, Value: 0.0424
2025-11-29 17:56:54,439 - INFO - Epoch: 700, Loss: 1.9593, Policy: 1.9325, Value: 0.0669
2025-11-29 17:56:54,952 - INFO - Epoch: 800, Loss: 1.9772, Policy: 1.9649, Value: 0.0308
2025-11-29 17:56:55,456 - INFO - Epoch: 900, Loss: 1.8972, Policy: 1.8879, Value: 0.0231
2025-11-29 17:56:55,973 - INFO - Epoch: 1000, Loss: 1.8635, Policy: 1.8491, Value: 0.0360
2025-11-29 17:56:55,977 - INFO - 训练结束，最新模型已保存到 model.pth
2025-11-29 17:56:55,978 - INFO - 第2911局
2025-11-29 17:56:57,354 - INFO - 1赢了
2025-11-29 17:56:57,354 - INFO - 第2912局
2025-11-29 17:57:01,457 - INFO - 2赢了
2025-11-29 17:57:01,457 - INFO - 第2913局
2025-11-29 17:57:03,053 - INFO - 2赢了
2025-11-29 17:57:03,053 - INFO - 第2914局
2025-11-29 17:57:06,616 - INFO - 2赢了
2025-11-29 17:57:06,616 - INFO - 第2915局
2025-11-29 17:57:07,810 - INFO - 2赢了
2025-11-29 17:57:07,810 - INFO - 第2916局
2025-11-29 17:57:08,986 - INFO - 2赢了
2025-11-29 17:57:08,986 - INFO - 第2917局
2025-11-29 17:57:10,554 - INFO - 2赢了
2025-11-29 17:57:10,554 - INFO - 第2918局
2025-11-29 17:57:12,331 - INFO - 1赢了
2025-11-29 17:57:12,332 - INFO - 第2919局
2025-11-29 17:57:15,621 - INFO - 2赢了
2025-11-29 17:57:15,621 - INFO - 第2920局
2025-11-29 17:57:17,349 - INFO - 2赢了
2025-11-29 17:57:17,361 - INFO - Epoch: 0, Loss: 1.8549, Policy: 1.8440, Value: 0.0274
2025-11-29 17:57:17,965 - INFO - Epoch: 100, Loss: 1.7217, Policy: 1.7108, Value: 0.0272
2025-11-29 17:57:18,488 - INFO - Epoch: 200, Loss: 1.8716, Policy: 1.8601, Value: 0.0289
2025-11-29 17:57:19,006 - INFO - Epoch: 300, Loss: 1.8083, Policy: 1.7943, Value: 0.0351
2025-11-29 17:57:19,528 - INFO - Epoch: 400, Loss: 1.8522, Policy: 1.8374, Value: 0.0368
2025-11-29 17:57:20,042 - INFO - Epoch: 500, Loss: 1.9048, Policy: 1.8889, Value: 0.0400
2025-11-29 17:57:20,552 - INFO - Epoch: 600, Loss: 1.9713, Policy: 1.9377, Value: 0.0839
2025-11-29 17:57:21,091 - INFO - Epoch: 700, Loss: 1.8115, Policy: 1.7945, Value: 0.0426
2025-11-29 17:57:21,596 - INFO - Epoch: 800, Loss: 1.7996, Policy: 1.7843, Value: 0.0383
2025-11-29 17:57:22,110 - INFO - Epoch: 900, Loss: 1.7506, Policy: 1.7366, Value: 0.0350
2025-11-29 17:57:22,621 - INFO - Epoch: 1000, Loss: 1.9256, Policy: 1.9117, Value: 0.0347
2025-11-29 17:57:22,625 - INFO - 训练结束，最新模型已保存到 model.pth
2025-11-29 17:57:22,626 - INFO - 第2921局
2025-11-29 17:57:24,941 - INFO - 2赢了
2025-11-29 17:57:24,941 - INFO - 第2922局
2025-11-29 17:57:27,412 - INFO - 2赢了
2025-11-29 17:57:27,412 - INFO - 第2923局
2025-11-29 17:57:34,956 - INFO - 1赢了
2025-11-29 17:57:34,957 - INFO - 第2924局
2025-11-29 17:57:36,210 - INFO - 2赢了
2025-11-29 17:57:36,210 - INFO - 第2925局
2025-11-29 17:57:38,036 - INFO - 2赢了
2025-11-29 17:57:38,036 - INFO - 第2926局
2025-11-29 17:57:39,057 - INFO - 2赢了
2025-11-29 17:57:39,057 - INFO - 第2927局
2025-11-29 17:57:40,534 - INFO - 1赢了
2025-11-29 17:57:40,534 - INFO - 第2928局
2025-11-29 17:57:41,978 - INFO - 1赢了
2025-11-29 17:57:41,978 - INFO - 第2929局
2025-11-29 17:57:43,194 - INFO - 2赢了
2025-11-29 17:57:43,194 - INFO - 第2930局
2025-11-29 17:57:45,769 - INFO - 2赢了
2025-11-29 17:57:45,789 - INFO - Epoch: 0, Loss: 1.9124, Policy: 1.8943, Value: 0.0453
2025-11-29 17:57:46,393 - INFO - Epoch: 100, Loss: 1.9849, Policy: 1.9727, Value: 0.0305
2025-11-29 17:57:46,911 - INFO - Epoch: 200, Loss: 1.7570, Policy: 1.7471, Value: 0.0247
2025-11-29 17:57:47,433 - INFO - Epoch: 300, Loss: 1.7113, Policy: 1.6922, Value: 0.0479
2025-11-29 17:57:47,934 - INFO - Epoch: 400, Loss: 1.7487, Policy: 1.7367, Value: 0.0301
2025-11-29 17:57:48,430 - INFO - Epoch: 500, Loss: 1.9203, Policy: 1.9093, Value: 0.0275
2025-11-29 17:57:48,944 - INFO - Epoch: 600, Loss: 1.7876, Policy: 1.7600, Value: 0.0691
2025-11-29 17:57:49,467 - INFO - Epoch: 700, Loss: 1.8956, Policy: 1.8823, Value: 0.0332
2025-11-29 17:57:49,979 - INFO - Epoch: 800, Loss: 1.7926, Policy: 1.7780, Value: 0.0366
2025-11-29 17:57:50,488 - INFO - Epoch: 900, Loss: 1.9155, Policy: 1.9016, Value: 0.0347
2025-11-29 17:57:50,988 - INFO - Epoch: 1000, Loss: 1.7352, Policy: 1.7238, Value: 0.0285
2025-11-29 17:57:50,992 - INFO - 训练结束，最新模型已保存到 model.pth
2025-11-29 17:57:50,992 - INFO - 第2931局
2025-11-29 17:57:52,305 - INFO - 2赢了
2025-11-29 17:57:52,305 - INFO - 第2932局
2025-11-29 17:57:53,873 - INFO - 2赢了
2025-11-29 17:57:53,874 - INFO - 第2933局
2025-11-29 17:57:57,019 - INFO - 1赢了
2025-11-29 17:57:57,019 - INFO - 第2934局
2025-11-29 17:57:58,390 - INFO - 1赢了
2025-11-29 17:57:58,390 - INFO - 第2935局
2025-11-29 17:58:00,043 - INFO - 2赢了
2025-11-29 17:58:00,044 - INFO - 第2936局
2025-11-29 17:58:03,806 - INFO - 2赢了
2025-11-29 17:58:03,806 - INFO - 第2937局
2025-11-29 17:58:06,461 - INFO - 2赢了
2025-11-29 17:58:06,461 - INFO - 第2938局
2025-11-29 17:58:09,510 - INFO - 1赢了
2025-11-29 17:58:09,511 - INFO - 第2939局
2025-11-29 17:58:10,749 - INFO - 1赢了
2025-11-29 17:58:10,750 - INFO - 第2940局
2025-11-29 17:58:12,416 - INFO - 2赢了
2025-11-29 17:58:12,436 - INFO - Epoch: 0, Loss: 1.7504, Policy: 1.7355, Value: 0.0372
2025-11-29 17:58:13,091 - INFO - Epoch: 100, Loss: 1.7434, Policy: 1.7213, Value: 0.0551
2025-11-29 17:58:13,675 - INFO - Epoch: 200, Loss: 1.8452, Policy: 1.8323, Value: 0.0323
2025-11-29 17:58:14,248 - INFO - Epoch: 300, Loss: 1.8732, Policy: 1.8560, Value: 0.0430
2025-11-29 17:58:14,808 - INFO - Epoch: 400, Loss: 1.9553, Policy: 1.9399, Value: 0.0385
2025-11-29 17:58:15,354 - INFO - Epoch: 500, Loss: 1.8576, Policy: 1.8463, Value: 0.0283
2025-11-29 17:58:15,916 - INFO - Epoch: 600, Loss: 1.8291, Policy: 1.8162, Value: 0.0322
2025-11-29 17:58:16,468 - INFO - Epoch: 700, Loss: 1.8041, Policy: 1.7897, Value: 0.0360
2025-11-29 17:58:17,039 - INFO - Epoch: 800, Loss: 1.9543, Policy: 1.9387, Value: 0.0389
2025-11-29 17:58:17,612 - INFO - Epoch: 900, Loss: 1.7637, Policy: 1.7518, Value: 0.0299
2025-11-29 17:58:18,184 - INFO - Epoch: 1000, Loss: 1.9329, Policy: 1.9183, Value: 0.0367
2025-11-29 17:58:18,188 - INFO - 训练结束，最新模型已保存到 model.pth
2025-11-29 17:58:18,189 - INFO - 第2941局
2025-11-29 17:58:22,369 - INFO - 2赢了
2025-11-29 17:58:22,369 - INFO - 第2942局
2025-11-29 17:58:23,779 - INFO - 2赢了
2025-11-29 17:58:23,779 - INFO - 第2943局
2025-11-29 17:58:24,660 - INFO - 2赢了
2025-11-29 17:58:24,660 - INFO - 第2944局
2025-11-29 17:58:26,331 - INFO - 2赢了
2025-11-29 17:58:26,331 - INFO - 第2945局
2025-11-29 17:58:28,456 - INFO - 1赢了
2025-11-29 17:58:28,456 - INFO - 第2946局
2025-11-29 17:58:30,738 - INFO - 1赢了
2025-11-29 17:58:30,738 - INFO - 第2947局
2025-11-29 17:58:32,185 - INFO - 2赢了
2025-11-29 17:58:32,186 - INFO - 第2948局
2025-11-29 17:58:33,358 - INFO - 1赢了
2025-11-29 17:58:33,358 - INFO - 第2949局
2025-11-29 17:58:34,677 - INFO - 2赢了
2025-11-29 17:58:34,677 - INFO - 第2950局
2025-11-29 17:58:35,940 - INFO - 1赢了
2025-11-29 17:58:35,960 - INFO - Epoch: 0, Loss: 1.7155, Policy: 1.7039, Value: 0.0289
2025-11-29 17:58:36,559 - INFO - Epoch: 100, Loss: 1.9310, Policy: 1.9065, Value: 0.0611
2025-11-29 17:58:37,062 - INFO - Epoch: 200, Loss: 1.9047, Policy: 1.8902, Value: 0.0362
2025-11-29 17:58:37,569 - INFO - Epoch: 300, Loss: 1.8874, Policy: 1.8755, Value: 0.0296
2025-11-29 17:58:38,108 - INFO - Epoch: 400, Loss: 1.8846, Policy: 1.8624, Value: 0.0555
2025-11-29 17:58:39,943 - INFO - Epoch: 500, Loss: 1.7763, Policy: 1.7627, Value: 0.0339
2025-11-29 17:58:40,458 - INFO - Epoch: 600, Loss: 1.8544, Policy: 1.8414, Value: 0.0324
2025-11-29 17:58:40,978 - INFO - Epoch: 700, Loss: 1.7984, Policy: 1.7863, Value: 0.0303
2025-11-29 17:58:41,511 - INFO - Epoch: 800, Loss: 1.7911, Policy: 1.7724, Value: 0.0467
2025-11-29 17:58:42,029 - INFO - Epoch: 900, Loss: 1.9292, Policy: 1.9149, Value: 0.0359
2025-11-29 17:58:42,548 - INFO - Epoch: 1000, Loss: 1.7798, Policy: 1.7597, Value: 0.0503
2025-11-29 17:58:42,552 - INFO - 训练结束，最新模型已保存到 model.pth
2025-11-29 17:58:42,552 - INFO - 第2951局
2025-11-29 17:58:44,472 - INFO - 1赢了
2025-11-29 17:58:44,472 - INFO - 第2952局
2025-11-29 17:58:45,663 - INFO - 1赢了
2025-11-29 17:58:45,663 - INFO - 第2953局
2025-11-29 17:58:48,648 - INFO - 2赢了
2025-11-29 17:58:48,648 - INFO - 第2954局
2025-11-29 17:58:58,763 - INFO - 1赢了
2025-11-29 17:58:58,763 - INFO - 第2955局
2025-11-29 17:59:00,402 - INFO - 2赢了
2025-11-29 17:59:00,403 - INFO - 第2956局
2025-11-29 17:59:02,057 - INFO - 1赢了
2025-11-29 17:59:02,057 - INFO - 第2957局
2025-11-29 17:59:04,273 - INFO - 2赢了
2025-11-29 17:59:04,273 - INFO - 第2958局
2025-11-29 17:59:05,557 - INFO - 1赢了
2025-11-29 17:59:05,557 - INFO - 第2959局
2025-11-29 17:59:06,740 - INFO - 1赢了
2025-11-29 17:59:06,740 - INFO - 第2960局
2025-11-29 17:59:08,441 - INFO - 1赢了
2025-11-29 17:59:08,457 - INFO - Epoch: 0, Loss: 1.8228, Policy: 1.8096, Value: 0.0329
2025-11-29 17:59:09,057 - INFO - Epoch: 100, Loss: 1.6795, Policy: 1.6647, Value: 0.0370
2025-11-29 17:59:09,596 - INFO - Epoch: 200, Loss: 1.8002, Policy: 1.7863, Value: 0.0348
2025-11-29 17:59:10,145 - INFO - Epoch: 300, Loss: 1.8393, Policy: 1.8256, Value: 0.0344
2025-11-29 17:59:10,668 - INFO - Epoch: 400, Loss: 1.8811, Policy: 1.8658, Value: 0.0383
2025-11-29 17:59:11,183 - INFO - Epoch: 500, Loss: 1.8251, Policy: 1.8128, Value: 0.0307
2025-11-29 17:59:11,739 - INFO - Epoch: 600, Loss: 1.8878, Policy: 1.8752, Value: 0.0313
2025-11-29 17:59:13,639 - INFO - Epoch: 700, Loss: 1.8171, Policy: 1.8059, Value: 0.0279
2025-11-29 17:59:14,220 - INFO - Epoch: 800, Loss: 1.8587, Policy: 1.8303, Value: 0.0709
2025-11-29 17:59:14,800 - INFO - Epoch: 900, Loss: 1.9048, Policy: 1.8907, Value: 0.0352
2025-11-29 17:59:15,372 - INFO - Epoch: 1000, Loss: 1.7796, Policy: 1.7665, Value: 0.0330
2025-11-29 17:59:15,376 - INFO - 训练结束，最新模型已保存到 model.pth
2025-11-29 17:59:15,377 - INFO - 第2961局
2025-11-29 17:59:17,092 - INFO - 1赢了
2025-11-29 17:59:17,092 - INFO - 第2962局
2025-11-29 17:59:20,633 - INFO - 2赢了
2025-11-29 17:59:20,634 - INFO - 第2963局
2025-11-29 17:59:21,734 - INFO - 2赢了
2025-11-29 17:59:21,734 - INFO - 第2964局
2025-11-29 17:59:23,792 - INFO - 2赢了
2025-11-29 17:59:23,792 - INFO - 第2965局
2025-11-29 17:59:25,501 - INFO - 2赢了
2025-11-29 17:59:25,501 - INFO - 第2966局
2025-11-29 17:59:31,784 - INFO - 2赢了
2025-11-29 17:59:31,784 - INFO - 第2967局
2025-11-29 17:59:32,980 - INFO - 1赢了
2025-11-29 17:59:32,980 - INFO - 第2968局
2025-11-29 17:59:34,182 - INFO - 2赢了
2025-11-29 17:59:34,182 - INFO - 第2969局
2025-11-29 17:59:35,292 - INFO - 2赢了
2025-11-29 17:59:35,292 - INFO - 第2970局
2025-11-29 17:59:37,841 - INFO - 2赢了
2025-11-29 17:59:37,862 - INFO - Epoch: 0, Loss: 1.8759, Policy: 1.8592, Value: 0.0416
2025-11-29 17:59:38,467 - INFO - Epoch: 100, Loss: 1.8512, Policy: 1.8359, Value: 0.0381
2025-11-29 17:59:38,970 - INFO - Epoch: 200, Loss: 1.8532, Policy: 1.8400, Value: 0.0331
2025-11-29 17:59:39,486 - INFO - Epoch: 300, Loss: 1.7715, Policy: 1.7635, Value: 0.0201
2025-11-29 17:59:39,989 - INFO - Epoch: 400, Loss: 1.8454, Policy: 1.8272, Value: 0.0455
2025-11-29 17:59:40,501 - INFO - Epoch: 500, Loss: 1.8801, Policy: 1.8650, Value: 0.0379
2025-11-29 17:59:41,010 - INFO - Epoch: 600, Loss: 1.8140, Policy: 1.8009, Value: 0.0328
2025-11-29 17:59:41,516 - INFO - Epoch: 700, Loss: 1.7756, Policy: 1.7654, Value: 0.0255
2025-11-29 17:59:42,019 - INFO - Epoch: 800, Loss: 1.5966, Policy: 1.5885, Value: 0.0204
2025-11-29 17:59:42,545 - INFO - Epoch: 900, Loss: 1.9406, Policy: 1.9189, Value: 0.0540
2025-11-29 17:59:43,059 - INFO - Epoch: 1000, Loss: 1.8190, Policy: 1.8094, Value: 0.0239
2025-11-29 17:59:43,063 - INFO - 训练结束，最新模型已保存到 model.pth
2025-11-29 17:59:43,064 - INFO - 第2971局
2025-11-29 17:59:44,585 - INFO - 2赢了
2025-11-29 17:59:44,585 - INFO - 第2972局
2025-11-29 17:59:47,632 - INFO - 2赢了
2025-11-29 17:59:47,632 - INFO - 第2973局
2025-11-29 17:59:48,972 - INFO - 2赢了
2025-11-29 17:59:48,972 - INFO - 第2974局
2025-11-29 17:59:52,657 - INFO - 1赢了
2025-11-29 17:59:52,657 - INFO - 第2975局
2025-11-29 17:59:54,888 - INFO - 2赢了
2025-11-29 17:59:54,888 - INFO - 第2976局
2025-11-29 17:59:57,261 - INFO - 2赢了
2025-11-29 17:59:57,261 - INFO - 第2977局
2025-11-29 17:59:58,955 - INFO - 2赢了
2025-11-29 17:59:58,955 - INFO - 第2978局
2025-11-29 18:00:02,328 - INFO - 1赢了
2025-11-29 18:00:02,328 - INFO - 第2979局
2025-11-29 18:00:03,804 - INFO - 2赢了
2025-11-29 18:00:03,805 - INFO - 第2980局
2025-11-29 18:00:05,535 - INFO - 1赢了
2025-11-29 18:00:05,553 - INFO - Epoch: 0, Loss: 1.8241, Policy: 1.8091, Value: 0.0375
2025-11-29 18:00:06,148 - INFO - Epoch: 100, Loss: 1.9192, Policy: 1.9073, Value: 0.0298
2025-11-29 18:00:06,658 - INFO - Epoch: 200, Loss: 1.8849, Policy: 1.8694, Value: 0.0387
2025-11-29 18:00:07,159 - INFO - Epoch: 300, Loss: 1.8190, Policy: 1.7958, Value: 0.0579
2025-11-29 18:00:07,646 - INFO - Epoch: 400, Loss: 1.8624, Policy: 1.8482, Value: 0.0355
2025-11-29 18:00:08,134 - INFO - Epoch: 500, Loss: 1.7626, Policy: 1.7455, Value: 0.0429
2025-11-29 18:00:08,635 - INFO - Epoch: 600, Loss: 1.8758, Policy: 1.8636, Value: 0.0304
2025-11-29 18:00:09,166 - INFO - Epoch: 700, Loss: 2.0017, Policy: 1.9854, Value: 0.0407
2025-11-29 18:00:09,673 - INFO - Epoch: 800, Loss: 1.8510, Policy: 1.8407, Value: 0.0258
2025-11-29 18:00:10,195 - INFO - Epoch: 900, Loss: 1.8260, Policy: 1.8138, Value: 0.0305
2025-11-29 18:00:10,732 - INFO - Epoch: 1000, Loss: 1.8045, Policy: 1.7892, Value: 0.0384
2025-11-29 18:00:10,736 - INFO - 训练结束，最新模型已保存到 model.pth
2025-11-29 18:00:10,737 - INFO - 第2981局
2025-11-29 18:00:11,704 - INFO - 2赢了
2025-11-29 18:00:11,704 - INFO - 第2982局
2025-11-29 18:00:12,652 - INFO - 2赢了
2025-11-29 18:00:12,652 - INFO - 第2983局
2025-11-29 18:00:13,510 - INFO - 2赢了
2025-11-29 18:00:13,510 - INFO - 第2984局
2025-11-29 18:00:15,036 - INFO - 2赢了
2025-11-29 18:00:15,036 - INFO - 第2985局
2025-11-29 18:00:16,715 - INFO - 1赢了
2025-11-29 18:00:16,715 - INFO - 第2986局
2025-11-29 18:00:18,289 - INFO - 1赢了
2025-11-29 18:00:18,289 - INFO - 第2987局
2025-11-29 18:00:21,369 - INFO - 2赢了
2025-11-29 18:00:21,369 - INFO - 第2988局
2025-11-29 18:00:24,798 - INFO - 2赢了
2025-11-29 18:00:24,798 - INFO - 第2989局
2025-11-29 18:00:25,920 - INFO - 1赢了
2025-11-29 18:00:25,921 - INFO - 第2990局
2025-11-29 18:00:26,958 - INFO - 2赢了
2025-11-29 18:00:26,975 - INFO - Epoch: 0, Loss: 1.9330, Policy: 1.9203, Value: 0.0317
2025-11-29 18:00:27,573 - INFO - Epoch: 100, Loss: 2.0452, Policy: 2.0315, Value: 0.0344
2025-11-29 18:00:28,144 - INFO - Epoch: 200, Loss: 1.8298, Policy: 1.8151, Value: 0.0368
2025-11-29 18:00:28,684 - INFO - Epoch: 300, Loss: 1.8471, Policy: 1.8363, Value: 0.0269
2025-11-29 18:00:29,238 - INFO - Epoch: 400, Loss: 1.8133, Policy: 1.8005, Value: 0.0319
2025-11-29 18:00:29,745 - INFO - Epoch: 500, Loss: 1.8944, Policy: 1.8784, Value: 0.0399
2025-11-29 18:00:30,235 - INFO - Epoch: 600, Loss: 1.8501, Policy: 1.8380, Value: 0.0302
2025-11-29 18:00:30,777 - INFO - Epoch: 700, Loss: 1.7855, Policy: 1.7696, Value: 0.0397
2025-11-29 18:00:31,338 - INFO - Epoch: 800, Loss: 1.8850, Policy: 1.8679, Value: 0.0428
2025-11-29 18:00:31,866 - INFO - Epoch: 900, Loss: 1.8352, Policy: 1.8202, Value: 0.0375
2025-11-29 18:00:32,389 - INFO - Epoch: 1000, Loss: 1.9079, Policy: 1.8934, Value: 0.0362
2025-11-29 18:00:32,393 - INFO - 训练结束，最新模型已保存到 model.pth
2025-11-29 18:00:32,394 - INFO - 第2991局
2025-11-29 18:00:33,471 - INFO - 1赢了
2025-11-29 18:00:33,471 - INFO - 第2992局
2025-11-29 18:00:34,346 - INFO - 2赢了
2025-11-29 18:00:34,346 - INFO - 第2993局
2025-11-29 18:00:36,007 - INFO - 2赢了
2025-11-29 18:00:36,007 - INFO - 第2994局
2025-11-29 18:00:37,845 - INFO - 2赢了
2025-11-29 18:00:37,845 - INFO - 第2995局
2025-11-29 18:00:40,872 - INFO - 1赢了
2025-11-29 18:00:40,872 - INFO - 第2996局
2025-11-29 18:00:42,361 - INFO - 2赢了
2025-11-29 18:00:42,361 - INFO - 第2997局
2025-11-29 18:00:43,433 - INFO - 2赢了
2025-11-29 18:00:43,433 - INFO - 第2998局
2025-11-29 18:00:44,318 - INFO - 2赢了
2025-11-29 18:00:44,318 - INFO - 第2999局
2025-11-29 18:00:46,791 - INFO - 2赢了
2025-11-29 18:00:46,791 - INFO - 第3000局
2025-11-29 18:00:48,468 - INFO - 2赢了
2025-11-29 18:00:48,488 - INFO - Epoch: 0, Loss: 1.8444, Policy: 1.8269, Value: 0.0438
2025-11-29 18:00:49,108 - INFO - Epoch: 100, Loss: 1.9507, Policy: 1.9381, Value: 0.0315
2025-11-29 18:00:49,620 - INFO - Epoch: 200, Loss: 2.0174, Policy: 2.0052, Value: 0.0305
2025-11-29 18:00:50,157 - INFO - Epoch: 300, Loss: 1.9656, Policy: 1.9553, Value: 0.0258
2025-11-29 18:00:50,660 - INFO - Epoch: 400, Loss: 1.9386, Policy: 1.9261, Value: 0.0313
2025-11-29 18:00:51,195 - INFO - Epoch: 500, Loss: 1.8825, Policy: 1.8708, Value: 0.0294
2025-11-29 18:00:51,735 - INFO - Epoch: 600, Loss: 1.7473, Policy: 1.7342, Value: 0.0329
2025-11-29 18:00:52,238 - INFO - Epoch: 700, Loss: 1.8687, Policy: 1.8575, Value: 0.0279
2025-11-29 18:00:52,761 - INFO - Epoch: 800, Loss: 1.7879, Policy: 1.7748, Value: 0.0326
2025-11-29 18:00:54,591 - INFO - Epoch: 900, Loss: 1.9028, Policy: 1.8924, Value: 0.0259
2025-11-29 18:00:55,133 - INFO - Epoch: 1000, Loss: 1.7963, Policy: 1.7826, Value: 0.0342
2025-11-29 18:00:55,136 - INFO - 训练结束，最新模型已保存到 model.pth
2025-11-29 18:00:55,138 - INFO - 保存模型快照: /home/ktfine/IAteamwork/AlphaZero_Five/models/model_game_3000.pth
2025-11-29 18:00:55,138 - INFO - 缓存区数据量: 27508
2025-11-29 18:00:57,518 - INFO - 第3001局
2025-11-29 18:01:00,225 - INFO - 2赢了
2025-11-29 18:01:00,225 - INFO - 第3002局
2025-11-29 18:01:01,753 - INFO - 2赢了
2025-11-29 18:01:01,753 - INFO - 第3003局
2025-11-29 18:01:06,888 - INFO - 2赢了
2025-11-29 18:01:06,888 - INFO - 第3004局
2025-11-29 18:01:08,270 - INFO - 2赢了
2025-11-29 18:01:08,270 - INFO - 第3005局
2025-11-29 18:01:10,644 - INFO - 2赢了
2025-11-29 18:01:10,644 - INFO - 第3006局
2025-11-29 18:01:12,431 - INFO - 2赢了
2025-11-29 18:01:12,431 - INFO - 第3007局
2025-11-29 18:01:14,219 - INFO - 2赢了
2025-11-29 18:01:14,220 - INFO - 第3008局
2025-11-29 18:01:15,543 - INFO - 2赢了
2025-11-29 18:01:15,543 - INFO - 第3009局
2025-11-29 18:01:17,831 - INFO - 2赢了
2025-11-29 18:01:17,832 - INFO - 第3010局
2025-11-29 18:01:19,443 - INFO - 2赢了
2025-11-29 18:01:19,462 - INFO - Epoch: 0, Loss: 1.8333, Policy: 1.8187, Value: 0.0364
2025-11-29 18:01:20,045 - INFO - Epoch: 100, Loss: 1.8572, Policy: 1.8440, Value: 0.0330
2025-11-29 18:01:20,557 - INFO - Epoch: 200, Loss: 1.7966, Policy: 1.7828, Value: 0.0347
2025-11-29 18:01:21,061 - INFO - Epoch: 300, Loss: 1.8069, Policy: 1.7909, Value: 0.0401
2025-11-29 18:01:21,552 - INFO - Epoch: 400, Loss: 1.9353, Policy: 1.9207, Value: 0.0365
2025-11-29 18:01:22,050 - INFO - Epoch: 500, Loss: 1.8821, Policy: 1.8678, Value: 0.0359
2025-11-29 18:01:22,546 - INFO - Epoch: 600, Loss: 1.8697, Policy: 1.8575, Value: 0.0304
2025-11-29 18:01:23,051 - INFO - Epoch: 700, Loss: 1.9676, Policy: 1.9534, Value: 0.0355
2025-11-29 18:01:23,548 - INFO - Epoch: 800, Loss: 1.7922, Policy: 1.7778, Value: 0.0360
2025-11-29 18:01:24,064 - INFO - Epoch: 900, Loss: 1.8797, Policy: 1.8632, Value: 0.0413
2025-11-29 18:01:24,572 - INFO - Epoch: 1000, Loss: 1.8022, Policy: 1.7919, Value: 0.0257
2025-11-29 18:01:24,576 - INFO - 训练结束，最新模型已保存到 model.pth
2025-11-29 18:01:24,577 - INFO - 第3011局
2025-11-29 18:01:29,664 - INFO - 2赢了
2025-11-29 18:01:29,664 - INFO - 第3012局
2025-11-29 18:01:31,208 - INFO - 1赢了
2025-11-29 18:01:31,208 - INFO - 第3013局
2025-11-29 18:01:32,528 - INFO - 2赢了
2025-11-29 18:01:32,529 - INFO - 第3014局
2025-11-29 18:01:33,566 - INFO - 2赢了
2025-11-29 18:01:33,566 - INFO - 第3015局
2025-11-29 18:01:34,985 - INFO - 1赢了
2025-11-29 18:01:34,985 - INFO - 第3016局
2025-11-29 18:01:36,966 - INFO - 2赢了
2025-11-29 18:01:36,966 - INFO - 第3017局
2025-11-29 18:01:38,289 - INFO - 2赢了
2025-11-29 18:01:38,289 - INFO - 第3018局
2025-11-29 18:01:39,775 - INFO - 2赢了
2025-11-29 18:01:39,775 - INFO - 第3019局
2025-11-29 18:01:41,768 - INFO - 2赢了
2025-11-29 18:01:41,769 - INFO - 第3020局
2025-11-29 18:01:43,041 - INFO - 1赢了
2025-11-29 18:01:43,057 - INFO - Epoch: 0, Loss: 1.8951, Policy: 1.8812, Value: 0.0347
2025-11-29 18:01:43,616 - INFO - Epoch: 100, Loss: 1.8512, Policy: 1.8392, Value: 0.0301
2025-11-29 18:01:44,114 - INFO - Epoch: 200, Loss: 1.8099, Policy: 1.7945, Value: 0.0385
2025-11-29 18:01:44,620 - INFO - Epoch: 300, Loss: 1.7263, Policy: 1.7168, Value: 0.0238
2025-11-29 18:01:45,128 - INFO - Epoch: 400, Loss: 2.0321, Policy: 2.0121, Value: 0.0500
2025-11-29 18:01:45,636 - INFO - Epoch: 500, Loss: 1.7616, Policy: 1.7357, Value: 0.0648
2025-11-29 18:01:46,141 - INFO - Epoch: 600, Loss: 1.7752, Policy: 1.7580, Value: 0.0429
2025-11-29 18:01:46,645 - INFO - Epoch: 700, Loss: 1.9796, Policy: 1.9666, Value: 0.0324
2025-11-29 18:01:47,136 - INFO - Epoch: 800, Loss: 1.9573, Policy: 1.9279, Value: 0.0734
2025-11-29 18:01:47,635 - INFO - Epoch: 900, Loss: 1.9847, Policy: 1.9700, Value: 0.0370
2025-11-29 18:01:48,137 - INFO - Epoch: 1000, Loss: 1.9960, Policy: 1.9833, Value: 0.0318
2025-11-29 18:01:48,140 - INFO - 训练结束，最新模型已保存到 model.pth
2025-11-29 18:01:48,141 - INFO - 第3021局
2025-11-29 18:01:49,814 - INFO - 1赢了
2025-11-29 18:01:49,814 - INFO - 第3022局
2025-11-29 18:01:51,159 - INFO - 2赢了
2025-11-29 18:01:51,159 - INFO - 第3023局
2025-11-29 18:01:54,755 - INFO - 1赢了
2025-11-29 18:01:54,756 - INFO - 第3024局
2025-11-29 18:01:57,919 - INFO - 2赢了
2025-11-29 18:01:57,919 - INFO - 第3025局
2025-11-29 18:02:01,743 - INFO - 2赢了
2025-11-29 18:02:01,743 - INFO - 第3026局
2025-11-29 18:02:03,672 - INFO - 2赢了
2025-11-29 18:02:03,672 - INFO - 第3027局
2025-11-29 18:02:05,600 - INFO - 2赢了
2025-11-29 18:02:05,601 - INFO - 第3028局
2025-11-29 18:02:07,401 - INFO - 2赢了
2025-11-29 18:02:07,401 - INFO - 第3029局
2025-11-29 18:02:12,012 - INFO - 2赢了
2025-11-29 18:02:12,012 - INFO - 第3030局
2025-11-29 18:02:13,203 - INFO - 1赢了
2025-11-29 18:02:13,216 - INFO - Epoch: 0, Loss: 1.7008, Policy: 1.6922, Value: 0.0213
2025-11-29 18:02:13,849 - INFO - Epoch: 100, Loss: 1.8833, Policy: 1.8680, Value: 0.0383
2025-11-29 18:02:14,425 - INFO - Epoch: 200, Loss: 1.8223, Policy: 1.8101, Value: 0.0305
2025-11-29 18:02:14,992 - INFO - Epoch: 300, Loss: 1.8748, Policy: 1.8568, Value: 0.0450
2025-11-29 18:02:15,534 - INFO - Epoch: 400, Loss: 1.9572, Policy: 1.9439, Value: 0.0330
2025-11-29 18:02:16,055 - INFO - Epoch: 500, Loss: 1.6651, Policy: 1.6516, Value: 0.0338
2025-11-29 18:02:16,580 - INFO - Epoch: 600, Loss: 1.9213, Policy: 1.9057, Value: 0.0392
2025-11-29 18:02:17,131 - INFO - Epoch: 700, Loss: 1.8208, Policy: 1.8058, Value: 0.0377
2025-11-29 18:02:17,661 - INFO - Epoch: 800, Loss: 1.8724, Policy: 1.8619, Value: 0.0263
2025-11-29 18:02:18,188 - INFO - Epoch: 900, Loss: 1.9836, Policy: 1.9699, Value: 0.0344
2025-11-29 18:02:18,719 - INFO - Epoch: 1000, Loss: 1.7890, Policy: 1.7606, Value: 0.0711
2025-11-29 18:02:18,723 - INFO - 训练结束，最新模型已保存到 model.pth
2025-11-29 18:02:18,724 - INFO - 第3031局
2025-11-29 18:02:19,828 - INFO - 2赢了
2025-11-29 18:02:19,828 - INFO - 第3032局
2025-11-29 18:02:21,934 - INFO - 2赢了
2025-11-29 18:02:21,934 - INFO - 第3033局
2025-11-29 18:02:23,447 - INFO - 2赢了
2025-11-29 18:02:23,447 - INFO - 第3034局
2025-11-29 18:02:26,378 - INFO - 1赢了
2025-11-29 18:02:26,378 - INFO - 第3035局
2025-11-29 18:02:28,156 - INFO - 1赢了
2025-11-29 18:02:28,156 - INFO - 第3036局
2025-11-29 18:02:31,072 - INFO - 2赢了
2025-11-29 18:02:31,073 - INFO - 第3037局
2025-11-29 18:02:32,269 - INFO - 1赢了
2025-11-29 18:02:32,269 - INFO - 第3038局
2025-11-29 18:02:33,198 - INFO - 2赢了
2025-11-29 18:02:33,199 - INFO - 第3039局
2025-11-29 18:02:35,973 - INFO - 1赢了
2025-11-29 18:02:35,973 - INFO - 第3040局
2025-11-29 18:02:36,889 - INFO - 2赢了
2025-11-29 18:02:36,907 - INFO - Epoch: 0, Loss: 1.8068, Policy: 1.7925, Value: 0.0358
2025-11-29 18:02:37,504 - INFO - Epoch: 100, Loss: 1.9907, Policy: 1.9740, Value: 0.0417
2025-11-29 18:02:38,011 - INFO - Epoch: 200, Loss: 1.8033, Policy: 1.7860, Value: 0.0432
2025-11-29 18:02:38,517 - INFO - Epoch: 300, Loss: 1.8809, Policy: 1.8719, Value: 0.0224
2025-11-29 18:02:39,046 - INFO - Epoch: 400, Loss: 2.0069, Policy: 1.9901, Value: 0.0422
2025-11-29 18:02:39,567 - INFO - Epoch: 500, Loss: 1.6799, Policy: 1.6694, Value: 0.0262
2025-11-29 18:02:40,149 - INFO - Epoch: 600, Loss: 1.8533, Policy: 1.8429, Value: 0.0260
2025-11-29 18:02:40,677 - INFO - Epoch: 700, Loss: 1.8512, Policy: 1.8381, Value: 0.0327
2025-11-29 18:02:41,196 - INFO - Epoch: 800, Loss: 1.9975, Policy: 1.9831, Value: 0.0360
2025-11-29 18:02:41,723 - INFO - Epoch: 900, Loss: 1.8605, Policy: 1.8448, Value: 0.0393
2025-11-29 18:02:42,235 - INFO - Epoch: 1000, Loss: 1.9048, Policy: 1.8930, Value: 0.0295
2025-11-29 18:02:42,239 - INFO - 训练结束，最新模型已保存到 model.pth
2025-11-29 18:02:42,240 - INFO - 第3041局
2025-11-29 18:02:43,304 - INFO - 2赢了
2025-11-29 18:02:43,304 - INFO - 第3042局
2025-11-29 18:02:45,728 - INFO - 2赢了
2025-11-29 18:02:45,728 - INFO - 第3043局
2025-11-29 18:02:47,330 - INFO - 1赢了
2025-11-29 18:02:47,330 - INFO - 第3044局
2025-11-29 18:02:49,654 - INFO - 2赢了
2025-11-29 18:02:49,655 - INFO - 第3045局
2025-11-29 18:02:50,858 - INFO - 2赢了
2025-11-29 18:02:50,858 - INFO - 第3046局
2025-11-29 18:02:53,392 - INFO - 2赢了
2025-11-29 18:02:53,392 - INFO - 第3047局
2025-11-29 18:02:54,599 - INFO - 2赢了
2025-11-29 18:02:54,599 - INFO - 第3048局
2025-11-29 18:02:58,506 - INFO - 2赢了
2025-11-29 18:02:58,506 - INFO - 第3049局
2025-11-29 18:03:01,084 - INFO - 2赢了
2025-11-29 18:03:01,084 - INFO - 第3050局
2025-11-29 18:03:03,548 - INFO - 2赢了
2025-11-29 18:03:03,567 - INFO - Epoch: 0, Loss: 1.9243, Policy: 1.9107, Value: 0.0340
2025-11-29 18:03:04,176 - INFO - Epoch: 100, Loss: 1.9004, Policy: 1.8868, Value: 0.0341
2025-11-29 18:03:04,671 - INFO - Epoch: 200, Loss: 1.9452, Policy: 1.9311, Value: 0.0351
2025-11-29 18:03:05,172 - INFO - Epoch: 300, Loss: 1.9211, Policy: 1.9109, Value: 0.0257
2025-11-29 18:03:05,678 - INFO - Epoch: 400, Loss: 1.8159, Policy: 1.7978, Value: 0.0453
2025-11-29 18:03:06,192 - INFO - Epoch: 500, Loss: 1.8129, Policy: 1.7965, Value: 0.0410
2025-11-29 18:03:06,713 - INFO - Epoch: 600, Loss: 1.8088, Policy: 1.7996, Value: 0.0230
2025-11-29 18:03:07,215 - INFO - Epoch: 700, Loss: 1.8539, Policy: 1.8420, Value: 0.0295
2025-11-29 18:03:09,069 - INFO - Epoch: 800, Loss: 1.9349, Policy: 1.9236, Value: 0.0281
2025-11-29 18:03:09,584 - INFO - Epoch: 900, Loss: 1.8734, Policy: 1.8604, Value: 0.0324
2025-11-29 18:03:10,103 - INFO - Epoch: 1000, Loss: 1.7247, Policy: 1.7145, Value: 0.0257
2025-11-29 18:03:10,107 - INFO - 训练结束，最新模型已保存到 model.pth
2025-11-29 18:03:10,108 - INFO - 第3051局
2025-11-29 18:03:11,727 - INFO - 2赢了
2025-11-29 18:03:11,727 - INFO - 第3052局
2025-11-29 18:03:14,641 - INFO - 2赢了
2025-11-29 18:03:14,641 - INFO - 第3053局
2025-11-29 18:03:16,192 - INFO - 2赢了
2025-11-29 18:03:16,192 - INFO - 第3054局
2025-11-29 18:03:17,628 - INFO - 1赢了
2025-11-29 18:03:17,628 - INFO - 第3055局
2025-11-29 18:03:18,641 - INFO - 2赢了
2025-11-29 18:03:18,641 - INFO - 第3056局
2025-11-29 18:03:20,321 - INFO - 2赢了
2025-11-29 18:03:20,321 - INFO - 第3057局
2025-11-29 18:03:21,839 - INFO - 1赢了
2025-11-29 18:03:21,839 - INFO - 第3058局
2025-11-29 18:03:23,077 - INFO - 1赢了
2025-11-29 18:03:23,077 - INFO - 第3059局
2025-11-29 18:03:24,903 - INFO - 1赢了
2025-11-29 18:03:24,903 - INFO - 第3060局
2025-11-29 18:03:26,437 - INFO - 2赢了
2025-11-29 18:03:26,458 - INFO - Epoch: 0, Loss: 1.8327, Policy: 1.8197, Value: 0.0326
2025-11-29 18:03:27,068 - INFO - Epoch: 100, Loss: 1.8046, Policy: 1.7965, Value: 0.0203
2025-11-29 18:03:27,589 - INFO - Epoch: 200, Loss: 1.7964, Policy: 1.7821, Value: 0.0357
2025-11-29 18:03:28,114 - INFO - Epoch: 300, Loss: 1.7876, Policy: 1.7770, Value: 0.0265
2025-11-29 18:03:28,640 - INFO - Epoch: 400, Loss: 1.8097, Policy: 1.7913, Value: 0.0459
2025-11-29 18:03:29,152 - INFO - Epoch: 500, Loss: 1.7167, Policy: 1.7039, Value: 0.0318
2025-11-29 18:03:29,667 - INFO - Epoch: 600, Loss: 1.8317, Policy: 1.8197, Value: 0.0299
2025-11-29 18:03:30,202 - INFO - Epoch: 700, Loss: 1.9463, Policy: 1.9345, Value: 0.0295
2025-11-29 18:03:30,721 - INFO - Epoch: 800, Loss: 2.0595, Policy: 2.0473, Value: 0.0307
2025-11-29 18:03:31,252 - INFO - Epoch: 900, Loss: 1.7942, Policy: 1.7654, Value: 0.0720
2025-11-29 18:03:31,772 - INFO - Epoch: 1000, Loss: 1.8519, Policy: 1.8382, Value: 0.0341
2025-11-29 18:03:31,776 - INFO - 训练结束，最新模型已保存到 model.pth
2025-11-29 18:03:31,777 - INFO - 第3061局
2025-11-29 18:03:32,516 - INFO - 2赢了
2025-11-29 18:03:32,516 - INFO - 第3062局
2025-11-29 18:03:35,779 - INFO - 2赢了
2025-11-29 18:03:35,779 - INFO - 第3063局
2025-11-29 18:03:40,522 - INFO - 1赢了
2025-11-29 18:03:40,522 - INFO - 第3064局
2025-11-29 18:03:43,211 - INFO - 2赢了
2025-11-29 18:03:43,211 - INFO - 第3065局
2025-11-29 18:03:44,820 - INFO - 2赢了
2025-11-29 18:03:44,821 - INFO - 第3066局
2025-11-29 18:03:46,056 - INFO - 1赢了
2025-11-29 18:03:46,056 - INFO - 第3067局
2025-11-29 18:03:48,078 - INFO - 2赢了
2025-11-29 18:03:48,078 - INFO - 第3068局
2025-11-29 18:03:49,347 - INFO - 1赢了
2025-11-29 18:03:49,347 - INFO - 第3069局
2025-11-29 18:03:50,942 - INFO - 2赢了
2025-11-29 18:03:50,942 - INFO - 第3070局
2025-11-29 18:03:52,625 - INFO - 2赢了
2025-11-29 18:03:52,638 - INFO - Epoch: 0, Loss: 1.7465, Policy: 1.7275, Value: 0.0473
2025-11-29 18:03:53,244 - INFO - Epoch: 100, Loss: 1.7589, Policy: 1.7456, Value: 0.0331
2025-11-29 18:03:53,764 - INFO - Epoch: 200, Loss: 2.0100, Policy: 1.9843, Value: 0.0643
2025-11-29 18:03:54,280 - INFO - Epoch: 300, Loss: 1.9762, Policy: 1.9537, Value: 0.0563
2025-11-29 18:03:54,784 - INFO - Epoch: 400, Loss: 1.7811, Policy: 1.7679, Value: 0.0332
2025-11-29 18:03:55,297 - INFO - Epoch: 500, Loss: 1.9119, Policy: 1.8948, Value: 0.0428
2025-11-29 18:03:55,808 - INFO - Epoch: 600, Loss: 1.8426, Policy: 1.8299, Value: 0.0317
2025-11-29 18:03:56,301 - INFO - Epoch: 700, Loss: 1.8170, Policy: 1.8069, Value: 0.0254
2025-11-29 18:03:56,801 - INFO - Epoch: 800, Loss: 1.7937, Policy: 1.7821, Value: 0.0291
2025-11-29 18:03:57,301 - INFO - Epoch: 900, Loss: 1.8351, Policy: 1.8217, Value: 0.0334
2025-11-29 18:03:57,815 - INFO - Epoch: 1000, Loss: 1.8424, Policy: 1.8274, Value: 0.0373
2025-11-29 18:03:57,819 - INFO - 训练结束，最新模型已保存到 model.pth
2025-11-29 18:03:57,820 - INFO - 第3071局
2025-11-29 18:03:58,887 - INFO - 1赢了
2025-11-29 18:03:58,887 - INFO - 第3072局
2025-11-29 18:04:00,507 - INFO - 2赢了
2025-11-29 18:04:00,507 - INFO - 第3073局
2025-11-29 18:04:02,068 - INFO - 1赢了
2025-11-29 18:04:02,068 - INFO - 第3074局
2025-11-29 18:04:03,589 - INFO - 2赢了
2025-11-29 18:04:03,590 - INFO - 第3075局
2025-11-29 18:04:04,757 - INFO - 1赢了
2025-11-29 18:04:04,757 - INFO - 第3076局
2025-11-29 18:04:06,051 - INFO - 1赢了
2025-11-29 18:04:06,051 - INFO - 第3077局
2025-11-29 18:04:07,586 - INFO - 2赢了
2025-11-29 18:04:07,586 - INFO - 第3078局
2025-11-29 18:04:09,665 - INFO - 2赢了
2025-11-29 18:04:09,666 - INFO - 第3079局
2025-11-29 18:04:11,431 - INFO - 2赢了
2025-11-29 18:04:11,431 - INFO - 第3080局
2025-11-29 18:04:13,966 - INFO - 2赢了
2025-11-29 18:04:13,982 - INFO - Epoch: 0, Loss: 1.8133, Policy: 1.7985, Value: 0.0369
2025-11-29 18:04:15,921 - INFO - Epoch: 100, Loss: 1.8901, Policy: 1.8787, Value: 0.0285
2025-11-29 18:04:16,512 - INFO - Epoch: 200, Loss: 1.9243, Policy: 1.9134, Value: 0.0274
2025-11-29 18:04:17,095 - INFO - Epoch: 300, Loss: 1.9071, Policy: 1.8847, Value: 0.0560
2025-11-29 18:04:17,678 - INFO - Epoch: 400, Loss: 1.6890, Policy: 1.6773, Value: 0.0292
2025-11-29 18:04:18,246 - INFO - Epoch: 500, Loss: 1.8662, Policy: 1.8561, Value: 0.0252
2025-11-29 18:04:18,827 - INFO - Epoch: 600, Loss: 1.8340, Policy: 1.8199, Value: 0.0354
2025-11-29 18:04:19,409 - INFO - Epoch: 700, Loss: 1.9278, Policy: 1.9128, Value: 0.0377
2025-11-29 18:04:19,978 - INFO - Epoch: 800, Loss: 2.0021, Policy: 1.9866, Value: 0.0389
2025-11-29 18:04:20,559 - INFO - Epoch: 900, Loss: 1.8048, Policy: 1.7928, Value: 0.0298
2025-11-29 18:04:21,115 - INFO - Epoch: 1000, Loss: 1.8795, Policy: 1.8670, Value: 0.0311
2025-11-29 18:04:21,118 - INFO - 训练结束，最新模型已保存到 model.pth
2025-11-29 18:04:21,119 - INFO - 第3081局
2025-11-29 18:04:25,335 - INFO - 2赢了
2025-11-29 18:04:25,335 - INFO - 第3082局
2025-11-29 18:04:26,917 - INFO - 2赢了
2025-11-29 18:04:26,917 - INFO - 第3083局
2025-11-29 18:04:30,480 - INFO - 2赢了
2025-11-29 18:04:30,480 - INFO - 第3084局
2025-11-29 18:04:35,416 - INFO - 2赢了
2025-11-29 18:04:35,416 - INFO - 第3085局
2025-11-29 18:04:36,660 - INFO - 2赢了
2025-11-29 18:04:36,660 - INFO - 第3086局
2025-11-29 18:04:42,963 - INFO - 2赢了
2025-11-29 18:04:42,964 - INFO - 第3087局
2025-11-29 18:04:45,074 - INFO - 2赢了
2025-11-29 18:04:45,074 - INFO - 第3088局
2025-11-29 18:04:47,362 - INFO - 2赢了
2025-11-29 18:04:47,362 - INFO - 第3089局
2025-11-29 18:04:50,652 - INFO - 2赢了
2025-11-29 18:04:50,652 - INFO - 第3090局
2025-11-29 18:04:52,099 - INFO - 1赢了
2025-11-29 18:04:52,119 - INFO - Epoch: 0, Loss: 1.8940, Policy: 1.8767, Value: 0.0433
2025-11-29 18:04:52,700 - INFO - Epoch: 100, Loss: 1.8161, Policy: 1.8030, Value: 0.0326
2025-11-29 18:04:53,214 - INFO - Epoch: 200, Loss: 1.8209, Policy: 1.7959, Value: 0.0626
2025-11-29 18:04:53,727 - INFO - Epoch: 300, Loss: 1.9615, Policy: 1.9437, Value: 0.0443
2025-11-29 18:04:54,241 - INFO - Epoch: 400, Loss: 1.7726, Policy: 1.7599, Value: 0.0317
2025-11-29 18:04:54,742 - INFO - Epoch: 500, Loss: 1.8038, Policy: 1.7898, Value: 0.0350
2025-11-29 18:04:55,246 - INFO - Epoch: 600, Loss: 1.8233, Policy: 1.8065, Value: 0.0420
2025-11-29 18:04:55,756 - INFO - Epoch: 700, Loss: 1.8121, Policy: 1.7906, Value: 0.0537
2025-11-29 18:04:56,263 - INFO - Epoch: 800, Loss: 1.9603, Policy: 1.9442, Value: 0.0402
2025-11-29 18:04:56,780 - INFO - Epoch: 900, Loss: 1.7912, Policy: 1.7789, Value: 0.0307
2025-11-29 18:04:57,302 - INFO - Epoch: 1000, Loss: 1.7934, Policy: 1.7763, Value: 0.0428
2025-11-29 18:04:57,306 - INFO - 训练结束，最新模型已保存到 model.pth
2025-11-29 18:04:57,306 - INFO - 第3091局
2025-11-29 18:04:59,205 - INFO - 2赢了
2025-11-29 18:04:59,205 - INFO - 第3092局
2025-11-29 18:05:00,378 - INFO - 2赢了
2025-11-29 18:05:00,382 - INFO - 第3093局
2025-11-29 18:05:01,366 - INFO - 2赢了
2025-11-29 18:05:01,366 - INFO - 第3094局
2025-11-29 18:05:02,395 - INFO - 2赢了
2025-11-29 18:05:02,395 - INFO - 第3095局
2025-11-29 18:05:04,572 - INFO - 2赢了
2025-11-29 18:05:04,572 - INFO - 第3096局
2025-11-29 18:05:07,204 - INFO - 2赢了
2025-11-29 18:05:07,205 - INFO - 第3097局
2025-11-29 18:05:08,769 - INFO - 1赢了
2025-11-29 18:05:08,769 - INFO - 第3098局
2025-11-29 18:05:11,085 - INFO - 1赢了
2025-11-29 18:05:11,085 - INFO - 第3099局
2025-11-29 18:05:16,138 - INFO - 1赢了
2025-11-29 18:05:16,139 - INFO - 第3100局
2025-11-29 18:05:19,155 - INFO - 2赢了
2025-11-29 18:05:19,172 - INFO - Epoch: 0, Loss: 2.0424, Policy: 2.0228, Value: 0.0491
2025-11-29 18:05:19,847 - INFO - Epoch: 100, Loss: 1.8786, Policy: 1.8647, Value: 0.0348
2025-11-29 18:05:20,432 - INFO - Epoch: 200, Loss: 1.7124, Policy: 1.6937, Value: 0.0469
2025-11-29 18:05:21,022 - INFO - Epoch: 300, Loss: 1.7024, Policy: 1.6720, Value: 0.0759
2025-11-29 18:05:21,607 - INFO - Epoch: 400, Loss: 1.8370, Policy: 1.8250, Value: 0.0299
2025-11-29 18:05:23,586 - INFO - Epoch: 500, Loss: 1.8552, Policy: 1.8447, Value: 0.0263
2025-11-29 18:05:24,157 - INFO - Epoch: 600, Loss: 1.8934, Policy: 1.8749, Value: 0.0462
2025-11-29 18:05:24,726 - INFO - Epoch: 700, Loss: 1.8742, Policy: 1.8610, Value: 0.0330
2025-11-29 18:05:25,300 - INFO - Epoch: 800, Loss: 1.8580, Policy: 1.8455, Value: 0.0311
2025-11-29 18:05:25,886 - INFO - Epoch: 900, Loss: 1.7271, Policy: 1.7006, Value: 0.0663
2025-11-29 18:05:26,472 - INFO - Epoch: 1000, Loss: 1.8360, Policy: 1.8194, Value: 0.0416
2025-11-29 18:05:26,476 - INFO - 训练结束，最新模型已保存到 model.pth
2025-11-29 18:05:26,477 - INFO - 第3101局
2025-11-29 18:05:28,561 - INFO - 1赢了
2025-11-29 18:05:28,561 - INFO - 第3102局
2025-11-29 18:05:30,051 - INFO - 2赢了
2025-11-29 18:05:30,051 - INFO - 第3103局
2025-11-29 18:05:31,708 - INFO - 1赢了
2025-11-29 18:05:31,709 - INFO - 第3104局
2025-11-29 18:05:33,306 - INFO - 1赢了
2025-11-29 18:05:33,306 - INFO - 第3105局
2025-11-29 18:05:36,256 - INFO - 2赢了
2025-11-29 18:05:36,256 - INFO - 第3106局
2025-11-29 18:05:37,867 - INFO - 2赢了
2025-11-29 18:05:37,867 - INFO - 第3107局
2025-11-29 18:05:39,261 - INFO - 2赢了
2025-11-29 18:05:39,261 - INFO - 第3108局
2025-11-29 18:05:41,183 - INFO - 2赢了
2025-11-29 18:05:41,183 - INFO - 第3109局
2025-11-29 18:05:42,742 - INFO - 2赢了
2025-11-29 18:05:42,742 - INFO - 第3110局
2025-11-29 18:05:43,890 - INFO - 2赢了
2025-11-29 18:05:43,909 - INFO - Epoch: 0, Loss: 1.7930, Policy: 1.7789, Value: 0.0352
2025-11-29 18:05:44,510 - INFO - Epoch: 100, Loss: 2.0207, Policy: 2.0067, Value: 0.0350
2025-11-29 18:05:45,026 - INFO - Epoch: 200, Loss: 1.9254, Policy: 1.9153, Value: 0.0251
2025-11-29 18:05:45,526 - INFO - Epoch: 300, Loss: 2.0762, Policy: 2.0570, Value: 0.0478
2025-11-29 18:05:46,025 - INFO - Epoch: 400, Loss: 1.9316, Policy: 1.9200, Value: 0.0291
2025-11-29 18:05:46,537 - INFO - Epoch: 500, Loss: 1.7894, Policy: 1.7737, Value: 0.0391
2025-11-29 18:05:47,040 - INFO - Epoch: 600, Loss: 1.8248, Policy: 1.8117, Value: 0.0329
2025-11-29 18:05:47,544 - INFO - Epoch: 700, Loss: 1.7842, Policy: 1.7674, Value: 0.0420
2025-11-29 18:05:48,062 - INFO - Epoch: 800, Loss: 1.8844, Policy: 1.8533, Value: 0.0776
2025-11-29 18:05:48,563 - INFO - Epoch: 900, Loss: 1.8720, Policy: 1.8543, Value: 0.0444
2025-11-29 18:05:49,074 - INFO - Epoch: 1000, Loss: 1.8272, Policy: 1.8124, Value: 0.0368
2025-11-29 18:05:49,078 - INFO - 训练结束，最新模型已保存到 model.pth
2025-11-29 18:05:49,079 - INFO - 第3111局
2025-11-29 18:05:50,567 - INFO - 2赢了
2025-11-29 18:05:50,567 - INFO - 第3112局
2025-11-29 18:05:51,758 - INFO - 1赢了
2025-11-29 18:05:51,758 - INFO - 第3113局
2025-11-29 18:05:52,987 - INFO - 2赢了
2025-11-29 18:05:52,987 - INFO - 第3114局
2025-11-29 18:05:53,838 - INFO - 2赢了
2025-11-29 18:05:53,839 - INFO - 第3115局
2025-11-29 18:05:59,126 - INFO - 2赢了
2025-11-29 18:05:59,127 - INFO - 第3116局
2025-11-29 18:06:01,103 - INFO - 2赢了
2025-11-29 18:06:01,103 - INFO - 第3117局
2025-11-29 18:06:03,316 - INFO - 2赢了
2025-11-29 18:06:03,316 - INFO - 第3118局
2025-11-29 18:06:04,669 - INFO - 2赢了
2025-11-29 18:06:04,669 - INFO - 第3119局
2025-11-29 18:06:06,077 - INFO - 1赢了
2025-11-29 18:06:06,077 - INFO - 第3120局
2025-11-29 18:06:07,511 - INFO - 2赢了
2025-11-29 18:06:07,524 - INFO - Epoch: 0, Loss: 2.0321, Policy: 2.0207, Value: 0.0285
2025-11-29 18:06:08,124 - INFO - Epoch: 100, Loss: 1.8428, Policy: 1.8269, Value: 0.0396
2025-11-29 18:06:08,634 - INFO - Epoch: 200, Loss: 1.9177, Policy: 1.9062, Value: 0.0287
2025-11-29 18:06:09,176 - INFO - Epoch: 300, Loss: 2.0138, Policy: 2.0033, Value: 0.0262
2025-11-29 18:06:09,731 - INFO - Epoch: 400, Loss: 1.8476, Policy: 1.8380, Value: 0.0240
2025-11-29 18:06:10,258 - INFO - Epoch: 500, Loss: 1.9213, Policy: 1.9009, Value: 0.0512
2025-11-29 18:06:10,805 - INFO - Epoch: 600, Loss: 1.8494, Policy: 1.8395, Value: 0.0248
2025-11-29 18:06:11,313 - INFO - Epoch: 700, Loss: 2.0967, Policy: 2.0789, Value: 0.0444
2025-11-29 18:06:11,840 - INFO - Epoch: 800, Loss: 1.8190, Policy: 1.8029, Value: 0.0402
2025-11-29 18:06:12,357 - INFO - Epoch: 900, Loss: 1.7442, Policy: 1.7311, Value: 0.0329
2025-11-29 18:06:12,873 - INFO - Epoch: 1000, Loss: 1.8910, Policy: 1.8760, Value: 0.0374
2025-11-29 18:06:12,876 - INFO - 训练结束，最新模型已保存到 model.pth
2025-11-29 18:06:12,877 - INFO - 第3121局
2025-11-29 18:06:14,230 - INFO - 1赢了
2025-11-29 18:06:14,230 - INFO - 第3122局
2025-11-29 18:06:16,082 - INFO - 2赢了
2025-11-29 18:06:16,082 - INFO - 第3123局
2025-11-29 18:06:17,254 - INFO - 1赢了
2025-11-29 18:06:17,254 - INFO - 第3124局
2025-11-29 18:06:19,838 - INFO - 2赢了
2025-11-29 18:06:19,838 - INFO - 第3125局
2025-11-29 18:06:22,789 - INFO - 1赢了
2025-11-29 18:06:22,790 - INFO - 第3126局
2025-11-29 18:06:23,960 - INFO - 1赢了
2025-11-29 18:06:23,960 - INFO - 第3127局
2025-11-29 18:06:25,482 - INFO - 2赢了
2025-11-29 18:06:25,482 - INFO - 第3128局
2025-11-29 18:06:26,950 - INFO - 2赢了
2025-11-29 18:06:26,950 - INFO - 第3129局
2025-11-29 18:06:28,500 - INFO - 2赢了
2025-11-29 18:06:28,500 - INFO - 第3130局
2025-11-29 18:06:29,533 - INFO - 2赢了
2025-11-29 18:06:29,549 - INFO - Epoch: 0, Loss: 1.8862, Policy: 1.8685, Value: 0.0444
2025-11-29 18:06:31,584 - INFO - Epoch: 100, Loss: 1.9980, Policy: 1.9834, Value: 0.0364
2025-11-29 18:06:32,087 - INFO - Epoch: 200, Loss: 1.9107, Policy: 1.8900, Value: 0.0518
2025-11-29 18:06:32,603 - INFO - Epoch: 300, Loss: 1.9308, Policy: 1.9170, Value: 0.0346
2025-11-29 18:06:33,103 - INFO - Epoch: 400, Loss: 1.7525, Policy: 1.7422, Value: 0.0259
2025-11-29 18:06:33,599 - INFO - Epoch: 500, Loss: 1.7986, Policy: 1.7860, Value: 0.0314
2025-11-29 18:06:34,086 - INFO - Epoch: 600, Loss: 1.8455, Policy: 1.8293, Value: 0.0405
2025-11-29 18:06:34,582 - INFO - Epoch: 700, Loss: 1.6995, Policy: 1.6862, Value: 0.0332
2025-11-29 18:06:35,079 - INFO - Epoch: 800, Loss: 1.9281, Policy: 1.9103, Value: 0.0445
2025-11-29 18:06:35,571 - INFO - Epoch: 900, Loss: 1.8515, Policy: 1.8335, Value: 0.0452
2025-11-29 18:06:36,092 - INFO - Epoch: 1000, Loss: 1.8009, Policy: 1.7842, Value: 0.0418
2025-11-29 18:06:36,096 - INFO - 训练结束，最新模型已保存到 model.pth
2025-11-29 18:06:36,097 - INFO - 第3131局
2025-11-29 18:06:36,908 - INFO - 2赢了
2025-11-29 18:06:36,908 - INFO - 第3132局
2025-11-29 18:06:38,231 - INFO - 1赢了
2025-11-29 18:06:38,231 - INFO - 第3133局
2025-11-29 18:06:39,343 - INFO - 1赢了
2025-11-29 18:06:39,343 - INFO - 第3134局
2025-11-29 18:06:40,322 - INFO - 2赢了
2025-11-29 18:06:40,322 - INFO - 第3135局
2025-11-29 18:06:42,671 - INFO - 1赢了
2025-11-29 18:06:42,672 - INFO - 第3136局
2025-11-29 18:06:43,839 - INFO - 2赢了
2025-11-29 18:06:43,839 - INFO - 第3137局
2025-11-29 18:06:45,126 - INFO - 1赢了
2025-11-29 18:06:45,126 - INFO - 第3138局
2025-11-29 18:06:48,652 - INFO - 2赢了
2025-11-29 18:06:48,652 - INFO - 第3139局
2025-11-29 18:06:50,978 - INFO - 1赢了
2025-11-29 18:06:50,978 - INFO - 第3140局
2025-11-29 18:06:52,946 - INFO - 2赢了
2025-11-29 18:06:52,965 - INFO - Epoch: 0, Loss: 1.8363, Policy: 1.8192, Value: 0.0427
2025-11-29 18:06:53,562 - INFO - Epoch: 100, Loss: 1.8614, Policy: 1.8491, Value: 0.0309
2025-11-29 18:06:54,097 - INFO - Epoch: 200, Loss: 1.6897, Policy: 1.6764, Value: 0.0335
2025-11-29 18:06:54,626 - INFO - Epoch: 300, Loss: 1.9182, Policy: 1.9031, Value: 0.0378
2025-11-29 18:06:55,144 - INFO - Epoch: 400, Loss: 1.7484, Policy: 1.7364, Value: 0.0301
2025-11-29 18:06:55,666 - INFO - Epoch: 500, Loss: 1.8237, Policy: 1.8099, Value: 0.0346
2025-11-29 18:06:56,199 - INFO - Epoch: 600, Loss: 1.8772, Policy: 1.8620, Value: 0.0380
2025-11-29 18:06:56,724 - INFO - Epoch: 700, Loss: 1.7648, Policy: 1.7483, Value: 0.0414
2025-11-29 18:06:57,238 - INFO - Epoch: 800, Loss: 2.0101, Policy: 2.0017, Value: 0.0210
2025-11-29 18:06:57,764 - INFO - Epoch: 900, Loss: 1.9818, Policy: 1.9671, Value: 0.0368
2025-11-29 18:06:58,302 - INFO - Epoch: 1000, Loss: 1.7814, Policy: 1.7689, Value: 0.0313
2025-11-29 18:06:58,305 - INFO - 训练结束，最新模型已保存到 model.pth
2025-11-29 18:06:58,306 - INFO - 第3141局
2025-11-29 18:06:59,374 - INFO - 2赢了
2025-11-29 18:06:59,374 - INFO - 第3142局
2025-11-29 18:07:01,412 - INFO - 2赢了
2025-11-29 18:07:01,412 - INFO - 第3143局
2025-11-29 18:07:06,740 - INFO - 1赢了
2025-11-29 18:07:06,740 - INFO - 第3144局
2025-11-29 18:07:08,753 - INFO - 1赢了
2025-11-29 18:07:08,754 - INFO - 第3145局
2025-11-29 18:07:10,344 - INFO - 2赢了
2025-11-29 18:07:10,344 - INFO - 第3146局
2025-11-29 18:07:11,703 - INFO - 1赢了
2025-11-29 18:07:11,703 - INFO - 第3147局
2025-11-29 18:07:12,835 - INFO - 2赢了
2025-11-29 18:07:12,835 - INFO - 第3148局
2025-11-29 18:07:13,916 - INFO - 1赢了
2025-11-29 18:07:13,916 - INFO - 第3149局
2025-11-29 18:07:15,813 - INFO - 1赢了
2025-11-29 18:07:15,814 - INFO - 第3150局
2025-11-29 18:07:17,440 - INFO - 2赢了
2025-11-29 18:07:17,459 - INFO - Epoch: 0, Loss: 1.7889, Policy: 1.7781, Value: 0.0268
2025-11-29 18:07:18,045 - INFO - Epoch: 100, Loss: 1.8964, Policy: 1.8815, Value: 0.0374
2025-11-29 18:07:18,548 - INFO - Epoch: 200, Loss: 1.9253, Policy: 1.9082, Value: 0.0427
2025-11-29 18:07:19,049 - INFO - Epoch: 300, Loss: 1.8609, Policy: 1.8339, Value: 0.0674
2025-11-29 18:07:19,541 - INFO - Epoch: 400, Loss: 1.8217, Policy: 1.8058, Value: 0.0397
2025-11-29 18:07:20,056 - INFO - Epoch: 500, Loss: 1.9118, Policy: 1.8981, Value: 0.0344
2025-11-29 18:07:20,561 - INFO - Epoch: 600, Loss: 1.8859, Policy: 1.8720, Value: 0.0347
2025-11-29 18:07:21,066 - INFO - Epoch: 700, Loss: 1.8341, Policy: 1.8201, Value: 0.0350
2025-11-29 18:07:21,563 - INFO - Epoch: 800, Loss: 1.9270, Policy: 1.9062, Value: 0.0519
2025-11-29 18:07:22,059 - INFO - Epoch: 900, Loss: 1.9318, Policy: 1.9192, Value: 0.0316
2025-11-29 18:07:22,563 - INFO - Epoch: 1000, Loss: 1.9419, Policy: 1.9292, Value: 0.0318
2025-11-29 18:07:22,567 - INFO - 训练结束，最新模型已保存到 model.pth
2025-11-29 18:07:22,568 - INFO - 第3151局
2025-11-29 18:07:27,710 - INFO - 2赢了
2025-11-29 18:07:27,710 - INFO - 第3152局
2025-11-29 18:07:29,097 - INFO - 2赢了
2025-11-29 18:07:29,098 - INFO - 第3153局
2025-11-29 18:07:32,215 - INFO - 2赢了
2025-11-29 18:07:32,215 - INFO - 第3154局
2025-11-29 18:07:33,732 - INFO - 2赢了
2025-11-29 18:07:33,732 - INFO - 第3155局
2025-11-29 18:07:34,769 - INFO - 2赢了
2025-11-29 18:07:34,769 - INFO - 第3156局
2025-11-29 18:07:35,842 - INFO - 2赢了
2025-11-29 18:07:35,842 - INFO - 第3157局
2025-11-29 18:07:38,939 - INFO - 2赢了
2025-11-29 18:07:38,939 - INFO - 第3158局
2025-11-29 18:07:40,996 - INFO - 2赢了
2025-11-29 18:07:40,997 - INFO - 第3159局
2025-11-29 18:07:42,555 - INFO - 2赢了
2025-11-29 18:07:42,555 - INFO - 第3160局
2025-11-29 18:07:44,726 - INFO - 2赢了
2025-11-29 18:07:44,743 - INFO - Epoch: 0, Loss: 1.8769, Policy: 1.8647, Value: 0.0305
2025-11-29 18:07:45,344 - INFO - Epoch: 100, Loss: 1.9260, Policy: 1.9150, Value: 0.0275
2025-11-29 18:07:45,854 - INFO - Epoch: 200, Loss: 1.9128, Policy: 1.8969, Value: 0.0398
2025-11-29 18:07:46,355 - INFO - Epoch: 300, Loss: 1.6853, Policy: 1.6728, Value: 0.0312
2025-11-29 18:07:46,856 - INFO - Epoch: 400, Loss: 1.8785, Policy: 1.8659, Value: 0.0314
2025-11-29 18:07:47,351 - INFO - Epoch: 500, Loss: 1.8840, Policy: 1.8709, Value: 0.0327
2025-11-29 18:07:47,854 - INFO - Epoch: 600, Loss: 1.9586, Policy: 1.9381, Value: 0.0511
2025-11-29 18:07:48,362 - INFO - Epoch: 700, Loss: 1.9329, Policy: 1.9208, Value: 0.0304
2025-11-29 18:07:48,870 - INFO - Epoch: 800, Loss: 1.8006, Policy: 1.7858, Value: 0.0369
2025-11-29 18:07:49,372 - INFO - Epoch: 900, Loss: 1.7838, Policy: 1.7723, Value: 0.0288
2025-11-29 18:07:49,867 - INFO - Epoch: 1000, Loss: 1.8275, Policy: 1.8145, Value: 0.0325
2025-11-29 18:07:49,871 - INFO - 训练结束，最新模型已保存到 model.pth
2025-11-29 18:07:49,872 - INFO - 第3161局
2025-11-29 18:07:53,052 - INFO - 2赢了
2025-11-29 18:07:53,052 - INFO - 第3162局
2025-11-29 18:07:54,118 - INFO - 1赢了
2025-11-29 18:07:54,118 - INFO - 第3163局
2025-11-29 18:07:55,195 - INFO - 1赢了
2025-11-29 18:07:55,195 - INFO - 第3164局
2025-11-29 18:07:56,586 - INFO - 2赢了
2025-11-29 18:07:56,586 - INFO - 第3165局
2025-11-29 18:07:57,671 - INFO - 2赢了
2025-11-29 18:07:57,671 - INFO - 第3166局
2025-11-29 18:07:59,831 - INFO - 2赢了
2025-11-29 18:07:59,832 - INFO - 第3167局
2025-11-29 18:08:01,653 - INFO - 2赢了
2025-11-29 18:08:01,654 - INFO - 第3168局
2025-11-29 18:08:04,635 - INFO - 2赢了
2025-11-29 18:08:04,635 - INFO - 第3169局
2025-11-29 18:08:06,650 - INFO - 2赢了
2025-11-29 18:08:06,651 - INFO - 第3170局
2025-11-29 18:08:08,883 - INFO - 2赢了
2025-11-29 18:08:08,902 - INFO - Epoch: 0, Loss: 1.8385, Policy: 1.8238, Value: 0.0368
2025-11-29 18:08:09,535 - INFO - Epoch: 100, Loss: 1.7709, Policy: 1.7562, Value: 0.0368
2025-11-29 18:08:10,053 - INFO - Epoch: 200, Loss: 1.9401, Policy: 1.9309, Value: 0.0231
2025-11-29 18:08:10,574 - INFO - Epoch: 300, Loss: 1.9334, Policy: 1.9212, Value: 0.0307
2025-11-29 18:08:11,101 - INFO - Epoch: 400, Loss: 1.7898, Policy: 1.7734, Value: 0.0411
2025-11-29 18:08:13,074 - INFO - Epoch: 500, Loss: 1.8974, Policy: 1.8835, Value: 0.0346
2025-11-29 18:08:13,623 - INFO - Epoch: 600, Loss: 1.7621, Policy: 1.7525, Value: 0.0242
2025-11-29 18:08:14,182 - INFO - Epoch: 700, Loss: 1.8220, Policy: 1.8077, Value: 0.0358
2025-11-29 18:08:14,758 - INFO - Epoch: 800, Loss: 1.8981, Policy: 1.8772, Value: 0.0522
2025-11-29 18:08:15,362 - INFO - Epoch: 900, Loss: 1.9511, Policy: 1.9375, Value: 0.0339
2025-11-29 18:08:15,916 - INFO - Epoch: 1000, Loss: 1.9263, Policy: 1.9164, Value: 0.0246
2025-11-29 18:08:15,921 - INFO - 训练结束，最新模型已保存到 model.pth
2025-11-29 18:08:15,922 - INFO - 第3171局
2025-11-29 18:08:17,206 - INFO - 1赢了
2025-11-29 18:08:17,206 - INFO - 第3172局
2025-11-29 18:08:18,288 - INFO - 1赢了
2025-11-29 18:08:18,288 - INFO - 第3173局
2025-11-29 18:08:20,560 - INFO - 1赢了
2025-11-29 18:08:20,560 - INFO - 第3174局
2025-11-29 18:08:24,921 - INFO - 2赢了
2025-11-29 18:08:24,921 - INFO - 第3175局
2025-11-29 18:08:26,031 - INFO - 1赢了
2025-11-29 18:08:26,031 - INFO - 第3176局
2025-11-29 18:08:27,422 - INFO - 1赢了
2025-11-29 18:08:27,422 - INFO - 第3177局
2025-11-29 18:08:28,515 - INFO - 1赢了
2025-11-29 18:08:28,515 - INFO - 第3178局
2025-11-29 18:08:29,769 - INFO - 1赢了
2025-11-29 18:08:29,769 - INFO - 第3179局
2025-11-29 18:08:30,707 - INFO - 1赢了
2025-11-29 18:08:30,707 - INFO - 第3180局
2025-11-29 18:08:32,328 - INFO - 2赢了
2025-11-29 18:08:32,345 - INFO - Epoch: 0, Loss: 1.8795, Policy: 1.8658, Value: 0.0343
2025-11-29 18:08:32,928 - INFO - Epoch: 100, Loss: 1.9086, Policy: 1.8923, Value: 0.0406
2025-11-29 18:08:33,431 - INFO - Epoch: 200, Loss: 1.7810, Policy: 1.7651, Value: 0.0399
2025-11-29 18:08:33,920 - INFO - Epoch: 300, Loss: 1.9262, Policy: 1.9159, Value: 0.0259
2025-11-29 18:08:34,404 - INFO - Epoch: 400, Loss: 1.9989, Policy: 1.9826, Value: 0.0408
2025-11-29 18:08:34,918 - INFO - Epoch: 500, Loss: 2.0531, Policy: 2.0272, Value: 0.0649
2025-11-29 18:08:35,432 - INFO - Epoch: 600, Loss: 1.8735, Policy: 1.8658, Value: 0.0193
2025-11-29 18:08:35,948 - INFO - Epoch: 700, Loss: 1.8038, Policy: 1.7912, Value: 0.0316
2025-11-29 18:08:36,476 - INFO - Epoch: 800, Loss: 1.7791, Policy: 1.7661, Value: 0.0325
2025-11-29 18:08:36,999 - INFO - Epoch: 900, Loss: 1.9292, Policy: 1.9175, Value: 0.0294
2025-11-29 18:08:37,517 - INFO - Epoch: 1000, Loss: 1.8392, Policy: 1.8292, Value: 0.0251
2025-11-29 18:08:37,521 - INFO - 训练结束，最新模型已保存到 model.pth
2025-11-29 18:08:37,522 - INFO - 第3181局
2025-11-29 18:08:39,978 - INFO - 2赢了
2025-11-29 18:08:39,978 - INFO - 第3182局
2025-11-29 18:08:41,199 - INFO - 2赢了
2025-11-29 18:08:41,199 - INFO - 第3183局
2025-11-29 18:08:43,309 - INFO - 2赢了
2025-11-29 18:08:43,309 - INFO - 第3184局
2025-11-29 18:08:47,459 - INFO - 1赢了
2025-11-29 18:08:47,459 - INFO - 第3185局
2025-11-29 18:08:49,133 - INFO - 2赢了
2025-11-29 18:08:49,133 - INFO - 第3186局
2025-11-29 18:08:52,511 - INFO - 1赢了
2025-11-29 18:08:52,511 - INFO - 第3187局
2025-11-29 18:08:54,227 - INFO - 2赢了
2025-11-29 18:08:54,227 - INFO - 第3188局
2025-11-29 18:08:57,074 - INFO - 2赢了
2025-11-29 18:08:57,074 - INFO - 第3189局
2025-11-29 18:09:03,752 - INFO - 1赢了
2025-11-29 18:09:03,752 - INFO - 第3190局
2025-11-29 18:09:04,940 - INFO - 2赢了
2025-11-29 18:09:04,959 - INFO - Epoch: 0, Loss: 1.9615, Policy: 1.9465, Value: 0.0375
2025-11-29 18:09:05,553 - INFO - Epoch: 100, Loss: 1.7134, Policy: 1.6996, Value: 0.0346
2025-11-29 18:09:06,048 - INFO - Epoch: 200, Loss: 1.7966, Policy: 1.7792, Value: 0.0436
2025-11-29 18:09:06,555 - INFO - Epoch: 300, Loss: 1.7032, Policy: 1.6888, Value: 0.0361
2025-11-29 18:09:07,048 - INFO - Epoch: 400, Loss: 1.7308, Policy: 1.7055, Value: 0.0632
2025-11-29 18:09:07,538 - INFO - Epoch: 500, Loss: 1.9531, Policy: 1.9377, Value: 0.0386
2025-11-29 18:09:08,045 - INFO - Epoch: 600, Loss: 1.9571, Policy: 1.9399, Value: 0.0430
2025-11-29 18:09:08,550 - INFO - Epoch: 700, Loss: 1.8586, Policy: 1.8438, Value: 0.0371
2025-11-29 18:09:09,069 - INFO - Epoch: 800, Loss: 1.8848, Policy: 1.8739, Value: 0.0274
2025-11-29 18:09:09,568 - INFO - Epoch: 900, Loss: 1.8746, Policy: 1.8623, Value: 0.0309
2025-11-29 18:09:10,069 - INFO - Epoch: 1000, Loss: 1.8557, Policy: 1.8352, Value: 0.0513
2025-11-29 18:09:10,072 - INFO - 训练结束，最新模型已保存到 model.pth
2025-11-29 18:09:10,073 - INFO - 第3191局
2025-11-29 18:09:11,246 - INFO - 1赢了
2025-11-29 18:09:11,247 - INFO - 第3192局
2025-11-29 18:09:13,821 - INFO - 2赢了
2025-11-29 18:09:13,821 - INFO - 第3193局
2025-11-29 18:09:14,549 - INFO - 2赢了
2025-11-29 18:09:14,549 - INFO - 第3194局
2025-11-29 18:09:16,431 - INFO - 2赢了
2025-11-29 18:09:16,431 - INFO - 第3195局
2025-11-29 18:09:18,786 - INFO - 2赢了
2025-11-29 18:09:18,787 - INFO - 第3196局
2025-11-29 18:09:22,759 - INFO - 2赢了
2025-11-29 18:09:22,759 - INFO - 第3197局
2025-11-29 18:09:27,859 - INFO - 2赢了
2025-11-29 18:09:27,859 - INFO - 第3198局
2025-11-29 18:09:29,045 - INFO - 1赢了
2025-11-29 18:09:29,045 - INFO - 第3199局
2025-11-29 18:09:30,064 - INFO - 2赢了
2025-11-29 18:09:30,064 - INFO - 第3200局
2025-11-29 18:09:31,629 - INFO - 2赢了
2025-11-29 18:09:31,646 - INFO - Epoch: 0, Loss: 1.9626, Policy: 1.9470, Value: 0.0390
2025-11-29 18:09:32,252 - INFO - Epoch: 100, Loss: 1.8775, Policy: 1.8610, Value: 0.0412
2025-11-29 18:09:32,744 - INFO - Epoch: 200, Loss: 1.9362, Policy: 1.9145, Value: 0.0542
2025-11-29 18:09:33,256 - INFO - Epoch: 300, Loss: 1.9243, Policy: 1.9109, Value: 0.0335
2025-11-29 18:09:33,759 - INFO - Epoch: 400, Loss: 1.9187, Policy: 1.9017, Value: 0.0424
2025-11-29 18:09:34,257 - INFO - Epoch: 500, Loss: 1.9601, Policy: 1.9465, Value: 0.0340
2025-11-29 18:09:34,757 - INFO - Epoch: 600, Loss: 1.8841, Policy: 1.8704, Value: 0.0341
2025-11-29 18:09:35,252 - INFO - Epoch: 700, Loss: 1.8754, Policy: 1.8609, Value: 0.0361
2025-11-29 18:09:35,736 - INFO - Epoch: 800, Loss: 1.9341, Policy: 1.9194, Value: 0.0365
2025-11-29 18:09:36,221 - INFO - Epoch: 900, Loss: 1.7595, Policy: 1.7483, Value: 0.0279
2025-11-29 18:09:36,719 - INFO - Epoch: 1000, Loss: 1.8075, Policy: 1.7979, Value: 0.0240
2025-11-29 18:09:36,723 - INFO - 训练结束，最新模型已保存到 model.pth
2025-11-29 18:09:36,725 - INFO - 第3201局
2025-11-29 18:09:37,706 - INFO - 2赢了
2025-11-29 18:09:37,706 - INFO - 第3202局
2025-11-29 18:09:41,434 - INFO - 2赢了
2025-11-29 18:09:41,434 - INFO - 第3203局
2025-11-29 18:09:42,718 - INFO - 2赢了
2025-11-29 18:09:42,719 - INFO - 第3204局
2025-11-29 18:09:44,010 - INFO - 1赢了
2025-11-29 18:09:44,010 - INFO - 第3205局
2025-11-29 18:09:45,201 - INFO - 2赢了
2025-11-29 18:09:45,201 - INFO - 第3206局
2025-11-29 18:09:47,934 - INFO - 1赢了
2025-11-29 18:09:47,935 - INFO - 第3207局
2025-11-29 18:09:49,282 - INFO - 2赢了
2025-11-29 18:09:49,282 - INFO - 第3208局
2025-11-29 18:09:50,940 - INFO - 2赢了
2025-11-29 18:09:50,940 - INFO - 第3209局
2025-11-29 18:09:51,922 - INFO - 2赢了
2025-11-29 18:09:51,922 - INFO - 第3210局
2025-11-29 18:09:54,896 - INFO - 1赢了
2025-11-29 18:09:54,916 - INFO - Epoch: 0, Loss: 1.8788, Policy: 1.8652, Value: 0.0342
2025-11-29 18:09:55,532 - INFO - Epoch: 100, Loss: 1.8746, Policy: 1.8611, Value: 0.0336
2025-11-29 18:09:56,082 - INFO - Epoch: 200, Loss: 1.8626, Policy: 1.8502, Value: 0.0310
2025-11-29 18:09:56,604 - INFO - Epoch: 300, Loss: 1.7544, Policy: 1.7424, Value: 0.0299
2025-11-29 18:09:57,137 - INFO - Epoch: 400, Loss: 1.9103, Policy: 1.8968, Value: 0.0337
2025-11-29 18:09:57,677 - INFO - Epoch: 500, Loss: 1.8494, Policy: 1.8357, Value: 0.0343
2025-11-29 18:09:58,217 - INFO - Epoch: 600, Loss: 1.7547, Policy: 1.7418, Value: 0.0321
2025-11-29 18:09:58,738 - INFO - Epoch: 700, Loss: 2.0696, Policy: 2.0569, Value: 0.0319
2025-11-29 18:09:59,253 - INFO - Epoch: 800, Loss: 1.7987, Policy: 1.7760, Value: 0.0569
2025-11-29 18:09:59,767 - INFO - Epoch: 900, Loss: 1.7932, Policy: 1.7792, Value: 0.0351
2025-11-29 18:10:00,282 - INFO - Epoch: 1000, Loss: 2.0206, Policy: 2.0042, Value: 0.0410
2025-11-29 18:10:00,286 - INFO - 训练结束，最新模型已保存到 model.pth
2025-11-29 18:10:00,287 - INFO - 第3211局
2025-11-29 18:10:01,412 - INFO - 2赢了
2025-11-29 18:10:01,412 - INFO - 第3212局
2025-11-29 18:10:02,596 - INFO - 1赢了
2025-11-29 18:10:02,596 - INFO - 第3213局
2025-11-29 18:10:03,812 - INFO - 2赢了
2025-11-29 18:10:03,812 - INFO - 第3214局
2025-11-29 18:10:05,054 - INFO - 2赢了
2025-11-29 18:10:05,054 - INFO - 第3215局
2025-11-29 18:10:06,032 - INFO - 2赢了
2025-11-29 18:10:06,032 - INFO - 第3216局
2025-11-29 18:10:06,887 - INFO - 2赢了
2025-11-29 18:10:06,887 - INFO - 第3217局
2025-11-29 18:10:08,620 - INFO - 2赢了
2025-11-29 18:10:08,620 - INFO - 第3218局
2025-11-29 18:10:09,857 - INFO - 2赢了
2025-11-29 18:10:09,857 - INFO - 第3219局
2025-11-29 18:10:11,613 - INFO - 2赢了
2025-11-29 18:10:11,613 - INFO - 第3220局
2025-11-29 18:10:13,197 - INFO - 1赢了
2025-11-29 18:10:13,210 - INFO - Epoch: 0, Loss: 1.7977, Policy: 1.7859, Value: 0.0294
2025-11-29 18:10:13,834 - INFO - Epoch: 100, Loss: 1.8284, Policy: 1.8143, Value: 0.0354
2025-11-29 18:10:14,390 - INFO - Epoch: 200, Loss: 1.7599, Policy: 1.7408, Value: 0.0478
2025-11-29 18:10:14,938 - INFO - Epoch: 300, Loss: 1.8250, Policy: 1.8095, Value: 0.0386
2025-11-29 18:10:15,503 - INFO - Epoch: 400, Loss: 1.7881, Policy: 1.7753, Value: 0.0320
2025-11-29 18:10:16,087 - INFO - Epoch: 500, Loss: 1.8424, Policy: 1.8280, Value: 0.0360
2025-11-29 18:10:16,684 - INFO - Epoch: 600, Loss: 1.9279, Policy: 1.9137, Value: 0.0354
2025-11-29 18:10:17,265 - INFO - Epoch: 700, Loss: 1.8703, Policy: 1.8578, Value: 0.0314
2025-11-29 18:10:17,841 - INFO - Epoch: 800, Loss: 1.7249, Policy: 1.7149, Value: 0.0251
2025-11-29 18:10:18,429 - INFO - Epoch: 900, Loss: 1.8017, Policy: 1.7923, Value: 0.0237
2025-11-29 18:10:19,030 - INFO - Epoch: 1000, Loss: 1.8429, Policy: 1.8296, Value: 0.0333
2025-11-29 18:10:19,034 - INFO - 训练结束，最新模型已保存到 model.pth
2025-11-29 18:10:19,035 - INFO - 第3221局
2025-11-29 18:10:20,694 - INFO - 2赢了
2025-11-29 18:10:20,694 - INFO - 第3222局
2025-11-29 18:10:22,270 - INFO - 1赢了
2025-11-29 18:10:22,270 - INFO - 第3223局
2025-11-29 18:10:23,528 - INFO - 1赢了
2025-11-29 18:10:23,528 - INFO - 第3224局
2025-11-29 18:10:25,050 - INFO - 2赢了
2025-11-29 18:10:25,050 - INFO - 第3225局
2025-11-29 18:10:26,907 - INFO - 2赢了
2025-11-29 18:10:26,907 - INFO - 第3226局
2025-11-29 18:10:31,603 - INFO - 2赢了
2025-11-29 18:10:31,604 - INFO - 第3227局
2025-11-29 18:10:33,914 - INFO - 2赢了
2025-11-29 18:10:33,914 - INFO - 第3228局
2025-11-29 18:10:35,575 - INFO - 2赢了
2025-11-29 18:10:35,575 - INFO - 第3229局
2025-11-29 18:10:37,855 - INFO - 2赢了
2025-11-29 18:10:37,856 - INFO - 第3230局
2025-11-29 18:10:41,670 - INFO - 2赢了
2025-11-29 18:10:41,690 - INFO - Epoch: 0, Loss: 1.8234, Policy: 1.8076, Value: 0.0395
2025-11-29 18:10:42,322 - INFO - Epoch: 100, Loss: 1.9146, Policy: 1.8995, Value: 0.0378
2025-11-29 18:10:42,816 - INFO - Epoch: 200, Loss: 1.9345, Policy: 1.9205, Value: 0.0349
2025-11-29 18:10:43,316 - INFO - Epoch: 300, Loss: 1.9382, Policy: 1.9219, Value: 0.0406
2025-11-29 18:10:43,808 - INFO - Epoch: 400, Loss: 1.9454, Policy: 1.9270, Value: 0.0461
2025-11-29 18:10:44,329 - INFO - Epoch: 500, Loss: 1.8369, Policy: 1.8252, Value: 0.0293
2025-11-29 18:10:44,819 - INFO - Epoch: 600, Loss: 1.7976, Policy: 1.7663, Value: 0.0782
2025-11-29 18:10:45,321 - INFO - Epoch: 700, Loss: 1.8425, Policy: 1.8267, Value: 0.0396
2025-11-29 18:10:45,823 - INFO - Epoch: 800, Loss: 1.7022, Policy: 1.6887, Value: 0.0337
2025-11-29 18:10:46,315 - INFO - Epoch: 900, Loss: 2.0316, Policy: 2.0123, Value: 0.0482
2025-11-29 18:10:46,826 - INFO - Epoch: 1000, Loss: 1.8485, Policy: 1.8390, Value: 0.0237
2025-11-29 18:10:46,830 - INFO - 训练结束，最新模型已保存到 model.pth
2025-11-29 18:10:46,831 - INFO - 第3231局
2025-11-29 18:10:47,851 - INFO - 2赢了
2025-11-29 18:10:47,851 - INFO - 第3232局
2025-11-29 18:10:49,223 - INFO - 2赢了
2025-11-29 18:10:49,223 - INFO - 第3233局
2025-11-29 18:10:50,187 - INFO - 2赢了
2025-11-29 18:10:50,187 - INFO - 第3234局
2025-11-29 18:10:51,460 - INFO - 1赢了
2025-11-29 18:10:51,460 - INFO - 第3235局
2025-11-29 18:10:53,693 - INFO - 1赢了
2025-11-29 18:10:53,693 - INFO - 第3236局
2025-11-29 18:10:55,114 - INFO - 1赢了
2025-11-29 18:10:55,115 - INFO - 第3237局
2025-11-29 18:10:58,182 - INFO - 2赢了
2025-11-29 18:10:58,182 - INFO - 第3238局
2025-11-29 18:10:59,892 - INFO - 2赢了
2025-11-29 18:10:59,893 - INFO - 第3239局
2025-11-29 18:11:04,161 - INFO - 1赢了
2025-11-29 18:11:04,161 - INFO - 第3240局
2025-11-29 18:11:05,576 - INFO - 1赢了
2025-11-29 18:11:05,596 - INFO - Epoch: 0, Loss: 1.8569, Policy: 1.8477, Value: 0.0230
2025-11-29 18:11:06,203 - INFO - Epoch: 100, Loss: 1.8153, Policy: 1.8026, Value: 0.0317
2025-11-29 18:11:06,769 - INFO - Epoch: 200, Loss: 1.7994, Policy: 1.7896, Value: 0.0244
2025-11-29 18:11:07,319 - INFO - Epoch: 300, Loss: 1.7917, Policy: 1.7649, Value: 0.0670
2025-11-29 18:11:07,837 - INFO - Epoch: 400, Loss: 1.7093, Policy: 1.6953, Value: 0.0349
2025-11-29 18:11:08,352 - INFO - Epoch: 500, Loss: 1.8208, Policy: 1.8074, Value: 0.0336
2025-11-29 18:11:08,866 - INFO - Epoch: 600, Loss: 1.7738, Policy: 1.7557, Value: 0.0453
2025-11-29 18:11:09,402 - INFO - Epoch: 700, Loss: 1.8602, Policy: 1.8444, Value: 0.0395
2025-11-29 18:11:09,968 - INFO - Epoch: 800, Loss: 1.8713, Policy: 1.8591, Value: 0.0305
2025-11-29 18:11:10,516 - INFO - Epoch: 900, Loss: 1.9009, Policy: 1.8905, Value: 0.0262
2025-11-29 18:11:11,080 - INFO - Epoch: 1000, Loss: 1.7982, Policy: 1.7866, Value: 0.0291
2025-11-29 18:11:11,084 - INFO - 训练结束，最新模型已保存到 model.pth
2025-11-29 18:11:11,084 - INFO - 第3241局
2025-11-29 18:11:12,108 - INFO - 2赢了
2025-11-29 18:11:12,108 - INFO - 第3242局
2025-11-29 18:11:13,180 - INFO - 2赢了
2025-11-29 18:11:13,180 - INFO - 第3243局
2025-11-29 18:11:14,555 - INFO - 1赢了
2025-11-29 18:11:14,555 - INFO - 第3244局
2025-11-29 18:11:16,266 - INFO - 1赢了
2025-11-29 18:11:16,266 - INFO - 第3245局
2025-11-29 18:11:20,723 - INFO - 2赢了
2025-11-29 18:11:20,724 - INFO - 第3246局
2025-11-29 18:11:22,152 - INFO - 2赢了
2025-11-29 18:11:22,152 - INFO - 第3247局
2025-11-29 18:11:23,337 - INFO - 2赢了
2025-11-29 18:11:23,338 - INFO - 第3248局
2025-11-29 18:11:24,844 - INFO - 2赢了
2025-11-29 18:11:24,844 - INFO - 第3249局
2025-11-29 18:11:26,452 - INFO - 2赢了
2025-11-29 18:11:26,452 - INFO - 第3250局
2025-11-29 18:11:30,031 - INFO - 2赢了
2025-11-29 18:11:30,049 - INFO - Epoch: 0, Loss: 1.7543, Policy: 1.7445, Value: 0.0244
2025-11-29 18:11:30,665 - INFO - Epoch: 100, Loss: 1.8502, Policy: 1.8359, Value: 0.0358
2025-11-29 18:11:31,245 - INFO - Epoch: 200, Loss: 1.8399, Policy: 1.8274, Value: 0.0312
2025-11-29 18:11:31,825 - INFO - Epoch: 300, Loss: 1.8039, Policy: 1.7848, Value: 0.0477
2025-11-29 18:11:32,412 - INFO - Epoch: 400, Loss: 1.9003, Policy: 1.8862, Value: 0.0351
2025-11-29 18:11:32,992 - INFO - Epoch: 500, Loss: 1.9940, Policy: 1.9798, Value: 0.0353
2025-11-29 18:11:33,576 - INFO - Epoch: 600, Loss: 1.9071, Policy: 1.8911, Value: 0.0400
2025-11-29 18:11:34,167 - INFO - Epoch: 700, Loss: 1.7981, Policy: 1.7850, Value: 0.0328
2025-11-29 18:11:34,744 - INFO - Epoch: 800, Loss: 1.9101, Policy: 1.8988, Value: 0.0284
2025-11-29 18:11:36,911 - INFO - Epoch: 900, Loss: 1.7756, Policy: 1.7634, Value: 0.0305
2025-11-29 18:11:37,456 - INFO - Epoch: 1000, Loss: 1.8107, Policy: 1.7997, Value: 0.0274
2025-11-29 18:11:37,460 - INFO - 训练结束，最新模型已保存到 model.pth
2025-11-29 18:11:37,460 - INFO - 第3251局
2025-11-29 18:11:38,644 - INFO - 2赢了
2025-11-29 18:11:38,645 - INFO - 第3252局
2025-11-29 18:11:40,574 - INFO - 1赢了
2025-11-29 18:11:40,574 - INFO - 第3253局
2025-11-29 18:11:42,851 - INFO - 2赢了
2025-11-29 18:11:42,851 - INFO - 第3254局
2025-11-29 18:11:43,830 - INFO - 2赢了
2025-11-29 18:11:43,830 - INFO - 第3255局
2025-11-29 18:11:46,095 - INFO - 2赢了
2025-11-29 18:11:46,096 - INFO - 第3256局
2025-11-29 18:11:46,989 - INFO - 2赢了
2025-11-29 18:11:46,989 - INFO - 第3257局
2025-11-29 18:12:09,390 - INFO - 1赢了
2025-11-29 18:12:09,390 - INFO - 第3258局
2025-11-29 18:12:11,013 - INFO - 2赢了
2025-11-29 18:12:11,013 - INFO - 第3259局
2025-11-29 18:12:12,571 - INFO - 1赢了
2025-11-29 18:12:12,571 - INFO - 第3260局
2025-11-29 18:12:14,854 - INFO - 2赢了
2025-11-29 18:12:14,874 - INFO - Epoch: 0, Loss: 1.8558, Policy: 1.8366, Value: 0.0479
2025-11-29 18:12:15,490 - INFO - Epoch: 100, Loss: 1.8538, Policy: 1.8415, Value: 0.0309
2025-11-29 18:12:16,029 - INFO - Epoch: 200, Loss: 1.7573, Policy: 1.7466, Value: 0.0268
2025-11-29 18:12:16,565 - INFO - Epoch: 300, Loss: 1.9001, Policy: 1.8861, Value: 0.0349
2025-11-29 18:12:17,099 - INFO - Epoch: 400, Loss: 2.0219, Policy: 2.0041, Value: 0.0445
2025-11-29 18:12:17,654 - INFO - Epoch: 500, Loss: 1.9589, Policy: 1.9461, Value: 0.0320
2025-11-29 18:12:18,200 - INFO - Epoch: 600, Loss: 1.8050, Policy: 1.7881, Value: 0.0423
2025-11-29 18:12:18,761 - INFO - Epoch: 700, Loss: 1.8898, Policy: 1.8709, Value: 0.0472
2025-11-29 18:12:19,283 - INFO - Epoch: 800, Loss: 1.8565, Policy: 1.8413, Value: 0.0379
2025-11-29 18:12:19,799 - INFO - Epoch: 900, Loss: 1.8514, Policy: 1.8384, Value: 0.0326
2025-11-29 18:12:20,331 - INFO - Epoch: 1000, Loss: 1.9074, Policy: 1.8924, Value: 0.0374
2025-11-29 18:12:20,335 - INFO - 训练结束，最新模型已保存到 model.pth
2025-11-29 18:12:20,336 - INFO - 第3261局
2025-11-29 18:12:22,363 - INFO - 2赢了
2025-11-29 18:12:22,363 - INFO - 第3262局
2025-11-29 18:12:26,640 - INFO - 2赢了
2025-11-29 18:12:26,640 - INFO - 第3263局
2025-11-29 18:12:28,712 - INFO - 2赢了
2025-11-29 18:12:28,712 - INFO - 第3264局
2025-11-29 18:12:29,863 - INFO - 1赢了
2025-11-29 18:12:29,863 - INFO - 第3265局
2025-11-29 18:12:31,513 - INFO - 2赢了
2025-11-29 18:12:31,513 - INFO - 第3266局
2025-11-29 18:12:35,159 - INFO - 2赢了
2025-11-29 18:12:35,159 - INFO - 第3267局
2025-11-29 18:12:36,609 - INFO - 1赢了
2025-11-29 18:12:36,609 - INFO - 第3268局
2025-11-29 18:12:37,791 - INFO - 1赢了
2025-11-29 18:12:37,791 - INFO - 第3269局
2025-11-29 18:12:40,092 - INFO - 2赢了
2025-11-29 18:12:40,092 - INFO - 第3270局
2025-11-29 18:12:41,289 - INFO - 1赢了
2025-11-29 18:12:41,308 - INFO - Epoch: 0, Loss: 1.9070, Policy: 1.8873, Value: 0.0495
2025-11-29 18:12:41,895 - INFO - Epoch: 100, Loss: 1.8641, Policy: 1.8413, Value: 0.0569
2025-11-29 18:12:42,385 - INFO - Epoch: 200, Loss: 1.8491, Policy: 1.8351, Value: 0.0350
2025-11-29 18:12:42,891 - INFO - Epoch: 300, Loss: 1.8871, Policy: 1.8770, Value: 0.0253
2025-11-29 18:12:43,405 - INFO - Epoch: 400, Loss: 1.9341, Policy: 1.9178, Value: 0.0407
2025-11-29 18:12:43,931 - INFO - Epoch: 500, Loss: 1.8985, Policy: 1.8815, Value: 0.0426
2025-11-29 18:12:44,487 - INFO - Epoch: 600, Loss: 1.7775, Policy: 1.7620, Value: 0.0389
2025-11-29 18:12:45,030 - INFO - Epoch: 700, Loss: 1.8263, Policy: 1.8002, Value: 0.0653
2025-11-29 18:12:45,541 - INFO - Epoch: 800, Loss: 1.9100, Policy: 1.8968, Value: 0.0329
2025-11-29 18:12:46,099 - INFO - Epoch: 900, Loss: 1.9686, Policy: 1.9505, Value: 0.0452
2025-11-29 18:12:46,619 - INFO - Epoch: 1000, Loss: 1.9765, Policy: 1.9590, Value: 0.0437
2025-11-29 18:12:46,623 - INFO - 训练结束，最新模型已保存到 model.pth
2025-11-29 18:12:46,624 - INFO - 第3271局
2025-11-29 18:12:48,669 - INFO - 1赢了
2025-11-29 18:12:48,669 - INFO - 第3272局
2025-11-29 18:12:49,710 - INFO - 1赢了
2025-11-29 18:12:49,710 - INFO - 第3273局
2025-11-29 18:12:52,753 - INFO - 1赢了
2025-11-29 18:12:52,753 - INFO - 第3274局
2025-11-29 18:12:53,769 - INFO - 2赢了
2025-11-29 18:12:53,769 - INFO - 第3275局
2025-11-29 18:12:55,242 - INFO - 1赢了
2025-11-29 18:12:55,242 - INFO - 第3276局
2025-11-29 18:12:56,658 - INFO - 1赢了
2025-11-29 18:12:56,658 - INFO - 第3277局
2025-11-29 18:12:57,819 - INFO - 2赢了
2025-11-29 18:12:57,819 - INFO - 第3278局
2025-11-29 18:13:03,230 - INFO - 2赢了
2025-11-29 18:13:03,230 - INFO - 第3279局
2025-11-29 18:13:05,289 - INFO - 2赢了
2025-11-29 18:13:05,289 - INFO - 第3280局
2025-11-29 18:13:06,940 - INFO - 2赢了
2025-11-29 18:13:06,955 - INFO - Epoch: 0, Loss: 1.9124, Policy: 1.8984, Value: 0.0350
2025-11-29 18:13:07,526 - INFO - Epoch: 100, Loss: 1.9083, Policy: 1.8981, Value: 0.0255
2025-11-29 18:13:08,022 - INFO - Epoch: 200, Loss: 1.9340, Policy: 1.9155, Value: 0.0463
2025-11-29 18:13:08,498 - INFO - Epoch: 300, Loss: 1.8864, Policy: 1.8690, Value: 0.0435
2025-11-29 18:13:08,991 - INFO - Epoch: 400, Loss: 1.9252, Policy: 1.9175, Value: 0.0193
2025-11-29 18:13:09,511 - INFO - Epoch: 500, Loss: 1.7849, Policy: 1.7586, Value: 0.0658
2025-11-29 18:13:10,000 - INFO - Epoch: 600, Loss: 2.0188, Policy: 2.0040, Value: 0.0369
2025-11-29 18:13:10,534 - INFO - Epoch: 700, Loss: 1.9035, Policy: 1.8899, Value: 0.0342
2025-11-29 18:13:11,026 - INFO - Epoch: 800, Loss: 1.8149, Policy: 1.8070, Value: 0.0198
2025-11-29 18:13:11,515 - INFO - Epoch: 900, Loss: 1.8773, Policy: 1.8651, Value: 0.0304
2025-11-29 18:13:12,008 - INFO - Epoch: 1000, Loss: 1.9212, Policy: 1.9093, Value: 0.0299
2025-11-29 18:13:12,011 - INFO - 训练结束，最新模型已保存到 model.pth
2025-11-29 18:13:12,012 - INFO - 第3281局
2025-11-29 18:13:13,286 - INFO - 2赢了
2025-11-29 18:13:13,286 - INFO - 第3282局
2025-11-29 18:13:14,782 - INFO - 1赢了
2025-11-29 18:13:14,782 - INFO - 第3283局
2025-11-29 18:13:15,978 - INFO - 2赢了
2025-11-29 18:13:15,979 - INFO - 第3284局
2025-11-29 18:13:17,321 - INFO - 1赢了
2025-11-29 18:13:17,321 - INFO - 第3285局
2025-11-29 18:13:19,205 - INFO - 1赢了
2025-11-29 18:13:19,205 - INFO - 第3286局
2025-11-29 18:13:21,442 - INFO - 2赢了
2025-11-29 18:13:21,442 - INFO - 第3287局
2025-11-29 18:13:23,486 - INFO - 1赢了
2025-11-29 18:13:23,487 - INFO - 第3288局
2025-11-29 18:13:24,488 - INFO - 2赢了
2025-11-29 18:13:24,488 - INFO - 第3289局
2025-11-29 18:13:25,575 - INFO - 1赢了
2025-11-29 18:13:25,575 - INFO - 第3290局
2025-11-29 18:13:26,863 - INFO - 2赢了
2025-11-29 18:13:26,877 - INFO - Epoch: 0, Loss: 1.8743, Policy: 1.8637, Value: 0.0263
2025-11-29 18:13:27,444 - INFO - Epoch: 100, Loss: 1.9902, Policy: 1.9787, Value: 0.0288
2025-11-29 18:13:27,940 - INFO - Epoch: 200, Loss: 1.8920, Policy: 1.8815, Value: 0.0261
2025-11-29 18:13:28,434 - INFO - Epoch: 300, Loss: 1.8734, Policy: 1.8638, Value: 0.0239
2025-11-29 18:13:28,960 - INFO - Epoch: 400, Loss: 1.9471, Policy: 1.9311, Value: 0.0400
2025-11-29 18:13:29,451 - INFO - Epoch: 500, Loss: 1.8974, Policy: 1.8867, Value: 0.0268
2025-11-29 18:13:29,950 - INFO - Epoch: 600, Loss: 1.7458, Policy: 1.7362, Value: 0.0238
2025-11-29 18:13:30,454 - INFO - Epoch: 700, Loss: 1.7907, Policy: 1.7719, Value: 0.0471
2025-11-29 18:13:30,969 - INFO - Epoch: 800, Loss: 1.8784, Policy: 1.8656, Value: 0.0320
2025-11-29 18:13:31,486 - INFO - Epoch: 900, Loss: 1.7940, Policy: 1.7783, Value: 0.0393
2025-11-29 18:13:31,990 - INFO - Epoch: 1000, Loss: 1.9473, Policy: 1.9362, Value: 0.0277
2025-11-29 18:13:31,994 - INFO - 训练结束，最新模型已保存到 model.pth
2025-11-29 18:13:31,995 - INFO - 第3291局
2025-11-29 18:13:35,392 - INFO - 2赢了
2025-11-29 18:13:35,392 - INFO - 第3292局
2025-11-29 18:13:36,721 - INFO - 2赢了
2025-11-29 18:13:36,721 - INFO - 第3293局
2025-11-29 18:13:38,046 - INFO - 1赢了
2025-11-29 18:13:38,046 - INFO - 第3294局
2025-11-29 18:13:40,058 - INFO - 2赢了
2025-11-29 18:13:40,058 - INFO - 第3295局
2025-11-29 18:13:40,949 - INFO - 2赢了
2025-11-29 18:13:40,949 - INFO - 第3296局
2025-11-29 18:13:42,323 - INFO - 2赢了
2025-11-29 18:13:42,323 - INFO - 第3297局
2025-11-29 18:13:43,561 - INFO - 1赢了
2025-11-29 18:13:43,561 - INFO - 第3298局
2025-11-29 18:13:45,168 - INFO - 2赢了
2025-11-29 18:13:45,168 - INFO - 第3299局
2025-11-29 18:13:47,310 - INFO - 1赢了
2025-11-29 18:13:47,310 - INFO - 第3300局
2025-11-29 18:13:48,385 - INFO - 2赢了
2025-11-29 18:13:48,401 - INFO - Epoch: 0, Loss: 1.8904, Policy: 1.8768, Value: 0.0341
2025-11-29 18:13:48,972 - INFO - Epoch: 100, Loss: 1.9572, Policy: 1.9440, Value: 0.0332
2025-11-29 18:13:49,472 - INFO - Epoch: 200, Loss: 1.8557, Policy: 1.8394, Value: 0.0407
2025-11-29 18:13:49,970 - INFO - Epoch: 300, Loss: 1.8341, Policy: 1.8200, Value: 0.0353
2025-11-29 18:13:50,488 - INFO - Epoch: 400, Loss: 1.8421, Policy: 1.8266, Value: 0.0388
2025-11-29 18:13:50,995 - INFO - Epoch: 500, Loss: 1.9479, Policy: 1.9327, Value: 0.0380
2025-11-29 18:13:51,493 - INFO - Epoch: 600, Loss: 1.8858, Policy: 1.8740, Value: 0.0295
2025-11-29 18:13:51,992 - INFO - Epoch: 700, Loss: 1.9334, Policy: 1.9192, Value: 0.0354
2025-11-29 18:13:52,499 - INFO - Epoch: 800, Loss: 1.7771, Policy: 1.7674, Value: 0.0242
2025-11-29 18:13:53,028 - INFO - Epoch: 900, Loss: 1.8507, Policy: 1.8365, Value: 0.0354
2025-11-29 18:13:53,533 - INFO - Epoch: 1000, Loss: 1.9915, Policy: 1.9744, Value: 0.0427
2025-11-29 18:13:53,536 - INFO - 训练结束，最新模型已保存到 model.pth
2025-11-29 18:13:53,538 - INFO - 保存模型快照: /home/ktfine/IAteamwork/AlphaZero_Five/models/model_game_3300.pth
2025-11-29 18:13:53,538 - INFO - 缓存区数据量: 30238
2025-11-29 18:13:56,147 - INFO - 第3301局
2025-11-29 18:13:57,346 - INFO - 2赢了
2025-11-29 18:13:57,346 - INFO - 第3302局
2025-11-29 18:13:59,698 - INFO - 1赢了
2025-11-29 18:13:59,698 - INFO - 第3303局
2025-11-29 18:14:01,299 - INFO - 2赢了
2025-11-29 18:14:01,299 - INFO - 第3304局
2025-11-29 18:14:02,990 - INFO - 2赢了
2025-11-29 18:14:02,991 - INFO - 第3305局
2025-11-29 18:14:05,407 - INFO - 2赢了
2025-11-29 18:14:05,407 - INFO - 第3306局
2025-11-29 18:14:08,445 - INFO - 2赢了
2025-11-29 18:14:08,445 - INFO - 第3307局
2025-11-29 18:14:09,688 - INFO - 2赢了
2025-11-29 18:14:09,688 - INFO - 第3308局
2025-11-29 18:14:11,120 - INFO - 1赢了
2025-11-29 18:14:11,121 - INFO - 第3309局
2025-11-29 18:14:13,454 - INFO - 2赢了
2025-11-29 18:14:13,454 - INFO - 第3310局
2025-11-29 18:14:15,078 - INFO - 2赢了
2025-11-29 18:14:15,091 - INFO - Epoch: 0, Loss: 1.7530, Policy: 1.7364, Value: 0.0415
2025-11-29 18:14:15,670 - INFO - Epoch: 100, Loss: 1.8781, Policy: 1.8568, Value: 0.0534
2025-11-29 18:14:16,249 - INFO - Epoch: 200, Loss: 1.8665, Policy: 1.8532, Value: 0.0334
2025-11-29 18:14:16,790 - INFO - Epoch: 300, Loss: 1.8934, Policy: 1.8756, Value: 0.0447
2025-11-29 18:14:17,335 - INFO - Epoch: 400, Loss: 1.7452, Policy: 1.7265, Value: 0.0469
2025-11-29 18:14:17,854 - INFO - Epoch: 500, Loss: 1.9781, Policy: 1.9638, Value: 0.0358
2025-11-29 18:14:18,381 - INFO - Epoch: 600, Loss: 1.8231, Policy: 1.8113, Value: 0.0295
2025-11-29 18:14:18,896 - INFO - Epoch: 700, Loss: 1.7505, Policy: 1.7385, Value: 0.0298
2025-11-29 18:14:19,423 - INFO - Epoch: 800, Loss: 1.9335, Policy: 1.9177, Value: 0.0395
2025-11-29 18:14:19,966 - INFO - Epoch: 900, Loss: 1.7485, Policy: 1.7275, Value: 0.0524
2025-11-29 18:14:20,522 - INFO - Epoch: 1000, Loss: 1.8211, Policy: 1.8081, Value: 0.0326
2025-11-29 18:14:20,526 - INFO - 训练结束，最新模型已保存到 model.pth
2025-11-29 18:14:20,527 - INFO - 第3311局
2025-11-29 18:14:21,374 - INFO - 1赢了
2025-11-29 18:14:21,374 - INFO - 第3312局
2025-11-29 18:14:22,419 - INFO - 2赢了
2025-11-29 18:14:22,419 - INFO - 第3313局
2025-11-29 18:14:23,247 - INFO - 2赢了
2025-11-29 18:14:23,247 - INFO - 第3314局
2025-11-29 18:14:24,282 - INFO - 2赢了
2025-11-29 18:14:24,282 - INFO - 第3315局
2025-11-29 18:14:25,793 - INFO - 1赢了
2025-11-29 18:14:25,794 - INFO - 第3316局
2025-11-29 18:14:28,415 - INFO - 2赢了
2025-11-29 18:14:28,415 - INFO - 第3317局
2025-11-29 18:14:31,309 - INFO - 1赢了
2025-11-29 18:14:31,310 - INFO - 第3318局
2025-11-29 18:14:32,941 - INFO - 2赢了
2025-11-29 18:14:32,941 - INFO - 第3319局
2025-11-29 18:14:35,216 - INFO - 2赢了
2025-11-29 18:14:35,216 - INFO - 第3320局
2025-11-29 18:14:36,552 - INFO - 2赢了
2025-11-29 18:14:36,571 - INFO - Epoch: 0, Loss: 1.7976, Policy: 1.7779, Value: 0.0493
2025-11-29 18:14:37,170 - INFO - Epoch: 100, Loss: 1.8177, Policy: 1.8002, Value: 0.0438
2025-11-29 18:14:37,672 - INFO - Epoch: 200, Loss: 1.8566, Policy: 1.8340, Value: 0.0565
2025-11-29 18:14:38,220 - INFO - Epoch: 300, Loss: 1.8486, Policy: 1.8356, Value: 0.0325
2025-11-29 18:14:38,725 - INFO - Epoch: 400, Loss: 1.8350, Policy: 1.8194, Value: 0.0392
2025-11-29 18:14:39,256 - INFO - Epoch: 500, Loss: 1.8869, Policy: 1.8724, Value: 0.0362
2025-11-29 18:14:39,771 - INFO - Epoch: 600, Loss: 1.7682, Policy: 1.7450, Value: 0.0581
2025-11-29 18:14:41,803 - INFO - Epoch: 700, Loss: 1.8823, Policy: 1.8719, Value: 0.0260
2025-11-29 18:14:42,353 - INFO - Epoch: 800, Loss: 1.8552, Policy: 1.8415, Value: 0.0344
2025-11-29 18:14:42,891 - INFO - Epoch: 900, Loss: 1.7890, Policy: 1.7756, Value: 0.0336
2025-11-29 18:14:43,419 - INFO - Epoch: 1000, Loss: 1.9410, Policy: 1.9308, Value: 0.0254
2025-11-29 18:14:43,423 - INFO - 训练结束，最新模型已保存到 model.pth
2025-11-29 18:14:43,424 - INFO - 第3321局
2025-11-29 18:14:44,528 - INFO - 1赢了
2025-11-29 18:14:44,529 - INFO - 第3322局
2025-11-29 18:14:45,592 - INFO - 2赢了
2025-11-29 18:14:45,592 - INFO - 第3323局
2025-11-29 18:14:46,651 - INFO - 1赢了
2025-11-29 18:14:46,651 - INFO - 第3324局
2025-11-29 18:14:47,689 - INFO - 1赢了
2025-11-29 18:14:47,689 - INFO - 第3325局
2025-11-29 18:14:48,873 - INFO - 2赢了
2025-11-29 18:14:48,873 - INFO - 第3326局
2025-11-29 18:14:53,353 - INFO - 2赢了
2025-11-29 18:14:53,353 - INFO - 第3327局
2025-11-29 18:14:55,012 - INFO - 2赢了
2025-11-29 18:14:55,012 - INFO - 第3328局
2025-11-29 18:14:56,676 - INFO - 2赢了
2025-11-29 18:14:56,676 - INFO - 第3329局
2025-11-29 18:14:58,437 - INFO - 2赢了
2025-11-29 18:14:58,437 - INFO - 第3330局
2025-11-29 18:15:05,762 - INFO - 1赢了
2025-11-29 18:15:05,801 - INFO - Epoch: 0, Loss: 1.8311, Policy: 1.8164, Value: 0.0368
2025-11-29 18:15:06,447 - INFO - Epoch: 100, Loss: 2.0673, Policy: 2.0452, Value: 0.0553
2025-11-29 18:15:06,955 - INFO - Epoch: 200, Loss: 1.7846, Policy: 1.7671, Value: 0.0437
2025-11-29 18:15:07,473 - INFO - Epoch: 300, Loss: 1.8556, Policy: 1.8431, Value: 0.0313
2025-11-29 18:15:07,987 - INFO - Epoch: 400, Loss: 1.7790, Policy: 1.7658, Value: 0.0330
2025-11-29 18:15:08,508 - INFO - Epoch: 500, Loss: 1.8135, Policy: 1.7959, Value: 0.0440
2025-11-29 18:15:09,031 - INFO - Epoch: 600, Loss: 1.9537, Policy: 1.9443, Value: 0.0237
2025-11-29 18:15:09,550 - INFO - Epoch: 700, Loss: 1.8320, Policy: 1.8092, Value: 0.0571
2025-11-29 18:15:10,068 - INFO - Epoch: 800, Loss: 1.9709, Policy: 1.9559, Value: 0.0376
2025-11-29 18:15:10,579 - INFO - Epoch: 900, Loss: 1.8817, Policy: 1.8599, Value: 0.0544
2025-11-29 18:15:11,109 - INFO - Epoch: 1000, Loss: 1.7284, Policy: 1.7154, Value: 0.0326
2025-11-29 18:15:11,113 - INFO - 训练结束，最新模型已保存到 model.pth
2025-11-29 18:15:11,114 - INFO - 第3331局
2025-11-29 18:15:13,002 - INFO - 2赢了
2025-11-29 18:15:13,002 - INFO - 第3332局
2025-11-29 18:15:13,821 - INFO - 1赢了
2025-11-29 18:15:13,822 - INFO - 第3333局
2025-11-29 18:15:16,373 - INFO - 1赢了
2025-11-29 18:15:16,373 - INFO - 第3334局
2025-11-29 18:15:17,417 - INFO - 2赢了
2025-11-29 18:15:17,417 - INFO - 第3335局
2025-11-29 18:15:19,050 - INFO - 2赢了
2025-11-29 18:15:19,050 - INFO - 第3336局
2025-11-29 18:15:22,320 - INFO - 2赢了
2025-11-29 18:15:22,320 - INFO - 第3337局
2025-11-29 18:15:23,453 - INFO - 1赢了
2025-11-29 18:15:23,453 - INFO - 第3338局
2025-11-29 18:15:25,375 - INFO - 2赢了
2025-11-29 18:15:25,376 - INFO - 第3339局
2025-11-29 18:15:26,908 - INFO - 2赢了
2025-11-29 18:15:26,908 - INFO - 第3340局
2025-11-29 18:15:29,128 - INFO - 2赢了
2025-11-29 18:15:29,144 - INFO - Epoch: 0, Loss: 1.9151, Policy: 1.9017, Value: 0.0336
2025-11-29 18:15:29,751 - INFO - Epoch: 100, Loss: 2.0399, Policy: 2.0251, Value: 0.0370
2025-11-29 18:15:30,257 - INFO - Epoch: 200, Loss: 1.7751, Policy: 1.7663, Value: 0.0221
2025-11-29 18:15:30,782 - INFO - Epoch: 300, Loss: 1.9740, Policy: 1.9610, Value: 0.0324
2025-11-29 18:15:31,288 - INFO - Epoch: 400, Loss: 1.9522, Policy: 1.9320, Value: 0.0506
2025-11-29 18:15:31,797 - INFO - Epoch: 500, Loss: 1.8134, Policy: 1.8007, Value: 0.0318
2025-11-29 18:15:32,296 - INFO - Epoch: 600, Loss: 1.8755, Policy: 1.8616, Value: 0.0346
2025-11-29 18:15:32,796 - INFO - Epoch: 700, Loss: 1.8524, Policy: 1.8331, Value: 0.0481
2025-11-29 18:15:33,302 - INFO - Epoch: 800, Loss: 1.8667, Policy: 1.8548, Value: 0.0300
2025-11-29 18:15:33,824 - INFO - Epoch: 900, Loss: 1.8962, Policy: 1.8779, Value: 0.0457
2025-11-29 18:15:34,345 - INFO - Epoch: 1000, Loss: 1.8859, Policy: 1.8677, Value: 0.0457
2025-11-29 18:15:34,349 - INFO - 训练结束，最新模型已保存到 model.pth
2025-11-29 18:15:34,350 - INFO - 第3341局
2025-11-29 18:15:35,369 - INFO - 1赢了
2025-11-29 18:15:35,369 - INFO - 第3342局
2025-11-29 18:15:36,376 - INFO - 2赢了
2025-11-29 18:15:36,376 - INFO - 第3343局
2025-11-29 18:15:40,083 - INFO - 2赢了
2025-11-29 18:15:40,083 - INFO - 第3344局
2025-11-29 18:15:41,346 - INFO - 1赢了
2025-11-29 18:15:41,346 - INFO - 第3345局
2025-11-29 18:15:42,438 - INFO - 2赢了
2025-11-29 18:15:42,438 - INFO - 第3346局
2025-11-29 18:15:53,679 - INFO - 1赢了
2025-11-29 18:15:53,679 - INFO - 第3347局
2025-11-29 18:15:55,263 - INFO - 2赢了
2025-11-29 18:15:55,263 - INFO - 第3348局
2025-11-29 18:15:56,785 - INFO - 2赢了
2025-11-29 18:15:56,785 - INFO - 第3349局
2025-11-29 18:15:58,316 - INFO - 2赢了
2025-11-29 18:15:58,316 - INFO - 第3350局
2025-11-29 18:15:59,972 - INFO - 2赢了
2025-11-29 18:15:59,990 - INFO - Epoch: 0, Loss: 1.7449, Policy: 1.7300, Value: 0.0373
2025-11-29 18:16:00,584 - INFO - Epoch: 100, Loss: 1.9077, Policy: 1.8892, Value: 0.0463
2025-11-29 18:16:01,089 - INFO - Epoch: 200, Loss: 1.7574, Policy: 1.7421, Value: 0.0384
2025-11-29 18:16:01,601 - INFO - Epoch: 300, Loss: 1.9710, Policy: 1.9507, Value: 0.0507
2025-11-29 18:16:02,107 - INFO - Epoch: 400, Loss: 1.7732, Policy: 1.7592, Value: 0.0350
2025-11-29 18:16:02,609 - INFO - Epoch: 500, Loss: 1.8653, Policy: 1.8510, Value: 0.0357
2025-11-29 18:16:03,112 - INFO - Epoch: 600, Loss: 1.8403, Policy: 1.8261, Value: 0.0354
2025-11-29 18:16:03,614 - INFO - Epoch: 700, Loss: 1.8304, Policy: 1.8170, Value: 0.0336
2025-11-29 18:16:04,161 - INFO - Epoch: 800, Loss: 1.9116, Policy: 1.8959, Value: 0.0391
2025-11-29 18:16:04,722 - INFO - Epoch: 900, Loss: 1.9291, Policy: 1.9160, Value: 0.0326
2025-11-29 18:16:05,268 - INFO - Epoch: 1000, Loss: 1.8202, Policy: 1.8060, Value: 0.0354
2025-11-29 18:16:05,272 - INFO - 训练结束，最新模型已保存到 model.pth
2025-11-29 18:16:05,273 - INFO - 第3351局
2025-11-29 18:16:08,095 - INFO - 2赢了
2025-11-29 18:16:08,096 - INFO - 第3352局
2025-11-29 18:16:09,694 - INFO - 2赢了
2025-11-29 18:16:09,694 - INFO - 第3353局
2025-11-29 18:16:11,169 - INFO - 2赢了
2025-11-29 18:16:11,169 - INFO - 第3354局
2025-11-29 18:16:13,307 - INFO - 1赢了
2025-11-29 18:16:13,307 - INFO - 第3355局
2025-11-29 18:16:14,655 - INFO - 2赢了
2025-11-29 18:16:14,655 - INFO - 第3356局
2025-11-29 18:16:15,761 - INFO - 2赢了
2025-11-29 18:16:15,761 - INFO - 第3357局
2025-11-29 18:16:17,241 - INFO - 1赢了
2025-11-29 18:16:17,241 - INFO - 第3358局
2025-11-29 18:16:20,084 - INFO - 1赢了
2025-11-29 18:16:20,084 - INFO - 第3359局
2025-11-29 18:16:21,143 - INFO - 2赢了
2025-11-29 18:16:21,143 - INFO - 第3360局
2025-11-29 18:16:24,007 - INFO - 2赢了
2025-11-29 18:16:24,026 - INFO - Epoch: 0, Loss: 1.7793, Policy: 1.7694, Value: 0.0248
2025-11-29 18:16:24,651 - INFO - Epoch: 100, Loss: 1.9673, Policy: 1.9533, Value: 0.0351
2025-11-29 18:16:25,223 - INFO - Epoch: 200, Loss: 1.9717, Policy: 1.9459, Value: 0.0646
2025-11-29 18:16:25,781 - INFO - Epoch: 300, Loss: 1.9153, Policy: 1.8948, Value: 0.0511
2025-11-29 18:16:26,321 - INFO - Epoch: 400, Loss: 1.7837, Policy: 1.7711, Value: 0.0316
2025-11-29 18:16:26,877 - INFO - Epoch: 500, Loss: 1.8691, Policy: 1.8544, Value: 0.0368
2025-11-29 18:16:27,440 - INFO - Epoch: 600, Loss: 1.9590, Policy: 1.9461, Value: 0.0323
2025-11-29 18:16:27,999 - INFO - Epoch: 700, Loss: 1.8169, Policy: 1.8046, Value: 0.0307
2025-11-29 18:16:28,564 - INFO - Epoch: 800, Loss: 1.8804, Policy: 1.8598, Value: 0.0514
2025-11-29 18:16:29,128 - INFO - Epoch: 900, Loss: 1.8461, Policy: 1.8305, Value: 0.0389
2025-11-29 18:16:29,700 - INFO - Epoch: 1000, Loss: 1.8438, Policy: 1.8308, Value: 0.0325
2025-11-29 18:16:29,704 - INFO - 训练结束，最新模型已保存到 model.pth
2025-11-29 18:16:29,705 - INFO - 第3361局
2025-11-29 18:16:34,388 - INFO - 2赢了
2025-11-29 18:16:34,389 - INFO - 第3362局
2025-11-29 18:16:35,510 - INFO - 1赢了
2025-11-29 18:16:35,510 - INFO - 第3363局
2025-11-29 18:16:37,886 - INFO - 1赢了
2025-11-29 18:16:37,886 - INFO - 第3364局
2025-11-29 18:16:39,228 - INFO - 2赢了
2025-11-29 18:16:39,228 - INFO - 第3365局
2025-11-29 18:16:41,379 - INFO - 2赢了
2025-11-29 18:16:41,379 - INFO - 第3366局
2025-11-29 18:16:42,864 - INFO - 1赢了
2025-11-29 18:16:42,864 - INFO - 第3367局
2025-11-29 18:16:45,886 - INFO - 2赢了
2025-11-29 18:16:45,886 - INFO - 第3368局
2025-11-29 18:16:47,159 - INFO - 2赢了
2025-11-29 18:16:47,160 - INFO - 第3369局
2025-11-29 18:16:50,280 - INFO - 2赢了
2025-11-29 18:16:50,280 - INFO - 第3370局
2025-11-29 18:16:52,174 - INFO - 2赢了
2025-11-29 18:16:52,188 - INFO - Epoch: 0, Loss: 1.8963, Policy: 1.8842, Value: 0.0305
2025-11-29 18:16:52,790 - INFO - Epoch: 100, Loss: 1.8460, Policy: 1.8296, Value: 0.0410
2025-11-29 18:16:53,308 - INFO - Epoch: 200, Loss: 1.7214, Policy: 1.7105, Value: 0.0272
2025-11-29 18:16:53,819 - INFO - Epoch: 300, Loss: 1.8736, Policy: 1.8599, Value: 0.0343
2025-11-29 18:16:54,337 - INFO - Epoch: 400, Loss: 1.9627, Policy: 1.9512, Value: 0.0287
2025-11-29 18:16:54,837 - INFO - Epoch: 500, Loss: 1.8714, Policy: 1.8561, Value: 0.0381
2025-11-29 18:16:56,889 - INFO - Epoch: 600, Loss: 1.9486, Policy: 1.9325, Value: 0.0402
2025-11-29 18:16:57,396 - INFO - Epoch: 700, Loss: 1.9728, Policy: 1.9566, Value: 0.0405
2025-11-29 18:16:57,922 - INFO - Epoch: 800, Loss: 1.8850, Policy: 1.8679, Value: 0.0427
2025-11-29 18:16:58,428 - INFO - Epoch: 900, Loss: 1.8807, Policy: 1.8676, Value: 0.0326
2025-11-29 18:16:58,929 - INFO - Epoch: 1000, Loss: 1.8429, Policy: 1.8280, Value: 0.0371
2025-11-29 18:16:58,932 - INFO - 训练结束，最新模型已保存到 model.pth
2025-11-29 18:16:58,933 - INFO - 第3371局
2025-11-29 18:17:00,226 - INFO - 2赢了
2025-11-29 18:17:00,226 - INFO - 第3372局
2025-11-29 18:17:01,583 - INFO - 2赢了
2025-11-29 18:17:01,583 - INFO - 第3373局
2025-11-29 18:17:03,629 - INFO - 2赢了
2025-11-29 18:17:03,629 - INFO - 第3374局
2025-11-29 18:17:06,003 - INFO - 2赢了
2025-11-29 18:17:06,003 - INFO - 第3375局
2025-11-29 18:17:08,931 - INFO - 1赢了
2025-11-29 18:17:08,931 - INFO - 第3376局
2025-11-29 18:17:11,098 - INFO - 1赢了
2025-11-29 18:17:11,098 - INFO - 第3377局
2025-11-29 18:17:13,022 - INFO - 2赢了
2025-11-29 18:17:13,022 - INFO - 第3378局
2025-11-29 18:17:15,659 - INFO - 2赢了
2025-11-29 18:17:15,659 - INFO - 第3379局
2025-11-29 18:17:16,944 - INFO - 1赢了
2025-11-29 18:17:16,944 - INFO - 第3380局
2025-11-29 18:17:18,164 - INFO - 2赢了
2025-11-29 18:17:18,180 - INFO - Epoch: 0, Loss: 1.7718, Policy: 1.7569, Value: 0.0373
2025-11-29 18:17:18,820 - INFO - Epoch: 100, Loss: 1.7668, Policy: 1.7539, Value: 0.0322
2025-11-29 18:17:19,413 - INFO - Epoch: 200, Loss: 1.7013, Policy: 1.6886, Value: 0.0317
2025-11-29 18:17:19,970 - INFO - Epoch: 300, Loss: 1.7767, Policy: 1.7643, Value: 0.0309
2025-11-29 18:17:20,560 - INFO - Epoch: 400, Loss: 1.8600, Policy: 1.8458, Value: 0.0355
2025-11-29 18:17:21,139 - INFO - Epoch: 500, Loss: 1.8953, Policy: 1.8724, Value: 0.0573
2025-11-29 18:17:21,705 - INFO - Epoch: 600, Loss: 1.9332, Policy: 1.9222, Value: 0.0274
2025-11-29 18:17:22,264 - INFO - Epoch: 700, Loss: 1.8929, Policy: 1.8792, Value: 0.0342
2025-11-29 18:17:22,833 - INFO - Epoch: 800, Loss: 1.9348, Policy: 1.9248, Value: 0.0248
2025-11-29 18:17:23,395 - INFO - Epoch: 900, Loss: 1.8401, Policy: 1.8266, Value: 0.0338
2025-11-29 18:17:23,952 - INFO - Epoch: 1000, Loss: 1.8925, Policy: 1.8779, Value: 0.0364
2025-11-29 18:17:23,956 - INFO - 训练结束，最新模型已保存到 model.pth
2025-11-29 18:17:23,957 - INFO - 第3381局
2025-11-29 18:17:24,959 - INFO - 1赢了
2025-11-29 18:17:24,959 - INFO - 第3382局
2025-11-29 18:17:26,350 - INFO - 2赢了
2025-11-29 18:17:26,350 - INFO - 第3383局
2025-11-29 18:17:28,917 - INFO - 2赢了
2025-11-29 18:17:28,917 - INFO - 第3384局
2025-11-29 18:17:31,367 - INFO - 2赢了
2025-11-29 18:17:31,367 - INFO - 第3385局
2025-11-29 18:17:32,437 - INFO - 2赢了
2025-11-29 18:17:32,437 - INFO - 第3386局
2025-11-29 18:17:34,675 - INFO - 2赢了
2025-11-29 18:17:34,675 - INFO - 第3387局
2025-11-29 18:17:36,229 - INFO - 2赢了
2025-11-29 18:17:36,229 - INFO - 第3388局
2025-11-29 18:17:37,609 - INFO - 1赢了
2025-11-29 18:17:37,609 - INFO - 第3389局
2025-11-29 18:17:38,332 - INFO - 2赢了
2025-11-29 18:17:38,333 - INFO - 第3390局
2025-11-29 18:17:39,844 - INFO - 2赢了
2025-11-29 18:17:39,865 - INFO - Epoch: 0, Loss: 1.7353, Policy: 1.7263, Value: 0.0223
2025-11-29 18:17:40,473 - INFO - Epoch: 100, Loss: 1.8620, Policy: 1.8511, Value: 0.0273
2025-11-29 18:17:40,977 - INFO - Epoch: 200, Loss: 1.9627, Policy: 1.9510, Value: 0.0292
2025-11-29 18:17:41,492 - INFO - Epoch: 300, Loss: 1.9153, Policy: 1.8993, Value: 0.0398
2025-11-29 18:17:41,992 - INFO - Epoch: 400, Loss: 1.8198, Policy: 1.8039, Value: 0.0397
2025-11-29 18:17:42,498 - INFO - Epoch: 500, Loss: 1.8397, Policy: 1.8252, Value: 0.0361
2025-11-29 18:17:43,008 - INFO - Epoch: 600, Loss: 1.8219, Policy: 1.7924, Value: 0.0736
2025-11-29 18:17:43,534 - INFO - Epoch: 700, Loss: 1.8559, Policy: 1.8436, Value: 0.0308
2025-11-29 18:17:44,037 - INFO - Epoch: 800, Loss: 1.9001, Policy: 1.8815, Value: 0.0466
2025-11-29 18:17:44,548 - INFO - Epoch: 900, Loss: 1.9144, Policy: 1.9005, Value: 0.0347
2025-11-29 18:17:45,051 - INFO - Epoch: 1000, Loss: 1.8482, Policy: 1.8356, Value: 0.0314
2025-11-29 18:17:45,055 - INFO - 训练结束，最新模型已保存到 model.pth
2025-11-29 18:17:45,055 - INFO - 第3391局
2025-11-29 18:17:46,525 - INFO - 2赢了
2025-11-29 18:17:46,525 - INFO - 第3392局
2025-11-29 18:17:47,874 - INFO - 2赢了
2025-11-29 18:17:47,874 - INFO - 第3393局
2025-11-29 18:17:50,854 - INFO - 1赢了
2025-11-29 18:17:50,855 - INFO - 第3394局
2025-11-29 18:17:51,741 - INFO - 2赢了
2025-11-29 18:17:51,741 - INFO - 第3395局
2025-11-29 18:17:53,550 - INFO - 2赢了
2025-11-29 18:17:53,550 - INFO - 第3396局
2025-11-29 18:17:55,771 - INFO - 2赢了
2025-11-29 18:17:55,771 - INFO - 第3397局
2025-11-29 18:17:58,252 - INFO - 2赢了
2025-11-29 18:17:58,252 - INFO - 第3398局
2025-11-29 18:18:00,000 - INFO - 2赢了
2025-11-29 18:18:00,000 - INFO - 第3399局
2025-11-29 18:18:01,516 - INFO - 2赢了
2025-11-29 18:18:01,516 - INFO - 第3400局
2025-11-29 18:18:04,249 - INFO - 2赢了
2025-11-29 18:18:04,269 - INFO - Epoch: 0, Loss: 1.8569, Policy: 1.8394, Value: 0.0436
2025-11-29 18:18:04,863 - INFO - Epoch: 100, Loss: 1.9112, Policy: 1.8991, Value: 0.0303
2025-11-29 18:18:05,368 - INFO - Epoch: 200, Loss: 1.9637, Policy: 1.9514, Value: 0.0308
2025-11-29 18:18:05,874 - INFO - Epoch: 300, Loss: 1.7245, Policy: 1.7131, Value: 0.0286
2025-11-29 18:18:06,402 - INFO - Epoch: 400, Loss: 1.8884, Policy: 1.8779, Value: 0.0263
2025-11-29 18:18:06,931 - INFO - Epoch: 500, Loss: 1.9185, Policy: 1.8973, Value: 0.0531
2025-11-29 18:18:07,461 - INFO - Epoch: 600, Loss: 1.8236, Policy: 1.8060, Value: 0.0440
2025-11-29 18:18:08,000 - INFO - Epoch: 700, Loss: 1.7323, Policy: 1.7191, Value: 0.0331
2025-11-29 18:18:08,531 - INFO - Epoch: 800, Loss: 1.8245, Policy: 1.8176, Value: 0.0172
2025-11-29 18:18:09,042 - INFO - Epoch: 900, Loss: 1.8483, Policy: 1.8330, Value: 0.0383
2025-11-29 18:18:09,549 - INFO - Epoch: 1000, Loss: 1.7465, Policy: 1.7322, Value: 0.0358
2025-11-29 18:18:09,553 - INFO - 训练结束，最新模型已保存到 model.pth
2025-11-29 18:18:09,554 - INFO - 第3401局
2025-11-29 18:18:10,509 - INFO - 2赢了
2025-11-29 18:18:10,510 - INFO - 第3402局
2025-11-29 18:18:12,498 - INFO - 2赢了
2025-11-29 18:18:12,499 - INFO - 第3403局
2025-11-29 18:18:14,510 - INFO - 2赢了
2025-11-29 18:18:14,510 - INFO - 第3404局
2025-11-29 18:18:20,490 - INFO - 2赢了
2025-11-29 18:18:20,490 - INFO - 第3405局
2025-11-29 18:18:21,645 - INFO - 2赢了
2025-11-29 18:18:21,646 - INFO - 第3406局
2025-11-29 18:18:25,437 - INFO - 1赢了
2025-11-29 18:18:25,437 - INFO - 第3407局
2025-11-29 18:18:26,732 - INFO - 2赢了
2025-11-29 18:18:26,732 - INFO - 第3408局
2025-11-29 18:18:28,386 - INFO - 2赢了
2025-11-29 18:18:28,386 - INFO - 第3409局
2025-11-29 18:18:31,056 - INFO - 2赢了
2025-11-29 18:18:31,056 - INFO - 第3410局
2025-11-29 18:18:32,093 - INFO - 2赢了
2025-11-29 18:18:32,112 - INFO - Epoch: 0, Loss: 1.9251, Policy: 1.9066, Value: 0.0461
2025-11-29 18:18:32,751 - INFO - Epoch: 100, Loss: 1.7765, Policy: 1.7682, Value: 0.0208
2025-11-29 18:18:33,280 - INFO - Epoch: 200, Loss: 1.8840, Policy: 1.8735, Value: 0.0263
2025-11-29 18:18:33,803 - INFO - Epoch: 300, Loss: 1.8144, Policy: 1.7991, Value: 0.0382
2025-11-29 18:18:34,362 - INFO - Epoch: 400, Loss: 1.9440, Policy: 1.9290, Value: 0.0374
2025-11-29 18:18:34,880 - INFO - Epoch: 500, Loss: 1.8678, Policy: 1.8559, Value: 0.0297
2025-11-29 18:18:35,386 - INFO - Epoch: 600, Loss: 1.8259, Policy: 1.8106, Value: 0.0382
2025-11-29 18:18:35,908 - INFO - Epoch: 700, Loss: 1.8556, Policy: 1.8419, Value: 0.0342
2025-11-29 18:18:36,439 - INFO - Epoch: 800, Loss: 1.8958, Policy: 1.8815, Value: 0.0358
2025-11-29 18:18:36,941 - INFO - Epoch: 900, Loss: 2.0378, Policy: 2.0254, Value: 0.0312
2025-11-29 18:18:37,438 - INFO - Epoch: 1000, Loss: 1.9859, Policy: 1.9708, Value: 0.0378
2025-11-29 18:18:37,441 - INFO - 训练结束，最新模型已保存到 model.pth
2025-11-29 18:18:37,442 - INFO - 第3411局
2025-11-29 18:18:38,820 - INFO - 2赢了
2025-11-29 18:18:38,821 - INFO - 第3412局
2025-11-29 18:18:40,322 - INFO - 2赢了
2025-11-29 18:18:40,322 - INFO - 第3413局
2025-11-29 18:18:42,649 - INFO - 1赢了
2025-11-29 18:18:42,649 - INFO - 第3414局
2025-11-29 18:18:44,744 - INFO - 2赢了
2025-11-29 18:18:44,744 - INFO - 第3415局
2025-11-29 18:18:47,010 - INFO - 2赢了
2025-11-29 18:18:47,011 - INFO - 第3416局
2025-11-29 18:18:48,990 - INFO - 2赢了
2025-11-29 18:18:48,990 - INFO - 第3417局
2025-11-29 18:18:53,050 - INFO - 2赢了
2025-11-29 18:18:53,050 - INFO - 第3418局
2025-11-29 18:18:56,427 - INFO - 1赢了
2025-11-29 18:18:56,427 - INFO - 第3419局
2025-11-29 18:18:57,706 - INFO - 1赢了
2025-11-29 18:18:57,707 - INFO - 第3420局
2025-11-29 18:18:59,299 - INFO - 2赢了
2025-11-29 18:18:59,313 - INFO - Epoch: 0, Loss: 1.8927, Policy: 1.8777, Value: 0.0375
2025-11-29 18:18:59,919 - INFO - Epoch: 100, Loss: 1.9459, Policy: 1.9307, Value: 0.0382
2025-11-29 18:19:00,468 - INFO - Epoch: 200, Loss: 1.8763, Policy: 1.8602, Value: 0.0403
2025-11-29 18:19:00,985 - INFO - Epoch: 300, Loss: 1.8176, Policy: 1.8060, Value: 0.0289
2025-11-29 18:19:01,566 - INFO - Epoch: 400, Loss: 1.9073, Policy: 1.8925, Value: 0.0371
2025-11-29 18:19:02,110 - INFO - Epoch: 500, Loss: 2.0078, Policy: 1.9867, Value: 0.0527
2025-11-29 18:19:02,619 - INFO - Epoch: 600, Loss: 1.9174, Policy: 1.9000, Value: 0.0437
2025-11-29 18:19:03,152 - INFO - Epoch: 700, Loss: 1.8468, Policy: 1.8349, Value: 0.0299
2025-11-29 18:19:03,705 - INFO - Epoch: 800, Loss: 1.9084, Policy: 1.8930, Value: 0.0385
2025-11-29 18:19:04,223 - INFO - Epoch: 900, Loss: 1.7641, Policy: 1.7505, Value: 0.0338
2025-11-29 18:19:04,733 - INFO - Epoch: 1000, Loss: 1.7871, Policy: 1.7720, Value: 0.0378
2025-11-29 18:19:04,736 - INFO - 训练结束，最新模型已保存到 model.pth
2025-11-29 18:19:04,737 - INFO - 第3421局
2025-11-29 18:19:05,724 - INFO - 1赢了
2025-11-29 18:19:05,724 - INFO - 第3422局
2025-11-29 18:19:07,588 - INFO - 2赢了
2025-11-29 18:19:07,588 - INFO - 第3423局
2025-11-29 18:19:10,603 - INFO - 2赢了
2025-11-29 18:19:10,603 - INFO - 第3424局
2025-11-29 18:19:11,481 - INFO - 2赢了
2025-11-29 18:19:11,482 - INFO - 第3425局
2025-11-29 18:19:14,832 - INFO - 2赢了
2025-11-29 18:19:14,832 - INFO - 第3426局
2025-11-29 18:19:17,530 - INFO - 2赢了
2025-11-29 18:19:17,530 - INFO - 第3427局
2025-11-29 18:19:19,800 - INFO - 2赢了
2025-11-29 18:19:19,800 - INFO - 第3428局
2025-11-29 18:19:21,193 - INFO - 2赢了
2025-11-29 18:19:21,193 - INFO - 第3429局
2025-11-29 18:19:22,548 - INFO - 2赢了
2025-11-29 18:19:22,549 - INFO - 第3430局
2025-11-29 18:19:24,243 - INFO - 2赢了
2025-11-29 18:19:24,261 - INFO - Epoch: 0, Loss: 1.7105, Policy: 1.6944, Value: 0.0404
2025-11-29 18:19:26,312 - INFO - Epoch: 100, Loss: 1.8851, Policy: 1.8700, Value: 0.0379
2025-11-29 18:19:26,817 - INFO - Epoch: 200, Loss: 1.8490, Policy: 1.8298, Value: 0.0479
2025-11-29 18:19:27,300 - INFO - Epoch: 300, Loss: 1.7488, Policy: 1.7326, Value: 0.0407
2025-11-29 18:19:27,803 - INFO - Epoch: 400, Loss: 1.8612, Policy: 1.8499, Value: 0.0283
2025-11-29 18:19:28,303 - INFO - Epoch: 500, Loss: 1.8739, Policy: 1.8591, Value: 0.0370
2025-11-29 18:19:28,827 - INFO - Epoch: 600, Loss: 1.8827, Policy: 1.8707, Value: 0.0300
2025-11-29 18:19:29,323 - INFO - Epoch: 700, Loss: 1.8118, Policy: 1.7955, Value: 0.0406
2025-11-29 18:19:29,845 - INFO - Epoch: 800, Loss: 1.8155, Policy: 1.7998, Value: 0.0392
2025-11-29 18:19:30,346 - INFO - Epoch: 900, Loss: 2.0238, Policy: 2.0094, Value: 0.0359
2025-11-29 18:19:30,849 - INFO - Epoch: 1000, Loss: 1.8983, Policy: 1.8887, Value: 0.0239
2025-11-29 18:19:30,852 - INFO - 训练结束，最新模型已保存到 model.pth
2025-11-29 18:19:30,853 - INFO - 第3431局
2025-11-29 18:19:31,741 - INFO - 2赢了
2025-11-29 18:19:31,741 - INFO - 第3432局
2025-11-29 18:19:32,794 - INFO - 1赢了
2025-11-29 18:19:32,794 - INFO - 第3433局
2025-11-29 18:19:34,392 - INFO - 2赢了
2025-11-29 18:19:34,392 - INFO - 第3434局
2025-11-29 18:19:35,937 - INFO - 2赢了
2025-11-29 18:19:35,937 - INFO - 第3435局
2025-11-29 18:19:37,424 - INFO - 2赢了
2025-11-29 18:19:37,424 - INFO - 第3436局
2025-11-29 18:19:39,049 - INFO - 2赢了
2025-11-29 18:19:39,049 - INFO - 第3437局
2025-11-29 18:19:41,930 - INFO - 2赢了
2025-11-29 18:19:41,930 - INFO - 第3438局
2025-11-29 18:19:42,978 - INFO - 2赢了
2025-11-29 18:19:42,978 - INFO - 第3439局
2025-11-29 18:19:44,496 - INFO - 2赢了
2025-11-29 18:19:44,496 - INFO - 第3440局
2025-11-29 18:19:45,986 - INFO - 2赢了
2025-11-29 18:19:46,005 - INFO - Epoch: 0, Loss: 1.7205, Policy: 1.7094, Value: 0.0278
2025-11-29 18:19:46,580 - INFO - Epoch: 100, Loss: 1.7984, Policy: 1.7846, Value: 0.0346
2025-11-29 18:19:47,100 - INFO - Epoch: 200, Loss: 1.7143, Policy: 1.7004, Value: 0.0348
2025-11-29 18:19:47,602 - INFO - Epoch: 300, Loss: 1.7740, Policy: 1.7568, Value: 0.0430
2025-11-29 18:19:48,162 - INFO - Epoch: 400, Loss: 1.9354, Policy: 1.9236, Value: 0.0296
2025-11-29 18:19:48,702 - INFO - Epoch: 500, Loss: 1.9201, Policy: 1.9097, Value: 0.0260
2025-11-29 18:19:49,257 - INFO - Epoch: 600, Loss: 1.8494, Policy: 1.8323, Value: 0.0429
2025-11-29 18:19:49,764 - INFO - Epoch: 700, Loss: 1.9425, Policy: 1.9278, Value: 0.0369
2025-11-29 18:19:50,271 - INFO - Epoch: 800, Loss: 1.8422, Policy: 1.8300, Value: 0.0305
2025-11-29 18:19:50,775 - INFO - Epoch: 900, Loss: 1.8080, Policy: 1.7859, Value: 0.0553
2025-11-29 18:19:51,343 - INFO - Epoch: 1000, Loss: 1.9829, Policy: 1.9543, Value: 0.0714
2025-11-29 18:19:51,347 - INFO - 训练结束，最新模型已保存到 model.pth
2025-11-29 18:19:51,348 - INFO - 第3441局
2025-11-29 18:19:52,583 - INFO - 2赢了
2025-11-29 18:19:52,583 - INFO - 第3442局
2025-11-29 18:19:53,829 - INFO - 2赢了
2025-11-29 18:19:53,829 - INFO - 第3443局
2025-11-29 18:19:55,162 - INFO - 2赢了
2025-11-29 18:19:55,163 - INFO - 第3444局
2025-11-29 18:19:57,121 - INFO - 2赢了
2025-11-29 18:19:57,121 - INFO - 第3445局
2025-11-29 18:19:59,864 - INFO - 1赢了
2025-11-29 18:19:59,864 - INFO - 第3446局
2025-11-29 18:20:01,007 - INFO - 2赢了
2025-11-29 18:20:01,008 - INFO - 第3447局
2025-11-29 18:20:02,480 - INFO - 1赢了
2025-11-29 18:20:02,480 - INFO - 第3448局
2025-11-29 18:20:04,256 - INFO - 2赢了
2025-11-29 18:20:04,256 - INFO - 第3449局
2025-11-29 18:20:05,392 - INFO - 2赢了
2025-11-29 18:20:05,392 - INFO - 第3450局
2025-11-29 18:20:06,757 - INFO - 1赢了
2025-11-29 18:20:06,774 - INFO - Epoch: 0, Loss: 1.7975, Policy: 1.7805, Value: 0.0426
2025-11-29 18:20:07,360 - INFO - Epoch: 100, Loss: 1.7331, Policy: 1.7181, Value: 0.0376
2025-11-29 18:20:07,868 - INFO - Epoch: 200, Loss: 2.0565, Policy: 2.0427, Value: 0.0345
2025-11-29 18:20:08,370 - INFO - Epoch: 300, Loss: 1.8566, Policy: 1.8424, Value: 0.0356
2025-11-29 18:20:08,885 - INFO - Epoch: 400, Loss: 1.8512, Policy: 1.8382, Value: 0.0325
2025-11-29 18:20:09,413 - INFO - Epoch: 500, Loss: 2.0072, Policy: 1.9915, Value: 0.0393
2025-11-29 18:20:09,940 - INFO - Epoch: 600, Loss: 1.9113, Policy: 1.9009, Value: 0.0260
2025-11-29 18:20:10,493 - INFO - Epoch: 700, Loss: 1.8431, Policy: 1.8289, Value: 0.0355
2025-11-29 18:20:11,031 - INFO - Epoch: 800, Loss: 1.9178, Policy: 1.9038, Value: 0.0352
2025-11-29 18:20:11,563 - INFO - Epoch: 900, Loss: 2.0195, Policy: 2.0041, Value: 0.0383
2025-11-29 18:20:12,087 - INFO - Epoch: 1000, Loss: 2.0214, Policy: 2.0078, Value: 0.0340
2025-11-29 18:20:12,090 - INFO - 训练结束，最新模型已保存到 model.pth
2025-11-29 18:20:12,091 - INFO - 第3451局
2025-11-29 18:20:13,681 - INFO - 2赢了
2025-11-29 18:20:13,681 - INFO - 第3452局
2025-11-29 18:20:15,239 - INFO - 2赢了
2025-11-29 18:20:15,240 - INFO - 第3453局
2025-11-29 18:20:16,971 - INFO - 2赢了
2025-11-29 18:20:16,971 - INFO - 第3454局
2025-11-29 18:20:19,006 - INFO - 2赢了
2025-11-29 18:20:19,006 - INFO - 第3455局
2025-11-29 18:20:22,719 - INFO - 1赢了
2025-11-29 18:20:22,719 - INFO - 第3456局
2025-11-29 18:20:24,419 - INFO - 2赢了
2025-11-29 18:20:24,419 - INFO - 第3457局
2025-11-29 18:20:26,393 - INFO - 2赢了
2025-11-29 18:20:26,394 - INFO - 第3458局
2025-11-29 18:20:28,956 - INFO - 2赢了
2025-11-29 18:20:28,956 - INFO - 第3459局
2025-11-29 18:20:31,758 - INFO - 2赢了
2025-11-29 18:20:31,758 - INFO - 第3460局
2025-11-29 18:20:35,236 - INFO - 2赢了
2025-11-29 18:20:35,250 - INFO - Epoch: 0, Loss: 1.7363, Policy: 1.7182, Value: 0.0455
2025-11-29 18:20:35,852 - INFO - Epoch: 100, Loss: 1.7946, Policy: 1.7800, Value: 0.0364
2025-11-29 18:20:36,362 - INFO - Epoch: 200, Loss: 1.7417, Policy: 1.7291, Value: 0.0316
2025-11-29 18:20:36,895 - INFO - Epoch: 300, Loss: 1.7048, Policy: 1.6928, Value: 0.0299
2025-11-29 18:20:37,424 - INFO - Epoch: 400, Loss: 1.8529, Policy: 1.8414, Value: 0.0288
2025-11-29 18:20:37,944 - INFO - Epoch: 500, Loss: 1.8759, Policy: 1.8633, Value: 0.0315
2025-11-29 18:20:38,453 - INFO - Epoch: 600, Loss: 1.7646, Policy: 1.7515, Value: 0.0325
2025-11-29 18:20:38,959 - INFO - Epoch: 700, Loss: 1.8423, Policy: 1.8280, Value: 0.0357
2025-11-29 18:20:39,489 - INFO - Epoch: 800, Loss: 1.7693, Policy: 1.7547, Value: 0.0365
2025-11-29 18:20:39,992 - INFO - Epoch: 900, Loss: 1.8394, Policy: 1.8267, Value: 0.0316
2025-11-29 18:20:40,498 - INFO - Epoch: 1000, Loss: 1.8754, Policy: 1.8631, Value: 0.0307
2025-11-29 18:20:40,502 - INFO - 训练结束，最新模型已保存到 model.pth
2025-11-29 18:20:40,503 - INFO - 第3461局
2025-11-29 18:20:43,864 - INFO - 2赢了
2025-11-29 18:20:43,865 - INFO - 第3462局
2025-11-29 18:20:46,937 - INFO - 1赢了
2025-11-29 18:20:46,938 - INFO - 第3463局
2025-11-29 18:20:49,572 - INFO - 2赢了
2025-11-29 18:20:49,572 - INFO - 第3464局
2025-11-29 18:20:50,543 - INFO - 2赢了
2025-11-29 18:20:50,543 - INFO - 第3465局
2025-11-29 18:20:52,318 - INFO - 2赢了
2025-11-29 18:20:52,318 - INFO - 第3466局
2025-11-29 18:20:54,001 - INFO - 1赢了
2025-11-29 18:20:54,001 - INFO - 第3467局
2025-11-29 18:20:55,411 - INFO - 2赢了
2025-11-29 18:20:55,411 - INFO - 第3468局
2025-11-29 18:20:56,986 - INFO - 2赢了
2025-11-29 18:20:56,987 - INFO - 第3469局
2025-11-29 18:21:02,675 - INFO - 2赢了
2025-11-29 18:21:02,676 - INFO - 第3470局
2025-11-29 18:21:05,016 - INFO - 2赢了
2025-11-29 18:21:05,034 - INFO - Epoch: 0, Loss: 1.9450, Policy: 1.9312, Value: 0.0345
2025-11-29 18:21:05,621 - INFO - Epoch: 100, Loss: 1.8749, Policy: 1.8642, Value: 0.0267
2025-11-29 18:21:07,601 - INFO - Epoch: 200, Loss: 1.9503, Policy: 1.9321, Value: 0.0455
2025-11-29 18:21:08,117 - INFO - Epoch: 300, Loss: 1.7959, Policy: 1.7773, Value: 0.0466
2025-11-29 18:21:08,624 - INFO - Epoch: 400, Loss: 1.8632, Policy: 1.8455, Value: 0.0442
2025-11-29 18:21:09,148 - INFO - Epoch: 500, Loss: 1.7346, Policy: 1.7235, Value: 0.0279
2025-11-29 18:21:09,674 - INFO - Epoch: 600, Loss: 1.8380, Policy: 1.8221, Value: 0.0397
2025-11-29 18:21:10,198 - INFO - Epoch: 700, Loss: 1.9349, Policy: 1.9165, Value: 0.0461
2025-11-29 18:21:10,717 - INFO - Epoch: 800, Loss: 1.9559, Policy: 1.9416, Value: 0.0356
2025-11-29 18:21:11,228 - INFO - Epoch: 900, Loss: 1.7312, Policy: 1.7101, Value: 0.0527
2025-11-29 18:21:11,766 - INFO - Epoch: 1000, Loss: 2.0426, Policy: 2.0276, Value: 0.0376
2025-11-29 18:21:11,770 - INFO - 训练结束，最新模型已保存到 model.pth
2025-11-29 18:21:11,770 - INFO - 第3471局
2025-11-29 18:21:13,820 - INFO - 2赢了
2025-11-29 18:21:13,820 - INFO - 第3472局
2025-11-29 18:21:15,031 - INFO - 2赢了
2025-11-29 18:21:15,031 - INFO - 第3473局
2025-11-29 18:21:16,448 - INFO - 2赢了
2025-11-29 18:21:16,448 - INFO - 第3474局
2025-11-29 18:21:17,354 - INFO - 2赢了
2025-11-29 18:21:17,354 - INFO - 第3475局
2025-11-29 18:21:18,896 - INFO - 2赢了
2025-11-29 18:21:18,896 - INFO - 第3476局
2025-11-29 18:21:20,071 - INFO - 2赢了
2025-11-29 18:21:20,071 - INFO - 第3477局
2025-11-29 18:21:21,419 - INFO - 1赢了
2025-11-29 18:21:21,419 - INFO - 第3478局
2025-11-29 18:21:24,409 - INFO - 2赢了
2025-11-29 18:21:24,409 - INFO - 第3479局
2025-11-29 18:21:26,322 - INFO - 2赢了
2025-11-29 18:21:26,322 - INFO - 第3480局
2025-11-29 18:21:27,922 - INFO - 2赢了
2025-11-29 18:21:27,934 - INFO - Epoch: 0, Loss: 1.9609, Policy: 1.9440, Value: 0.0423
2025-11-29 18:21:28,542 - INFO - Epoch: 100, Loss: 1.8577, Policy: 1.8468, Value: 0.0273
2025-11-29 18:21:29,061 - INFO - Epoch: 200, Loss: 1.8321, Policy: 1.8168, Value: 0.0382
2025-11-29 18:21:29,574 - INFO - Epoch: 300, Loss: 1.9820, Policy: 1.9695, Value: 0.0314
2025-11-29 18:21:30,084 - INFO - Epoch: 400, Loss: 1.7259, Policy: 1.7154, Value: 0.0264
2025-11-29 18:21:30,610 - INFO - Epoch: 500, Loss: 1.8369, Policy: 1.8210, Value: 0.0398
2025-11-29 18:21:31,132 - INFO - Epoch: 600, Loss: 1.8917, Policy: 1.8751, Value: 0.0415
2025-11-29 18:21:31,642 - INFO - Epoch: 700, Loss: 1.9744, Policy: 1.9590, Value: 0.0383
2025-11-29 18:21:32,152 - INFO - Epoch: 800, Loss: 1.7896, Policy: 1.7634, Value: 0.0655
2025-11-29 18:21:32,675 - INFO - Epoch: 900, Loss: 1.8117, Policy: 1.7981, Value: 0.0340
2025-11-29 18:21:33,189 - INFO - Epoch: 1000, Loss: 1.8525, Policy: 1.8376, Value: 0.0373
2025-11-29 18:21:33,192 - INFO - 训练结束，最新模型已保存到 model.pth
2025-11-29 18:21:33,193 - INFO - 第3481局
2025-11-29 18:21:35,250 - INFO - 1赢了
2025-11-29 18:21:35,250 - INFO - 第3482局
2025-11-29 18:21:36,732 - INFO - 2赢了
2025-11-29 18:21:36,732 - INFO - 第3483局
2025-11-29 18:21:38,455 - INFO - 2赢了
2025-11-29 18:21:38,455 - INFO - 第3484局
2025-11-29 18:21:41,211 - INFO - 1赢了
2025-11-29 18:21:41,212 - INFO - 第3485局
2025-11-29 18:21:42,576 - INFO - 1赢了
2025-11-29 18:21:42,576 - INFO - 第3486局
2025-11-29 18:21:43,507 - INFO - 2赢了
2025-11-29 18:21:43,507 - INFO - 第3487局
2025-11-29 18:21:45,359 - INFO - 1赢了
2025-11-29 18:21:45,359 - INFO - 第3488局
2025-11-29 18:21:46,800 - INFO - 1赢了
2025-11-29 18:21:46,800 - INFO - 第3489局
2025-11-29 18:21:48,399 - INFO - 2赢了
2025-11-29 18:21:48,399 - INFO - 第3490局
2025-11-29 18:21:51,603 - INFO - 2赢了
2025-11-29 18:21:51,616 - INFO - Epoch: 0, Loss: 1.8733, Policy: 1.8588, Value: 0.0363
2025-11-29 18:21:52,190 - INFO - Epoch: 100, Loss: 1.9268, Policy: 1.9134, Value: 0.0336
2025-11-29 18:21:52,695 - INFO - Epoch: 200, Loss: 1.8451, Policy: 1.8289, Value: 0.0404
2025-11-29 18:21:53,197 - INFO - Epoch: 300, Loss: 1.8662, Policy: 1.8485, Value: 0.0443
2025-11-29 18:21:53,721 - INFO - Epoch: 400, Loss: 1.7822, Policy: 1.7663, Value: 0.0397
2025-11-29 18:21:54,219 - INFO - Epoch: 500, Loss: 1.9786, Policy: 1.9646, Value: 0.0350
2025-11-29 18:21:54,725 - INFO - Epoch: 600, Loss: 1.9488, Policy: 1.9317, Value: 0.0430
2025-11-29 18:21:55,228 - INFO - Epoch: 700, Loss: 1.7658, Policy: 1.7538, Value: 0.0298
2025-11-29 18:21:55,740 - INFO - Epoch: 800, Loss: 1.7719, Policy: 1.7593, Value: 0.0315
2025-11-29 18:21:56,267 - INFO - Epoch: 900, Loss: 1.8774, Policy: 1.8619, Value: 0.0388
2025-11-29 18:21:56,785 - INFO - Epoch: 1000, Loss: 1.9379, Policy: 1.9225, Value: 0.0385
2025-11-29 18:21:56,789 - INFO - 训练结束，最新模型已保存到 model.pth
2025-11-29 18:21:56,790 - INFO - 第3491局
2025-11-29 18:21:58,803 - INFO - 2赢了
2025-11-29 18:21:58,803 - INFO - 第3492局
2025-11-29 18:22:01,183 - INFO - 2赢了
2025-11-29 18:22:01,183 - INFO - 第3493局
2025-11-29 18:22:02,259 - INFO - 2赢了
2025-11-29 18:22:02,259 - INFO - 第3494局
2025-11-29 18:22:03,791 - INFO - 2赢了
2025-11-29 18:22:03,791 - INFO - 第3495局
2025-11-29 18:22:05,960 - INFO - 1赢了
2025-11-29 18:22:05,960 - INFO - 第3496局
2025-11-29 18:22:07,787 - INFO - 1赢了
2025-11-29 18:22:07,787 - INFO - 第3497局
2025-11-29 18:22:09,039 - INFO - 1赢了
2025-11-29 18:22:09,040 - INFO - 第3498局
2025-11-29 18:22:10,220 - INFO - 2赢了
2025-11-29 18:22:10,220 - INFO - 第3499局
2025-11-29 18:22:11,283 - INFO - 2赢了
2025-11-29 18:22:11,283 - INFO - 第3500局
2025-11-29 18:22:12,902 - INFO - 1赢了
2025-11-29 18:22:12,916 - INFO - Epoch: 0, Loss: 1.9271, Policy: 1.9135, Value: 0.0341
2025-11-29 18:22:15,216 - INFO - Epoch: 100, Loss: 1.8925, Policy: 1.8815, Value: 0.0274
2025-11-29 18:22:15,738 - INFO - Epoch: 200, Loss: 1.8213, Policy: 1.8090, Value: 0.0307
2025-11-29 18:22:16,270 - INFO - Epoch: 300, Loss: 1.6768, Policy: 1.6613, Value: 0.0389
2025-11-29 18:22:16,793 - INFO - Epoch: 400, Loss: 1.9519, Policy: 1.9311, Value: 0.0520
2025-11-29 18:22:17,346 - INFO - Epoch: 500, Loss: 1.7830, Policy: 1.7705, Value: 0.0312
2025-11-29 18:22:17,904 - INFO - Epoch: 600, Loss: 1.8880, Policy: 1.8693, Value: 0.0469
2025-11-29 18:22:18,465 - INFO - Epoch: 700, Loss: 2.0853, Policy: 2.0690, Value: 0.0407
2025-11-29 18:22:19,034 - INFO - Epoch: 800, Loss: 1.8834, Policy: 1.8713, Value: 0.0303
2025-11-29 18:22:19,612 - INFO - Epoch: 900, Loss: 1.7448, Policy: 1.7343, Value: 0.0262
2025-11-29 18:22:20,205 - INFO - Epoch: 1000, Loss: 1.9527, Policy: 1.9404, Value: 0.0308
2025-11-29 18:22:20,210 - INFO - 训练结束，最新模型已保存到 model.pth
2025-11-29 18:22:20,211 - INFO - 第3501局
2025-11-29 18:22:21,428 - INFO - 1赢了
2025-11-29 18:22:21,428 - INFO - 第3502局
2025-11-29 18:22:22,507 - INFO - 2赢了
2025-11-29 18:22:22,507 - INFO - 第3503局
2025-11-29 18:22:25,639 - INFO - 2赢了
2025-11-29 18:22:25,639 - INFO - 第3504局
2025-11-29 18:22:28,538 - INFO - 2赢了
2025-11-29 18:22:28,538 - INFO - 第3505局
2025-11-29 18:22:30,651 - INFO - 2赢了
2025-11-29 18:22:30,651 - INFO - 第3506局
2025-11-29 18:22:32,764 - INFO - 1赢了
2025-11-29 18:22:32,764 - INFO - 第3507局
2025-11-29 18:22:36,384 - INFO - 2赢了
2025-11-29 18:22:36,384 - INFO - 第3508局
2025-11-29 18:22:39,412 - INFO - 2赢了
2025-11-29 18:22:39,413 - INFO - 第3509局
2025-11-29 18:22:40,882 - INFO - 1赢了
2025-11-29 18:22:40,882 - INFO - 第3510局
2025-11-29 18:22:42,152 - INFO - 2赢了
2025-11-29 18:22:42,171 - INFO - Epoch: 0, Loss: 1.8182, Policy: 1.8041, Value: 0.0353
2025-11-29 18:22:42,748 - INFO - Epoch: 100, Loss: 1.7706, Policy: 1.7568, Value: 0.0346
2025-11-29 18:22:43,266 - INFO - Epoch: 200, Loss: 1.9746, Policy: 1.9623, Value: 0.0307
2025-11-29 18:22:43,778 - INFO - Epoch: 300, Loss: 1.9998, Policy: 1.9857, Value: 0.0354
2025-11-29 18:22:44,286 - INFO - Epoch: 400, Loss: 1.7726, Policy: 1.7582, Value: 0.0358
2025-11-29 18:22:44,798 - INFO - Epoch: 500, Loss: 1.9030, Policy: 1.8862, Value: 0.0420
2025-11-29 18:22:45,313 - INFO - Epoch: 600, Loss: 1.8345, Policy: 1.8231, Value: 0.0284
2025-11-29 18:22:45,819 - INFO - Epoch: 700, Loss: 1.7590, Policy: 1.7452, Value: 0.0345
2025-11-29 18:22:46,331 - INFO - Epoch: 800, Loss: 1.9014, Policy: 1.8876, Value: 0.0345
2025-11-29 18:22:46,853 - INFO - Epoch: 900, Loss: 1.8651, Policy: 1.8508, Value: 0.0358
2025-11-29 18:22:48,941 - INFO - Epoch: 1000, Loss: 1.8505, Policy: 1.8330, Value: 0.0438
2025-11-29 18:22:48,944 - INFO - 训练结束，最新模型已保存到 model.pth
2025-11-29 18:22:48,945 - INFO - 第3511局
2025-11-29 18:22:50,458 - INFO - 2赢了
2025-11-29 18:22:50,458 - INFO - 第3512局
2025-11-29 18:22:52,757 - INFO - 1赢了
2025-11-29 18:22:52,757 - INFO - 第3513局
2025-11-29 18:22:57,603 - INFO - 1赢了
2025-11-29 18:22:57,603 - INFO - 第3514局
2025-11-29 18:22:58,933 - INFO - 1赢了
2025-11-29 18:22:58,933 - INFO - 第3515局
2025-11-29 18:23:01,505 - INFO - 2赢了
2025-11-29 18:23:01,505 - INFO - 第3516局
2025-11-29 18:23:02,556 - INFO - 2赢了
2025-11-29 18:23:02,556 - INFO - 第3517局
2025-11-29 18:23:03,735 - INFO - 2赢了
2025-11-29 18:23:03,735 - INFO - 第3518局
2025-11-29 18:23:06,119 - INFO - 2赢了
2025-11-29 18:23:06,119 - INFO - 第3519局
2025-11-29 18:23:07,320 - INFO - 2赢了
2025-11-29 18:23:07,320 - INFO - 第3520局
2025-11-29 18:23:08,436 - INFO - 2赢了
2025-11-29 18:23:08,451 - INFO - Epoch: 0, Loss: 1.9865, Policy: 1.9724, Value: 0.0352
2025-11-29 18:23:09,052 - INFO - Epoch: 100, Loss: 1.9995, Policy: 1.9864, Value: 0.0328
2025-11-29 18:23:09,616 - INFO - Epoch: 200, Loss: 1.8624, Policy: 1.8448, Value: 0.0440
2025-11-29 18:23:10,181 - INFO - Epoch: 300, Loss: 1.7974, Policy: 1.7801, Value: 0.0434
2025-11-29 18:23:10,727 - INFO - Epoch: 400, Loss: 1.7351, Policy: 1.7210, Value: 0.0355
2025-11-29 18:23:11,265 - INFO - Epoch: 500, Loss: 1.8230, Policy: 1.8099, Value: 0.0328
2025-11-29 18:23:11,824 - INFO - Epoch: 600, Loss: 1.8499, Policy: 1.8347, Value: 0.0381
2025-11-29 18:23:12,391 - INFO - Epoch: 700, Loss: 1.9414, Policy: 1.9308, Value: 0.0265
2025-11-29 18:23:12,961 - INFO - Epoch: 800, Loss: 1.7957, Policy: 1.7878, Value: 0.0197
2025-11-29 18:23:13,511 - INFO - Epoch: 900, Loss: 1.9233, Policy: 1.9102, Value: 0.0327
2025-11-29 18:23:14,043 - INFO - Epoch: 1000, Loss: 1.8183, Policy: 1.8006, Value: 0.0443
2025-11-29 18:23:14,046 - INFO - 训练结束，最新模型已保存到 model.pth
2025-11-29 18:23:14,047 - INFO - 第3521局
2025-11-29 18:23:17,093 - INFO - 2赢了
2025-11-29 18:23:17,093 - INFO - 第3522局
2025-11-29 18:23:18,313 - INFO - 2赢了
2025-11-29 18:23:18,313 - INFO - 第3523局
2025-11-29 18:23:20,098 - INFO - 2赢了
2025-11-29 18:23:20,099 - INFO - 第3524局
2025-11-29 18:23:22,836 - INFO - 1赢了
2025-11-29 18:23:22,836 - INFO - 第3525局
2025-11-29 18:23:24,061 - INFO - 2赢了
2025-11-29 18:23:24,061 - INFO - 第3526局
2025-11-29 18:23:25,264 - INFO - 1赢了
2025-11-29 18:23:25,264 - INFO - 第3527局
2025-11-29 18:23:27,137 - INFO - 2赢了
2025-11-29 18:23:27,137 - INFO - 第3528局
2025-11-29 18:23:28,732 - INFO - 2赢了
2025-11-29 18:23:28,732 - INFO - 第3529局
2025-11-29 18:23:29,836 - INFO - 2赢了
2025-11-29 18:23:29,836 - INFO - 第3530局
2025-11-29 18:23:31,320 - INFO - 1赢了
2025-11-29 18:23:31,340 - INFO - Epoch: 0, Loss: 1.8596, Policy: 1.8480, Value: 0.0290
2025-11-29 18:23:31,960 - INFO - Epoch: 100, Loss: 1.7692, Policy: 1.7571, Value: 0.0302
2025-11-29 18:23:32,478 - INFO - Epoch: 200, Loss: 1.9105, Policy: 1.8981, Value: 0.0311
2025-11-29 18:23:33,022 - INFO - Epoch: 300, Loss: 1.8063, Policy: 1.7900, Value: 0.0407
2025-11-29 18:23:33,567 - INFO - Epoch: 400, Loss: 1.9611, Policy: 1.9459, Value: 0.0379
2025-11-29 18:23:34,076 - INFO - Epoch: 500, Loss: 1.9351, Policy: 1.9196, Value: 0.0388
2025-11-29 18:23:34,574 - INFO - Epoch: 600, Loss: 1.8439, Policy: 1.8303, Value: 0.0339
2025-11-29 18:23:35,083 - INFO - Epoch: 700, Loss: 1.8210, Policy: 1.8081, Value: 0.0321
2025-11-29 18:23:35,584 - INFO - Epoch: 800, Loss: 1.8755, Policy: 1.8585, Value: 0.0426
2025-11-29 18:23:36,091 - INFO - Epoch: 900, Loss: 1.7884, Policy: 1.7743, Value: 0.0351
2025-11-29 18:23:36,588 - INFO - Epoch: 1000, Loss: 1.8336, Policy: 1.8163, Value: 0.0434
2025-11-29 18:23:36,592 - INFO - 训练结束，最新模型已保存到 model.pth
2025-11-29 18:23:36,593 - INFO - 第3531局
2025-11-29 18:23:37,991 - INFO - 2赢了
2025-11-29 18:23:37,991 - INFO - 第3532局
2025-11-29 18:23:39,161 - INFO - 2赢了
2025-11-29 18:23:39,161 - INFO - 第3533局
2025-11-29 18:23:41,073 - INFO - 2赢了
2025-11-29 18:23:41,073 - INFO - 第3534局
2025-11-29 18:23:43,378 - INFO - 2赢了
2025-11-29 18:23:43,378 - INFO - 第3535局
2025-11-29 18:23:45,244 - INFO - 2赢了
2025-11-29 18:23:45,244 - INFO - 第3536局
2025-11-29 18:23:46,838 - INFO - 2赢了
2025-11-29 18:23:46,838 - INFO - 第3537局
2025-11-29 18:23:47,932 - INFO - 2赢了
2025-11-29 18:23:47,932 - INFO - 第3538局
2025-11-29 18:23:50,274 - INFO - 2赢了
2025-11-29 18:23:50,274 - INFO - 第3539局
2025-11-29 18:23:52,890 - INFO - 2赢了
2025-11-29 18:23:52,890 - INFO - 第3540局
2025-11-29 18:23:57,056 - INFO - 2赢了
2025-11-29 18:23:57,080 - INFO - Epoch: 0, Loss: 1.8690, Policy: 1.8512, Value: 0.0443
2025-11-29 18:23:57,673 - INFO - Epoch: 100, Loss: 1.9151, Policy: 1.9024, Value: 0.0318
2025-11-29 18:23:58,167 - INFO - Epoch: 200, Loss: 1.9301, Policy: 1.9182, Value: 0.0297
2025-11-29 18:23:58,665 - INFO - Epoch: 300, Loss: 1.8737, Policy: 1.8608, Value: 0.0321
2025-11-29 18:23:59,173 - INFO - Epoch: 400, Loss: 2.0546, Policy: 2.0215, Value: 0.0828
2025-11-29 18:23:59,681 - INFO - Epoch: 500, Loss: 1.7308, Policy: 1.7192, Value: 0.0290
2025-11-29 18:24:00,178 - INFO - Epoch: 600, Loss: 1.8619, Policy: 1.8493, Value: 0.0317
2025-11-29 18:24:00,683 - INFO - Epoch: 700, Loss: 1.9005, Policy: 1.8846, Value: 0.0399
2025-11-29 18:24:01,196 - INFO - Epoch: 800, Loss: 2.0422, Policy: 2.0294, Value: 0.0319
2025-11-29 18:24:01,703 - INFO - Epoch: 900, Loss: 1.8974, Policy: 1.8803, Value: 0.0426
2025-11-29 18:24:02,205 - INFO - Epoch: 1000, Loss: 1.7561, Policy: 1.7322, Value: 0.0597
2025-11-29 18:24:02,209 - INFO - 训练结束，最新模型已保存到 model.pth
2025-11-29 18:24:02,209 - INFO - 第3541局
2025-11-29 18:24:03,566 - INFO - 2赢了
2025-11-29 18:24:03,566 - INFO - 第3542局
2025-11-29 18:24:04,656 - INFO - 2赢了
2025-11-29 18:24:04,657 - INFO - 第3543局
2025-11-29 18:24:07,561 - INFO - 1赢了
2025-11-29 18:24:07,561 - INFO - 第3544局
2025-11-29 18:24:09,452 - INFO - 1赢了
2025-11-29 18:24:09,452 - INFO - 第3545局
2025-11-29 18:24:11,119 - INFO - 2赢了
2025-11-29 18:24:11,119 - INFO - 第3546局
2025-11-29 18:24:14,388 - INFO - 1赢了
2025-11-29 18:24:14,388 - INFO - 第3547局
2025-11-29 18:24:19,381 - INFO - 2赢了
2025-11-29 18:24:19,381 - INFO - 第3548局
2025-11-29 18:24:22,059 - INFO - 2赢了
2025-11-29 18:24:22,059 - INFO - 第3549局
2025-11-29 18:24:23,723 - INFO - 1赢了
2025-11-29 18:24:23,723 - INFO - 第3550局
2025-11-29 18:24:25,914 - INFO - 2赢了
2025-11-29 18:24:25,929 - INFO - Epoch: 0, Loss: 1.8466, Policy: 1.8196, Value: 0.0675
2025-11-29 18:24:26,543 - INFO - Epoch: 100, Loss: 1.9360, Policy: 1.9212, Value: 0.0369
2025-11-29 18:24:27,063 - INFO - Epoch: 200, Loss: 1.9123, Policy: 1.8945, Value: 0.0445
2025-11-29 18:24:27,559 - INFO - Epoch: 300, Loss: 1.9082, Policy: 1.8882, Value: 0.0498
2025-11-29 18:24:28,078 - INFO - Epoch: 400, Loss: 1.9247, Policy: 1.9125, Value: 0.0305
2025-11-29 18:24:28,587 - INFO - Epoch: 500, Loss: 1.9663, Policy: 1.9490, Value: 0.0433
2025-11-29 18:24:30,695 - INFO - Epoch: 600, Loss: 2.0065, Policy: 1.9906, Value: 0.0399
2025-11-29 18:24:31,225 - INFO - Epoch: 700, Loss: 1.9530, Policy: 1.9379, Value: 0.0378
2025-11-29 18:24:31,753 - INFO - Epoch: 800, Loss: 1.7421, Policy: 1.7294, Value: 0.0318
2025-11-29 18:24:32,318 - INFO - Epoch: 900, Loss: 1.7907, Policy: 1.7799, Value: 0.0270
2025-11-29 18:24:32,835 - INFO - Epoch: 1000, Loss: 1.9998, Policy: 1.9912, Value: 0.0215
2025-11-29 18:24:32,839 - INFO - 训练结束，最新模型已保存到 model.pth
2025-11-29 18:24:32,840 - INFO - 第3551局
2025-11-29 18:24:33,964 - INFO - 1赢了
2025-11-29 18:24:33,964 - INFO - 第3552局
2025-11-29 18:24:36,700 - INFO - 1赢了
2025-11-29 18:24:36,700 - INFO - 第3553局
2025-11-29 18:24:38,117 - INFO - 2赢了
2025-11-29 18:24:38,117 - INFO - 第3554局
2025-11-29 18:24:39,206 - INFO - 2赢了
2025-11-29 18:24:39,206 - INFO - 第3555局
2025-11-29 18:24:40,216 - INFO - 2赢了
2025-11-29 18:24:40,216 - INFO - 第3556局
2025-11-29 18:24:41,058 - INFO - 2赢了
2025-11-29 18:24:41,058 - INFO - 第3557局
2025-11-29 18:24:42,189 - INFO - 1赢了
2025-11-29 18:24:42,189 - INFO - 第3558局
2025-11-29 18:24:43,790 - INFO - 2赢了
2025-11-29 18:24:43,790 - INFO - 第3559局
2025-11-29 18:24:45,508 - INFO - 2赢了
2025-11-29 18:24:45,508 - INFO - 第3560局
2025-11-29 18:24:47,517 - INFO - 1赢了
2025-11-29 18:24:47,533 - INFO - Epoch: 0, Loss: 1.6911, Policy: 1.6749, Value: 0.0405
2025-11-29 18:24:48,155 - INFO - Epoch: 100, Loss: 1.7957, Policy: 1.7834, Value: 0.0308
2025-11-29 18:24:48,673 - INFO - Epoch: 200, Loss: 1.7307, Policy: 1.7190, Value: 0.0292
2025-11-29 18:24:49,201 - INFO - Epoch: 300, Loss: 1.8063, Policy: 1.7917, Value: 0.0364
2025-11-29 18:24:49,734 - INFO - Epoch: 400, Loss: 1.9560, Policy: 1.9375, Value: 0.0462
2025-11-29 18:24:50,265 - INFO - Epoch: 500, Loss: 1.9640, Policy: 1.9488, Value: 0.0379
2025-11-29 18:24:50,803 - INFO - Epoch: 600, Loss: 1.7357, Policy: 1.7262, Value: 0.0236
2025-11-29 18:24:51,380 - INFO - Epoch: 700, Loss: 1.7986, Policy: 1.7843, Value: 0.0357
2025-11-29 18:24:51,925 - INFO - Epoch: 800, Loss: 1.9647, Policy: 1.9495, Value: 0.0380
2025-11-29 18:24:52,443 - INFO - Epoch: 900, Loss: 1.9136, Policy: 1.8965, Value: 0.0429
2025-11-29 18:24:52,979 - INFO - Epoch: 1000, Loss: 1.8490, Policy: 1.8391, Value: 0.0249
2025-11-29 18:24:52,983 - INFO - 训练结束，最新模型已保存到 model.pth
2025-11-29 18:24:52,984 - INFO - 第3561局
2025-11-29 18:24:53,854 - INFO - 2赢了
2025-11-29 18:24:53,854 - INFO - 第3562局
2025-11-29 18:24:55,747 - INFO - 2赢了
2025-11-29 18:24:55,747 - INFO - 第3563局
2025-11-29 18:24:57,227 - INFO - 2赢了
2025-11-29 18:24:57,228 - INFO - 第3564局
2025-11-29 18:24:59,593 - INFO - 1赢了
2025-11-29 18:24:59,593 - INFO - 第3565局
2025-11-29 18:25:00,470 - INFO - 2赢了
2025-11-29 18:25:00,470 - INFO - 第3566局
2025-11-29 18:25:04,857 - INFO - 1赢了
2025-11-29 18:25:04,857 - INFO - 第3567局
2025-11-29 18:25:11,377 - INFO - 1赢了
2025-11-29 18:25:11,377 - INFO - 第3568局
2025-11-29 18:25:12,631 - INFO - 2赢了
2025-11-29 18:25:12,631 - INFO - 第3569局
2025-11-29 18:25:13,837 - INFO - 2赢了
2025-11-29 18:25:13,837 - INFO - 第3570局
2025-11-29 18:25:15,521 - INFO - 2赢了
2025-11-29 18:25:15,540 - INFO - Epoch: 0, Loss: 1.7747, Policy: 1.7467, Value: 0.0701
2025-11-29 18:25:16,138 - INFO - Epoch: 100, Loss: 1.9054, Policy: 1.8929, Value: 0.0311
2025-11-29 18:25:16,652 - INFO - Epoch: 200, Loss: 1.9771, Policy: 1.9617, Value: 0.0385
2025-11-29 18:25:17,152 - INFO - Epoch: 300, Loss: 1.8223, Policy: 1.8064, Value: 0.0395
2025-11-29 18:25:17,663 - INFO - Epoch: 400, Loss: 1.9158, Policy: 1.9004, Value: 0.0385
2025-11-29 18:25:18,178 - INFO - Epoch: 500, Loss: 1.8877, Policy: 1.8731, Value: 0.0366
2025-11-29 18:25:18,684 - INFO - Epoch: 600, Loss: 1.9716, Policy: 1.9590, Value: 0.0313
2025-11-29 18:25:19,178 - INFO - Epoch: 700, Loss: 1.9874, Policy: 1.9680, Value: 0.0484
2025-11-29 18:25:19,681 - INFO - Epoch: 800, Loss: 1.8091, Policy: 1.7943, Value: 0.0370
2025-11-29 18:25:20,187 - INFO - Epoch: 900, Loss: 1.7166, Policy: 1.7053, Value: 0.0283
2025-11-29 18:25:20,688 - INFO - Epoch: 1000, Loss: 1.9219, Policy: 1.9053, Value: 0.0415
2025-11-29 18:25:20,691 - INFO - 训练结束，最新模型已保存到 model.pth
2025-11-29 18:25:20,692 - INFO - 第3571局
2025-11-29 18:25:22,209 - INFO - 2赢了
2025-11-29 18:25:22,209 - INFO - 第3572局
2025-11-29 18:25:26,272 - INFO - 1赢了
2025-11-29 18:25:26,272 - INFO - 第3573局
2025-11-29 18:25:28,464 - INFO - 1赢了
2025-11-29 18:25:28,464 - INFO - 第3574局
2025-11-29 18:25:31,902 - INFO - 2赢了
2025-11-29 18:25:31,902 - INFO - 第3575局
2025-11-29 18:25:32,811 - INFO - 2赢了
2025-11-29 18:25:32,811 - INFO - 第3576局
2025-11-29 18:25:34,552 - INFO - 2赢了
2025-11-29 18:25:34,552 - INFO - 第3577局
2025-11-29 18:25:39,639 - INFO - 2赢了
2025-11-29 18:25:39,640 - INFO - 第3578局
2025-11-29 18:25:40,714 - INFO - 2赢了
2025-11-29 18:25:40,714 - INFO - 第3579局
2025-11-29 18:25:42,516 - INFO - 2赢了
2025-11-29 18:25:42,516 - INFO - 第3580局
2025-11-29 18:25:44,093 - INFO - 2赢了
2025-11-29 18:25:44,111 - INFO - Epoch: 0, Loss: 1.8883, Policy: 1.8706, Value: 0.0442
2025-11-29 18:25:44,705 - INFO - Epoch: 100, Loss: 1.6928, Policy: 1.6827, Value: 0.0254
2025-11-29 18:25:45,209 - INFO - Epoch: 200, Loss: 1.7085, Policy: 1.7002, Value: 0.0207
2025-11-29 18:25:45,705 - INFO - Epoch: 300, Loss: 1.8375, Policy: 1.8239, Value: 0.0340
2025-11-29 18:25:46,217 - INFO - Epoch: 400, Loss: 1.8560, Policy: 1.8376, Value: 0.0459
2025-11-29 18:25:46,722 - INFO - Epoch: 500, Loss: 1.9286, Policy: 1.9132, Value: 0.0385
2025-11-29 18:25:47,219 - INFO - Epoch: 600, Loss: 1.9257, Policy: 1.9134, Value: 0.0306
2025-11-29 18:25:47,720 - INFO - Epoch: 700, Loss: 1.8263, Policy: 1.8134, Value: 0.0324
2025-11-29 18:25:48,219 - INFO - Epoch: 800, Loss: 1.9229, Policy: 1.9065, Value: 0.0412
2025-11-29 18:25:48,726 - INFO - Epoch: 900, Loss: 1.8044, Policy: 1.7951, Value: 0.0234
2025-11-29 18:25:49,219 - INFO - Epoch: 1000, Loss: 1.8341, Policy: 1.8222, Value: 0.0298
2025-11-29 18:25:49,223 - INFO - 训练结束，最新模型已保存到 model.pth
2025-11-29 18:25:49,223 - INFO - 第3581局
2025-11-29 18:25:51,233 - INFO - 2赢了
2025-11-29 18:25:51,233 - INFO - 第3582局
2025-11-29 18:25:53,316 - INFO - 2赢了
2025-11-29 18:25:53,316 - INFO - 第3583局
2025-11-29 18:25:55,493 - INFO - 2赢了
2025-11-29 18:25:55,493 - INFO - 第3584局
2025-11-29 18:25:56,927 - INFO - 1赢了
2025-11-29 18:25:56,927 - INFO - 第3585局
2025-11-29 18:25:58,280 - INFO - 1赢了
2025-11-29 18:25:58,280 - INFO - 第3586局
2025-11-29 18:26:01,649 - INFO - 2赢了
2025-11-29 18:26:01,650 - INFO - 第3587局
2025-11-29 18:26:04,749 - INFO - 2赢了
2025-11-29 18:26:04,749 - INFO - 第3588局
2025-11-29 18:26:05,640 - INFO - 2赢了
2025-11-29 18:26:05,640 - INFO - 第3589局
2025-11-29 18:26:07,262 - INFO - 2赢了
2025-11-29 18:26:07,262 - INFO - 第3590局
2025-11-29 18:26:09,645 - INFO - 2赢了
2025-11-29 18:26:09,661 - INFO - Epoch: 0, Loss: 1.9365, Policy: 1.9209, Value: 0.0389
2025-11-29 18:26:10,269 - INFO - Epoch: 100, Loss: 1.9032, Policy: 1.8889, Value: 0.0358
2025-11-29 18:26:12,385 - INFO - Epoch: 200, Loss: 1.8549, Policy: 1.8390, Value: 0.0398
2025-11-29 18:26:12,922 - INFO - Epoch: 300, Loss: 1.9300, Policy: 1.9098, Value: 0.0504
2025-11-29 18:26:13,505 - INFO - Epoch: 400, Loss: 1.8449, Policy: 1.8330, Value: 0.0297
2025-11-29 18:26:14,061 - INFO - Epoch: 500, Loss: 1.9655, Policy: 1.9519, Value: 0.0342
2025-11-29 18:26:14,597 - INFO - Epoch: 600, Loss: 1.8810, Policy: 1.8623, Value: 0.0469
2025-11-29 18:26:15,155 - INFO - Epoch: 700, Loss: 1.8057, Policy: 1.7908, Value: 0.0374
2025-11-29 18:26:15,658 - INFO - Epoch: 800, Loss: 1.8164, Policy: 1.7984, Value: 0.0448
2025-11-29 18:26:16,191 - INFO - Epoch: 900, Loss: 1.8973, Policy: 1.8844, Value: 0.0324
2025-11-29 18:26:16,728 - INFO - Epoch: 1000, Loss: 1.8561, Policy: 1.8418, Value: 0.0357
2025-11-29 18:26:16,731 - INFO - 训练结束，最新模型已保存到 model.pth
2025-11-29 18:26:16,732 - INFO - 第3591局
2025-11-29 18:26:19,115 - INFO - 2赢了
2025-11-29 18:26:19,115 - INFO - 第3592局
2025-11-29 18:26:23,991 - INFO - 2赢了
2025-11-29 18:26:23,991 - INFO - 第3593局
2025-11-29 18:26:29,743 - INFO - 2赢了
2025-11-29 18:26:29,743 - INFO - 第3594局
2025-11-29 18:26:31,294 - INFO - 2赢了
2025-11-29 18:26:31,294 - INFO - 第3595局
2025-11-29 18:26:33,144 - INFO - 2赢了
2025-11-29 18:26:33,145 - INFO - 第3596局
2025-11-29 18:26:35,310 - INFO - 1赢了
2025-11-29 18:26:35,311 - INFO - 第3597局
2025-11-29 18:26:37,397 - INFO - 2赢了
2025-11-29 18:26:37,397 - INFO - 第3598局
2025-11-29 18:26:39,138 - INFO - 2赢了
2025-11-29 18:26:39,138 - INFO - 第3599局
2025-11-29 18:26:40,236 - INFO - 2赢了
2025-11-29 18:26:40,236 - INFO - 第3600局
2025-11-29 18:26:42,519 - INFO - 2赢了
2025-11-29 18:26:42,533 - INFO - Epoch: 0, Loss: 1.8927, Policy: 1.8765, Value: 0.0404
2025-11-29 18:26:43,152 - INFO - Epoch: 100, Loss: 1.8200, Policy: 1.8053, Value: 0.0368
2025-11-29 18:26:43,653 - INFO - Epoch: 200, Loss: 1.7997, Policy: 1.7806, Value: 0.0477
2025-11-29 18:26:44,158 - INFO - Epoch: 300, Loss: 1.8783, Policy: 1.8588, Value: 0.0489
2025-11-29 18:26:44,652 - INFO - Epoch: 400, Loss: 1.9290, Policy: 1.9167, Value: 0.0308
2025-11-29 18:26:46,751 - INFO - Epoch: 500, Loss: 1.8186, Policy: 1.8012, Value: 0.0436
2025-11-29 18:26:47,246 - INFO - Epoch: 600, Loss: 1.9143, Policy: 1.8934, Value: 0.0521
2025-11-29 18:26:47,742 - INFO - Epoch: 700, Loss: 1.9857, Policy: 1.9734, Value: 0.0308
2025-11-29 18:26:48,245 - INFO - Epoch: 800, Loss: 1.8699, Policy: 1.8524, Value: 0.0437
2025-11-29 18:26:48,771 - INFO - Epoch: 900, Loss: 1.8313, Policy: 1.8217, Value: 0.0240
2025-11-29 18:26:49,277 - INFO - Epoch: 1000, Loss: 1.8877, Policy: 1.8689, Value: 0.0468
2025-11-29 18:26:49,281 - INFO - 训练结束，最新模型已保存到 model.pth
2025-11-29 18:26:49,284 - INFO - 保存模型快照: /home/ktfine/IAteamwork/AlphaZero_Five/models/model_game_3600.pth
2025-11-29 18:26:49,284 - INFO - 缓存区数据量: 32952
